21
-1,17
3245,16
-1,15
-1,16
-1,16
-1,16
-1,15
-1,15
-1,15
-1,15
-1,16
-1,17
-1,15
-1,15
-1,15
4819,15
9493,18
5554,15
7387,15
599,17
-1,14
-1,15
5514,17
-1,15
-1,16
-1,16
6124,17
4979,15
7825,16
-1,16
-1,15
6384,17
-1,16
-1,14
-1,14
1265,15
-1,14
5898,16
-1,15
-1,15
-1,16
-1,16
3492,15
7348,17
-1,15
2200,16
-1,16
-1,17
-1,16
-1,16
7536,15
9970,15
-1,15
4617,17
-1,14
2570,16
-1,15
1556,15
-1,15
-1,15
1388,16
9609,14
4033,17
2277,15
7503,15
9459,15
-1,16
-1,16
1625,15
-1,16
1547,16
-1,15
-1,16
-1,14
5238,15
6668,15
-1,15
-1,15
8764,16
-1,16
-1,16
8478,17
-1,15
4319,17
-1,14
7744,16
806,15
-1,16
4616,17
4177,15
-1,16
-1,15
8167,18
9492,16
5400,15
2183,16
1989,16
-1,14
3691,17
-1,15
7107,16
29,14
1294,17
-1,15
3060,16
-1,15
-1,16
-1,15
-1,16
5587,16
-1,15
1896,15
1239,15
311,16
-1,14
-1,16
9597,15
-1,15
-1,15
-1,14
4184,17
8102,14
-1,16
-1,15
4955,15
4386,17
-1,15
-1,16
-1,16
2215,16
-1,15
212,16
-1,15
6571,16
-1,15
4959,18
-1,16
8009,16
5781,16
1655,15
-1,17
-1,16
-1,14
3064,15
-1,15
-1,16
3345,16
1046,16
-1,16
-1,15
-1,16
6095,16
5250,16
-1,15
-1,15
5600,19
994,16
-1,15
-1,16
5963,16
-1,15
7566,16
4107,15
4863,16
40,15
1812,15
5301,15
376,17
1716,16
2502,16
4942,17
7379,19
-1,17
-1,16
-1,16
-1,16
-1,14
-1,16
8856,14
8847,16
-1,15
6363,16
6803,15
-1,15
-1,15
4669,16
7869,20
-1,15
-1,16
912,15
1961,17
6519,16
7334,15
2138,15
-1,16
-1,16
-1,15
3284,17
1323,16
6774,16
685,15
-1,15
-1,14
5129,15
-1,16
1621,15
-1,15
2301,15
8247,16
4613,14
-1,16
8831,16
2440,16
-1,15
-1,15
7977,16
-1,15
3253,17
-1,15
7572,17
-1,16
976,18
4264,17
3778,15
-1,15
1193,17
7795,16
4354,15
-1,15
-1,15
-1,16
9953,17
7996,15
-1,16
9695,17
-1,14
8600,14
7588,16
5038,15
-1,15
-1,16
-1,16
3628,16
3039,18
3673,16
-1,16
-1,14
-1,16
4573,15
8036,17
1482,14
1857,15
-1,15
1869,16
1906,17
-1,16
9243,17
3756,16
-1,15
-1,15
-1,15
7810,16
-1,15
-1,15
-1,17
1539,17
-1,18
7918,15
3828,16
8982,16
-1,14
2550,15
-1,14
6888,15
-1,15
-1,14
4827,15
-1,16
-1,17
-1,15
-1,15
-1,16
4533,15
-1,15
1950,15
-1,15
1248,16
-1,16
-1,15
-1,15
-1,15
-1,15
-1,14
-1,15
-1,16
3450,15
-1,16
7873,15
-1,16
-1,18
9167,16
740,16
-1,16
91,16
-1,15
7541,15
5698,15
-1,15
-1,15
7688,17
84,16
-1,14
-1,15
-1,16
-1,14
-1,15
983,16
-1,16
-1,16
-1,16
2201,14
483,15
7563,16
-1,15
7758,17
1680,17
9587,16
5747,18
-1,17
4564,16
-1,15
6016,15
-1,16
74,16
8550,14
5841,15
5526,15
484,15
-1,15
4915,16
-1,16
9554,20
-1,17
-1,18
-1,15
-1,16
6334,15
-1,15
2447,17
5710,17
1401,15
2386,15
-1,15
-1,17
1821,14
-1,16
9630,17
-1,17
1100,15
5451,15
-1,15
-1,16
6149,16
-1,15
-1,16
3306,15
884,15
5669,15
-1,16
-1,16
1577,17
-1,15
9522,16
-1,16
-1,15
7739,15
-1,17
9374,17
9978,16
-1,16
7875,16
6796,16
2811,15
3994,16
-1,16
6060,18
7728,16
1650,16
-1,15
-1,16
-1,16
-1,17
-1,15
9865,15
8896,16
7676,16
-1,15
9455,17
5204,15
-1,15
7028,15
6172,16
-1,15
-1,15
6612,14
-1,15
-1,15
-1,16
-1,15
-1,13
-1,15
5413,15
-1,15
1736,16
-1,15
-1,16
-1,15
-1,16
-1,15
7324,16
-1,14
-1,17
-1,15
-1,15
4647,14
-1,15
-1,16
792,16
-1,16
-1,15
-1,14
-1,15
-1,16
-1,16
-1,14
2440,16
412,16
-1,16
6511,16
-1,15
-1,14
6081,15
-1,15
-1,17
3681,14
-1,14
-1,15
-1,14
49,16
-1,15
-1,14
-1,16
-1,15
-1,15
1557,16
7709,16
-1,15
-1,17
3555,16
-1,16
2140,16
-1,15
-1,16
6860,15
7633,17
-1,16
-1,15
4105,15
3281,16
-1,15
-1,16
-1,16
-1,16
5242,15
2327,15
1109,15
4654,14
7704,16
70,15
-1,14
-1,15
1030,16
3525,17
-1,16
-1,15
-1,16
6011,17
675,18
-1,16
8278,16
-1,14
8791,18
4322,16
6919,16
-1,16
4194,15
26,18
177,16
3108,16
-1,17
-1,15
595,19
4695,16
-1,16
-1,15
-1,16
-1,15
3492,15
9410,17
2473,16
-1,15
-1,15
-1,15
-1,16
-1,17
6884,16
-1,15
-1,15
8890,18
4789,15
-1,15
-1,16
-1,16
8856,15
2362,16
-1,15
-1,15
-1,14
8641,16
-1,15
2538,16
-1,14
-1,16
4484,15
1007,18
-1,15
-1,15
8391,15
6094,15
107,17
-1,15
-1,16
5277,16
2281,17
2128,15
8887,15
-1,16
5007,17
-1,16
706,17
1674,14
-1,16
-1,15
9507,15
-1,14
-1,14
-1,15
8336,16
-1,15
-1,16
9334,16
-1,15
8388,14
-1,16
3318,17
-1,17
-1,16
-1,15
6706,16
3563,15
-1,16
-1,16
-1,15
5991,15
-1,16
703,17
-1,14
-1,16
-1,15
4603,15
878,16
7723,16
4006,17
9304,14
-1,17
-1,15
7469,15
6866,16
9261,16
5267,15
-1,16
-1,16
9112,16
-1,15
-1,15
-1,15
3679,17
-1,15
-1,15
-1,15
-1,16
7975,16
-1,15
-1,16
6890,15
2698,16
-1,16
-1,15
-1,15
770,15
-1,16
-1,15
2845,15
-1,16
-1,16
-1,15
-1,16
6358,16
6394,15
4247,17
2272,16
-1,16
-1,15
8540,15
4263,17
9248,14
4640,16
-1,14
-1,16
5537,16
-1,16
4834,16
-1,15
4546,15
8348,17
-1,15
-1,15
-1,17
1232,17
8637,15
9903,18
-1,15
-1,15
4625,15
-1,15
8495,15
2851,17
410,15
-1,14
-1,15
-1,15
-1,14
-1,16
-1,15
6816,17
5897,15
2385,15
-1,15
-1,17
-1,15
8303,16
-1,15
-1,15
-1,16
6576,16
-1,15
1867,16
2370,17
-1,14
-1,15
-1,17
-1,16
-1,16
6884,15
1970,17
8189,15
-1,16
7703,17
5947,17
8743,17
1702,16
5085,15
-1,16
-1,15
5571,16
3649,16
-1,16
6648,15
883,15
8308,16
-1,14
-1,17
-1,16
8665,15
-1,17
-1,15
-1,15
-1,14
6496,15
-1,16
6004,16
-1,15
-1,16
3916,15
-1,14
9963,17
-1,14
-1,15
8552,15
8471,16
-1,15
-1,16
3084,15
-1,16
-1,15
5542,16
-1,15
8112,16
8123,17
-1,15
725,15
-1,16
5457,15
8082,16
-1,15
-1,14
8171,16
-1,16
8380,15
-1,15
1186,15
-1,17
8596,16
1995,16
-1,15
5944,16
110,17
2577,16
-1,15
4299,17
7668,15
7186,17
9907,17
-1,14
-1,16
6323,16
-1,15
7563,18
-1,15
5927,16
-1,16
3125,16
-1,15
3740,16
-1,15
6604,16
8365,17
-1,15
4684,15
8610,16
4652,16
-1,15
-1,15
6575,15
-1,15
-1,14
2011,15
1037,16
-1,15
-1,15
-1,15
897,16
3866,15
-1,16
-1,16
-1,15
2172,15
6251,16
1829,18
-1,17
8755,16
-1,14
-1,15
-1,15
-1,15
-1,15
-1,15
1256,16
-1,14
-1,16
-1,17
-1,15
-1,15
-1,15
2025,16
-1,16
-1,15
-1,14
-1,15
2207,15
-1,14
-1,15
9560,15
-1,15
-1,16
-1,16
-1,15
6735,15
2869,16
3259,15
-1,15
-1,16
7766,16
1652,15
7213,16
-1,15
-1,14
2771,16
4350,17
2012,15
6150,15
765,15
3766,15
-1,15
2386,16
8271,15
5976,15
-1,16
201,15
1230,16
2327,16
-1,15
-1,14
3669,15
-1,15
143,16
-1,15
6526,17
-1,16
-1,15
3321,16
5434,15
3887,16
-1,15
-1,16
2836,15
8878,16
-1,16
-1,15
2604,16
6497,16
-1,14
4824,16
-1,16
-1,15
-1,15
1747,18
-1,15
-1,16
-1,14
-1,17
9625,15
-1,16
9788,15
7065,16
-1,15
-1,16
8521,17
5725,15
-1,15
2367,15
2079,16
2334,14
3703,16
-1,16
-1,14
-1,15
2113,15
1779,15
1429,14
-1,15
-1,16
-1,14
8320,16
-1,15
-1,15
-1,15
7913,16
-1,15
5792,17
-1,16
3162,15
-1,16
4615,17
3714,15
2009,15
1716,18
1718,16
-1,14
-1,14
-1,15
3302,16
1220,15
-1,16
470,17
-1,17
-1,15
6163,15
-1,15
-1,16
-1,15
-1,15
-1,16
9368,16
-1,15
5654,16
1158,15
-1,14
-1,15
3711,15
7917,17
4410,16
9358,16
-1,16
-1,15
2171,15
-1,16
-1,15
-1,15
1738,17
-1,16
-1,15
-1,16
3654,14
-1,15
-1,14
4823,15
-1,15
16,15
1691,17
3458,18
9327,15
-1,17
8386,16
-1,16
-1,16
7285,15
-1,16
5631,15
10,14
3306,17
-1,16
-1,16
1277,15
-1,15
2402,15
-1,15
961,15
6070,15
-1,15
6483,16
7838,17
4449,15
880,16
1152,15
4829,15
4647,15
3252,16
6523,17
-1,17
7997,15
901,15
-1,15
8600,14
-1,15
-1,14
6113,17
-1,14
-1,14
-1,15
5737,16
-1,14
2068,17
4635,16
-1,16
135,16
-1,14
-1,14
8186,16
4395,16
-1,15
-1,16
4225,15
751,15
-1,16
-1,15
118,15
-1,14
-1,14
-1,15
-1,16
-1,14
-1,15
7740,16
9075,15
-1,15
5360,16
-1,15
4797,17
-1,14
7790,15
-1,16
-1,16
-1,17
-1,14
2193,15
6298,14
-1,15
8512,15
-1,17
212,17
-1,16
-1,15
3560,17
2081,16
-1,15
3031,17
3539,17
4680,16
4519,15
2938,15
-1,16
-1,15
-1,16
196,15
5491,15
-1,15
3194,16
4821,17
4122,15
1471,15
-1,15
-1,16
2702,15
1831,16
3752,16
-1,16
2729,15
4291,17
-1,14
1346,16
5808,14
-1,15
-1,15
-1,16
-1,15
-1,15
8440,15
6914,15
-1,14
-1,16
-1,16
1386,15
-1,15
-1,14
9073,17
7273,15
-1,14
-1,15
1857,16
-1,14
-1,14
-1,15
4522,15
9536,15
-1,16
5567,16
-1,15
1588,17
-1,15
1487,15
2905,16
3562,15
6415,15
2731,15
2004,15
1230,16
9312,15
-1,15
-1,14
3861,17
-1,15
-1,17
-1,15
-1,14
-1,15
5685,17
-1,14
-1,15
-1,14
6015,16
4013,16
-1,17
-1,14
8,15
-1,15
5544,15
5449,15
-1,16
9876,16
-1,16
-1,15
-1,14
-1,16
7831,15
3054,16
-1,14
-1,15
1337,16
-1,15
-1,15
8924,15
6984,16
621,15
-1,14
637,16
8734,16
7817,16
-1,15
-1,16
-1,16
9380,16
-1,15
1350,15
-1,17
5168,15
-1,14
-1,15
5295,17
9632,15
7241,17
-1,15
1962,15
-1,15
-1,16
6768,16
8524,17
952,17
-1,15
-1,15
3474,16
-1,16
-1,17
3345,16
-1,14
-1,15
-1,14
-1,16
849,15
-1,15
-1,15
-1,15
6063,15
6744,16
9016,17
-1,15
6351,16
5788,16
2150,15
-1,15
-1,14
-1,15
-1,16
9196,15
9057,15
-1,15
2484,15
-1,15
1783,16
6429,16
-1,14
-1,15
8959,16
4992,18
-1,15
7621,15
-1,15
6291,15
7540,15
6069,16
4623,16
4590,16
4109,15
-1,15
-1,16
3443,16
7215,16
-1,14
-1,15
6822,16
-1,15
6995,16
-1,15
-1,15
-1,15
8548,15
7245,16
8614,17
7630,16
-1,16
-1,16
1637,15
-1,16
7939,15
5237,16
7422,14
-1,15
-1,15
-1,15
4527,15
-1,16
6961,16
5051,17
2438,16
-1,16
-1,15
1783,17
5920,18
2129,17
8957,17
4704,15
-1,16
-1,14
-1,14
1586,16
3584,17
1244,17
7886,16
6689,15
9404,16
-1,15
4548,15
2189,16
5494,14
8061,16
2000,14
-1,16
4075,17
1775,16
1265,16
1895,17
4641,16
7090,15
4704,17
740,16
1630,16
6371,16
-1,16
8718,18
-1,15
5376,15
-1,15
-1,15
3459,15
-1,15
-1,16
9985,15
-1,17
2171,17
-1,14
3934,16
8980,14
-1,14
4363,15
6029,16
8515,16
4383,17
5501,15
-1,15
-1,15
9361,16
-1,16
-1,16
7389,16
5527,17
8090,16
-1,16
-1,16
285,16
2897,16
1997,16
-1,14
-1,15
7017,15
1061,16
2028,14
9658,18
5876,15
5151,16
-1,15
-1,16
-1,15
-1,16
-1,17
6927,15
2190,15
3215,17
-1,15
923,15
-1,14
6321,16
1221,15
4326,15
-1,15
9061,16
2250,16
1670,16
6043,17
-1,17
-1,15
2768,15
-1,16
-1,16
-1,15
7267,15
-1,14
8872,16
-1,15
7806,15
-1,16
1827,15
452,14
-1,16
-1,15
-1,15
-1,15
2694,16
5224,15
9555,16
-1,15
-1,14
8741,15
2654,17
4370,15
-1,15
-1,17
-1,15
5686,14
-1,16
-1,16
-1,14
-1,15
-1,15
-1,15
-1,15
-1,15
1192,14
5565,16
-1,15
2495,17
9226,16
-1,16
1969,17
2921,15
799,16
866,17
-1,17
767,15
4341,15
-1,16
9083,16
-1,15
-1,14
5320,16
2461,14
9487,19
3016,15
-1,14
6890,16
3109,16
-1,14
-1,15
-1,15
1040,15
-1,16
-1,15
-1,15
3132,16
-1,16
-1,16
-1,15
2651,17
-1,15
-1,15
-1,15
-1,15
-1,16
-1,16
-1,16
-1,16
-1,16
6157,15
8880,14
-1,17
-1,16
6168,15
-1,15
7723,17
-1,15
-1,14
1043,16
-1,14
-1,16
4955,16
9614,15
8327,16
5602,17
-1,15
7523,14
-1,15
-1,15
8283,15
-1,15
-1,16
5342,15
-1,15
-1,15
8064,15
5483,16
8123,15
5054,16
-1,16
-1,15
8862,15
2200,17
1126,18
4735,15
9377,17
-1,15
5304,15
-1,15
4681,15
2288,16
6076,17
3799,17
9729,16
5266,15
3986,16
5136,15
-1,16
-1,15
7529,16
-1,17
9812,16
-1,17
2785,15
9376,15
-1,15
3359,15
5492,16
-1,14
-1,15
-1,15
9538,16
-1,15
-1,16
9500,15
-1,15
2063,15
907,15
8256,16
-1,15
5854,15
-1,16
4694,17
3978,15
4541,16
9614,15
5255,16
-1,16
-1,15
-1,15
4085,15
6350,16
1731,17
601,17
-1,16
4685,15
8054,16
8058,15
4189,16
2681,15
-1,14
-1,14
2170,16
7476,16
-1,16
6059,15
-1,15
8097,15
2985,16
3531,16
-1,15
5641,17
-1,14
-1,16
3214,16
-1,16
-1,15
6054,15
8300,15
-1,14
5055,16
-1,16
8158,15
-1,14
-1,14
-1,16
-1,16
4097,16
-1,15
653,15
1359,16
3196,17
4525,16
-1,15
5574,19
-1,16
5290,15
-1,16
3476,15
1412,17
3142,15
-1,14
4641,16
4396,18
3059,16
4639,16
-1,15
-1,15
-1,15
-1,16
-1,14
-1,16
-1,17
6468,15
4226,14
3813,17
-1,14
-1,16
5103,16
-1,15
5906,16
4311,16
1182,16
-1,14
7494,16
-1,15
106,21
-1,15
8884,14
8154,15
5677,14
2293,15
-1,16
-1,18
3484,15
-1,16
5551,16
-1,14
2880,14
-1,15
-1,15
-1,17
-1,16
3763,17
325,15
264,16
6751,16
-1,15
7337,16
9443,16
-1,15
-1,15
1408,17
-1,15
2286,17
1907,15
-1,15
-1,16
-1,15
1379,16
6227,17
-1,15
-1,16
4483,15
57,15
9986,15
8154,16
6841,16
6857,15
-1,16
8595,17
-1,16
496,17
-1,17
-1,15
-1,15
7463,15
3375,14
138,14
-1,15
9225,15
-1,15
5082,17
-1,15
947,16
5436,15
-1,17
-1,14
-1,18
-1,16
387,14
-1,16
6795,15
5402,15
270,17
-1,16
-1,15
7239,16
-1,15
-1,15
9945,17
-1,16
6579,17
-1,16
-1,15
5587,15
-1,16
-1,16
1512,16
-1,14
-1,14
-1,15
-1,16
9515,15
-1,17
4216,17
-1,14
4834,16
4030,15
5255,16
-1,15
9640,16
2273,14
2128,16
-1,15
7583,15
-1,15
7041,16
-1,15
-1,16
-1,15
861,17
1848,16
-1,14
8017,17
2476,16
-1,15
1038,16
6673,15
-1,15
-1,16
3525,16
3347,17
6758,15
8820,15
-1,15
163,15
8991,15
-1,16
1749,16
-1,15
3688,15
-1,15
3059,15
8818,17
537,17
-1,14
-1,15
-1,16
-1,14
-1,16
4441,16
-1,15
-1,16
-1,15
8054,15
579,16
-1,15
-1,16
-1,15
9120,15
5978,16
6886,15
-1,17
3276,16
1421,16
-1,15
-1,15
8266,15
2028,14
475,16
8513,16
8918,15
-1,15
-1,16
3421,16
-1,16
-1,15
-1,16
-1,15
803,18
5444,15
4761,15
7772,15
3527,15
4803,16
-1,15
6141,16
572,14
6678,16
-1,15
-1,15
1036,15
-1,15
6183,16
2078,17
4264,16
7629,16
4758,16
9834,16
3305,16
-1,16
-1,15
-1,16
-1,15
-1,16
8347,20
3652,16
-1,14
2329,15
2261,17
-1,16
8012,17
-1,14
2199,15
-1,15
-1,15
1534,16
5723,16
1791,16
-1,15
-1,16
2465,18
-1,15
-1,16
-1,17
8859,15
579,15
2083,16
4321,16
-1,15
-1,15
-1,17
-1,16
8551,16
9155,15
-1,15
-1,15
-1,15
1983,15
-1,15
2921,17
-1,16
2840,18
8593,14
-1,14
-1,15
-1,16
9600,15
1241,17
-1,15
-1,15
213,15
-1,16
54,15
9116,17
4766,15
-1,16
2478,15
-1,15
-1,15
-1,15
-1,15
6121,16
-1,16
-1,15
-1,16
-1,17
8314,14
5597,15
-1,14
9845,16
8507,15
-1,15
1389,17
2253,15
-1,15
2142,16
6344,16
6654,16
8147,15
2361,16
4064,16
-1,14
3829,15
-1,15
4756,15
-1,15
1317,15
-1,16
4833,15
4204,16
-1,16
7503,16
2160,16
-1,15
2938,15
5041,15
74,15
7774,14
3577,16
-1,16
-1,15
7324,16
1837,15
811,15
-1,16
1897,16
7485,15
5681,15
5824,16
-1,16
1923,14
-1,16
-1,15
-1,15
-1,15
-1,15
-1,16
5092,17
-1,15
8729,15
276,16
1842,15
-1,15
-1,17
9538,15
-1,14
3887,17
9917,15
-1,16
7251,14
1202,17
4046,15
5376,15
6719,16
-1,15
9913,15
-1,15
5862,15
2376,15
-1,15
-1,14
-1,15
-1,17
-1,15
7588,15
-1,15
-1,15
2145,15
738,15
3369,17
1298,16
3094,15
7990,17
-1,15
-1,16
2989,16
8229,16
2290,16
-1,16
1787,15
-1,14
9121,15
2371,16
-1,14
4058,16
-1,16
9871,17
-1,15
-1,15
6961,15
7770,15
2923,16
2786,18
-1,14
1969,15
8991,15
-1,15
-1,15
-1,17
-1,18
5302,17
-1,16
9774,17
8191,15
1108,15
1049,15
-1,15
-1,16
-1,16
-1,15
-1,16
-1,15
-1,16
6866,16
1034,16
-1,15
-1,16
1899,15
-1,16
-1,16
5488,15
4835,15
2911,15
131,16
-1,17
7915,16
3590,14
3687,15
-1,17
-1,15
-1,15
-1,16
-1,15
9316,16
9988,15
8616,15
-1,15
-1,16
5534,16
-1,16
-1,15
8589,17
1787,15
7081,15
-1,15
9670,15
9272,16
-1,17
-1,15
-1,17
-1,15
-1,16
-1,14
-1,16
-1,16
1101,15
-1,15
4722,16
5805,15
-1,14
-1,14
9095,15
-1,14
-1,16
838,16
5499,17
3933,16
9382,17
-1,16
-1,14
7866,17
-1,16
-1,16
7984,14
-1,15
-1,15
-1,16
-1,14
3548,15
8199,16
-1,15
-1,16
-1,15
5685,15
-1,17
-1,17
-1,15
-1,15
-1,15
7823,16
-1,16
5694,15
-1,16
1941,16
-1,16
7342,15
-1,15
-1,16
4348,15
5472,15
7535,15
8742,16
9023,16
2386,15
5976,16
-1,15
-1,15
8475,16
8106,15
5228,15
-1,14
-1,15
-1,16
-1,16
4909,15
3865,16
-1,16
8153,14
3119,17
-1,16
-1,16
-1,15
5769,16
7704,15
2748,15
8205,16
-1,15
-1,17
-1,16
-1,15
9798,15
4635,17
-1,16
-1,15
6648,15
-1,16
1250,16
7074,15
1231,17
8114,14
-1,16
-1,15
6570,15
-1,16
-1,14
7219,17
-1,15
9268,16
-1,16
-1,16
3150,15
-1,16
6402,14
-1,15
-1,14
8611,17
-1,15
5524,16
-1,14
-1,15
-1,14
-1,16
5342,16
7601,16
-1,14
-1,15
2468,15
1003,15
5293,17
7048,16
9830,16
2680,17
4949,16
7193,15
61,16
6826,16
-1,15
5064,16
6001,15
-1,16
5246,16
6960,18
6375,16
-1,15
3406,16
1126,15
4495,15
-1,17
777,17
4601,16
-1,15
3551,15
-1,15
-1,15
-1,15
4293,15
-1,17
-1,14
-1,16
-1,16
96,15
1251,15
-1,15
-1,15
1843,16
5566,15
4247,17
512,16
8688,17
9063,16
8403,16
4514,16
6954,15
-1,16
7995,16
1692,15
-1,14
-1,16
222,16
-1,14
1899,16
3864,16
5731,14
1969,14
-1,16
-1,15
-1,15
-1,15
-1,15
4390,16
-1,15
-1,14
-1,15
-1,14
7079,15
2470,15
-1,15
4514,17
-1,16
7012,16
9097,16
7376,15
-1,15
5162,17
-1,16
-1,15
-1,17
873,16
2957,16
-1,15
9668,15
6019,15
5715,18
8340,16
-1,15
-1,14
-1,15
3071,17
-1,15
-1,15
360,14
5834,15
-1,15
4010,15
-1,14
-1,16
-1,15
-1,15
-1,15
5611,17
-1,16
-1,15
-1,15
-1,15
2668,16
2721,17
-1,16
2863,16
5239,17
-1,14
-1,16
-1,15
-1,15
-1,15
-1,15
-1,17
-1,16
-1,15
-1,14
-1,16
9136,16
6402,15
-1,14
-1,15
-1,15
7459,17
-1,15
-1,16
1678,15
-1,14
-1,15
3073,15
9952,15
9399,15
6739,16
-1,15
794,17
-1,15
-1,16
-1,15
-1,15
-1,16
-1,15
2097,17
-1,14
7267,15
-1,15
-1,14
7829,16
549,18
-1,17
-1,15
-1,17
-1,16
-1,16
7229,15
7292,15
-1,17
-1,15
-1,16
-1,15
1201,15
-1,16
-1,15
-1,15
-1,16
4889,15
1974,16
-1,15
-1,15
9672,16
-1,15
8388,15
-1,14
6082,17
-1,15
7752,17
-1,17
6585,18
971,15
-1,15
3219,15
6766,15
-1,15
3622,17
5967,17
-1,15
-1,16
-1,15
-1,17
7595,16
-1,14
400,16
-1,16
-1,15
-1,16
-1,15
-1,16
-1,16
84,17
-1,16
-1,15
5224,16
-1,16
7439,18
9906,16
5277,15
1379,17
-1,15
9982,15
-1,16
9010,17
-1,15
-1,15
114,14
-1,16
2694,18
2745,14
9957,14
8755,15
-1,14
8038,16
-1,15
-1,16
8283,16
-1,15
15,16
-1,14
6859,18
-1,17
-1,15
-1,14
-1,15
-1,17
4842,16
-1,16
-1,16
5793,15
-1,15
-1,16
-1,14
-1,15
-1,16
1107,15
-1,15
893,15
1710,16
-1,16
-1,16
1894,15
6740,14
4686,18
2788,16
6089,15
-1,15
9760,15
1893,15
4890,16
3143,16
-1,16
-1,15
-1,15
625,16
2869,15
9577,16
-1,16
-1,16
-1,16
-1,15
-1,14
7597,16
1708,16
6545,15
-1,15
-1,16
1475,16
-1,14
8191,16
-1,15
-1,16
2751,15
-1,14
-1,15
-1,16
1740,15
-1,16
-1,16
-1,14
-1,15
-1,16
8536,16
120,16
8773,15
-1,14
-1,15
2849,18
-1,14
7136,15
-1,15
4412,16
6966,15
6847,16
-1,15
8975,15
-1,14
-1,15
-1,15
-1,14
6692,17
9111,15
2884,16
-1,16
4474,17
-1,15
-1,16
3840,17
5617,16
-1,15
-1,15
8967,16
-1,15
6521,15
2719,15
-1,17
5172,16
-1,15
-1,15
6027,15
7015,15
9941,15
3439,16
-1,16
1416,17
7610,16
4792,17
4400,16
5854,15
6015,16
-1,16
-1,15
-1,15
-1,15
-1,15
7793,15
-1,15
455,16
-1,15
-1,14
-1,17
5028,15
-1,15
-1,15
2831,17
-1,16
7216,15
-1,15
8646,15
-1,16
1928,16
-1,15
-1,16
-1,15
5587,15
7794,16
-1,15
423,14
-1,15
4092,17
5173,15
-1,14
9330,15
5467,15
-1,16
3386,16
-1,15
4223,16
-1,15
-1,15
8149,15
-1,17
-1,17
-1,15
1468,16
2174,16
5126,15
-1,16
-1,14
4408,14
-1,17
9123,16
-1,17
801,16
2053,15
9876,16
-1,15
-1,15
-1,15
-1,14
-1,15
-1,14
6839,16
2251,15
7037,16
-1,15
8726,16
527,15
-1,16
-1,16
-1,14
5173,15
622,16
3267,16
2286,15
-1,15
7607,16
1568,15
5187,17
-1,14
3066,16
4993,15
2458,15
-1,15
8207,15
1140,16
-1,15
-1,15
3913,16
-1,14
-1,14
-1,16
2853,15
7160,16
3962,16
2,16
9467,16
8501,15
-1,15
995,15
-1,15
1199,15
8782,16
1285,16
-1,14
1955,16
7038,15
4006,16
-1,14
3748,18
9358,15
8486,16
-1,15
4720,16
6703,17
8560,15
9995,15
-1,14
3612,15
-1,16
-1,15
7601,16
8394,16
-1,16
8126,16
-1,14
7135,16
-1,15
1942,16
3536,18
7528,16
9105,15
-1,14
-1,15
-1,15
1346,15
2138,15
5731,15
-1,17
740,16
9322,16
-1,17
3770,16
-1,15
-1,14
-1,15
8193,15
3057,16
7708,16
7625,16
3171,15
-1,16
-1,15
-1,16
-1,16
-1,16
-1,15
5221,16
9625,16
-1,15
-1,15
-1,15
-1,16
-1,15
7114,19
6303,15
8568,15
8556,15
8191,16
961,16
5569,16
5901,16
7882,14
-1,16
6420,15
7518,16
-1,17
9119,16
-1,15
8437,16
5193,17
-1,16
2589,16
-1,15
-1,16
2451,15
-1,15
-1,16
-1,15
4311,15
8880,16
4255,16
-1,15
1419,16
3672,15
4420,14
3689,16
4004,15
-1,15
5665,16
5248,18
9021,15
-1,15
1459,17
-1,14
4680,15
-1,17
1085,16
-1,16
-1,16
-1,15
8431,16
64,16
9757,17
1108,15
3284,16
7658,17
-1,15
-1,16
8377,15
6063,17
924,15
4083,16
-1,15
-1,15
-1,16
-1,15
9326,16
-1,16
-1,15
-1,16
769,16
2522,15
-1,16
5773,17
-1,15
6005,17
-1,15
-1,15
-1,16
3849,14
-1,15
5115,15
-1,16
8639,15
4794,15
-1,16
-1,17
-1,16
-1,15
-1,15
1203,16
-1,15
-1,16
4073,16
-1,15
-1,17
1108,16
1104,17
-1,16
-1,15
9007,16
-1,16
8584,15
5921,16
4289,15
1544,15
2924,16
5328,16
2684,15
-1,15
5741,16
-1,16
-1,16
-1,16
3180,15
-1,15
-1,15
-1,16
-1,15
-1,16
9994,16
5782,16
9238,15
8507,16
-1,15
-1,15
-1,16
5857,15
-1,15
1903,16
6603,17
8183,15
-1,15
6784,15
7901,17
6753,17
-1,16
7598,16
9444,16
7648,16
-1,16
4262,16
-1,14
2517,15
-1,16
2922,16
2124,15
-1,15
2706,16
7714,15
-1,15
6734,15
3973,15
-1,15
2108,14
2105,16
5587,16
2507,16
-1,15
-1,16
-1,16
5070,16
4914,15
-1,16
-1,14
5091,16
8178,16
-1,16
-1,14
-1,15
8506,17
9957,15
7930,16
-1,15
-1,15
7791,15
9750,15
2350,16
3292,16
-1,15
-1,16
-1,17
-1,15
9200,17
-1,15
1201,15
-1,15
-1,16
-1,15
7132,17
2354,15
752,16
-1,15
-1,15
4009,17
8845,16
830,15
1230,15
5259,15
-1,15
9063,16
-1,16
8873,15
3540,16
1903,16
-1,18
5871,17
1768,16
1068,15
-1,15
-1,15
2389,14
2298,15
-1,15
2017,16
1822,16
412,16
-1,14
-1,15
-1,14
8208,15
-1,15
6767,15
-1,17
2331,17
3957,15
4906,15
2901,17
9374,17
8695,14
3149,15
3916,15
-1,16
4717,18
3858,15
2326,17
1384,18
3365,17
831,15
-1,15
-1,17
1304,15
-1,16
-1,15
7947,16
4117,15
-1,16
-1,16
5161,15
-1,16
-1,15
-1,14
-1,15
-1,16
-1,17
-1,15
4382,15
-1,16
4491,15
1541,16
7859,16
6342,15
-1,14
1857,16
-1,14
1621,15
-1,16
2092,16
5671,15
-1,14
1960,17
591,16
7696,15
-1,16
2961,15
9316,15
-1,16
5190,16
-1,16
-1,15
1695,16
-1,15
8476,17
8973,17
-1,16
693,15
916,17
1682,16
9578,16
-1,16
409,17
1170,15
3377,17
-1,16
776,16
6541,16
7795,15
-1,15
4386,17
-1,15
-1,15
-1,15
-1,14
-1,16
6689,17
-1,14
-1,16
-1,15
7790,17
-1,15
9188,15
8149,17
-1,15
5726,16
-1,16
978,14
5742,16
-1,15
-1,14
-1,15
-1,16
1625,15
5422,15
-1,15
-1,16
2949,15
-1,15
-1,15
-1,15
8358,15
25,15
-1,16
-1,15
-1,15
8070,16
3841,17
-1,15
7903,15
-1,14
-1,16
8314,17
8796,15
4175,16
-1,15
-1,16
599,18
6104,15
7919,15
2785,15
1309,16
-1,15
1999,15
591,14
-1,15
3230,16
-1,15
3095,16
3640,15
-1,16
6171,15
343,15
-1,16
-1,16
2397,17
38,16
6343,14
8001,16
2384,15
4773,15
-1,16
3415,16
-1,15
-1,15
2818,16
3694,15
6061,17
-1,15
-1,16
4,16
-1,15
-1,15
-1,15
382,18
-1,15
323,14
-1,15
-1,14
2027,16
2314,16
7673,15
4517,17
-1,15
-1,17
-1,15
-1,14
866,14
2879,15
-1,16
4259,16
-1,15
-1,16
-1,16
1937,15
287,16
7422,17
7099,17
9720,16
-1,14
4675,16
-1,17
-1,15
-1,15
-1,15
-1,15
-1,15
4342,18
2469,16
-1,16
1496,16
6783,15
-1,15
7514,15
7276,15
-1,16
-1,16
-1,16
-1,15
3112,16
2567,15
4076,15
-1,14
6435,16
5996,14
2100,17
-1,16
5537,15
4813,16
9069,15
-1,15
3432,17
-1,15
4447,19
4270,15
-1,15
5729,15
-1,15
6691,16
8465,17
8404,17
5287,15
-1,15
-1,15
-1,16
-1,14
1594,14
9844,17
4230,15
-1,15
9091,15
7107,17
7999,18
6052,15
-1,15
-1,15
908,16
-1,15
-1,14
5699,17
-1,15
-1,16
-1,16
-1,15
8849,16
-1,14
-1,16
9607,17
-1,14
8151,15
3452,15
-1,14
2925,15
2621,15
1439,16
715,16
-1,15
-1,16
-1,16
8320,15
9706,15
6682,14
4496,16
-1,15
360,16
-1,17
-1,15
7583,18
1361,15
-1,15
-1,17
-1,15
8020,15
7627,15
1781,17
6818,17
-1,15
7328,15
9074,16
-1,16
9463,15
5401,16
-1,17
3946,16
-1,16
-1,16
-1,15
2976,17
-1,16
1788,16
-1,15
-1,15
-1,15
6680,15
4624,14
2690,16
-1,16
2395,16
-1,15
1833,16
901,15
-1,15
6246,16
8316,15
4020,17
-1,16
8825,15
7084,16
-1,14
-1,15
-1,15
1405,16
-1,16
7500,17
-1,15
2927,15
-1,15
-1,14
-1,16
847,15
-1,15
5462,17
4080,17
-1,15
-1,15
-1,15
-1,17
8786,15
8841,16
5026,15
-1,15
4835,15
-1,15
-1,16
-1,15
2925,18
9583,15
3596,16
2046,16
5045,14
9112,15
8235,15
253,15
-1,16
7095,16
-1,15
6415,17
-1,16
-1,16
-1,14
2809,16
8906,15
-1,15
7380,16
8079,16
1354,15
-1,15
8002,16
-1,16
-1,14
-1,15
-1,15
-1,15
3462,15
3518,16
-1,15
-1,15
-1,15
-1,16
-1,17
-1,15
-1,15
3174,15
-1,15
-1,15
3830,16
8433,16
-1,15
-1,17
-1,17
2248,15
2488,17
-1,15
-1,15
-1,16
6823,17
-1,15
-1,15
-1,15
-1,15
-1,15
7351,16
6368,16
3823,16
-1,16
-1,15
3845,16
7448,16
4571,15
7388,16
-1,15
-1,16
5905,16
6856,16
-1,15
-1,15
714,15
-1,16
-1,16
6184,15
-1,15
922,16
-1,16
1907,16
-1,14
1563,17
-1,15
3942,16
7114,14
104,16
-1,17
-1,15
3310,16
8014,16
-1,15
-1,17
-1,16
8708,16
-1,16
9952,16
-1,14
-1,17
-1,15
-1,17
-1,15
613,16
9612,15
-1,16
-1,15
4872,18
5831,16
667,16
-1,15
-1,17
5511,16
-1,15
1291,15
1088,14
8895,17
-1,16
-1,15
-1,15
1695,15
-1,14
-1,15
-1,16
3452,15
-1,15
-1,15
6998,16
-1,15
-1,15
-1,15
8052,15
-1,15
-1,16
-1,16
-1,15
4138,15
-1,16
-1,14
9345,16
9069,15
7457,16
-1,15
-1,16
3138,16
2697,16
5353,18
4777,16
-1,15
-1,16
-1,15
1760,17
4581,16
-1,15
1000,16
-1,16
-1,15
-1,17
-1,16
-1,15
-1,15
3535,17
8633,16
18,15
9793,14
6545,15
8424,15
-1,15
922,15
2120,17
-1,15
1904,16
-1,14
3214,16
2856,18
-1,15
-1,16
-1,16
-1,15
8907,16
3684,16
4502,15
3232,14
4449,15
8070,17
-1,16
3891,15
169,17
2493,16
-1,15
5001,18
9621,15
-1,17
-1,16
3290,16
-1,16
5603,16
9998,16
-1,14
2650,16
4175,15
-1,15
-1,16
-1,15
5463,16
-1,15
-1,15
-1,15
2550,17
-1,15
-1,14
4616,16
4231,15
2305,16
-1,14
8236,15
-1,16
4985,18
2038,15
-1,15
-1,15
-1,15
-1,16
-1,16
-1,16
-1,14
7956,15
7730,15
722,16
-1,16
4745,16
9864,14
8117,15
-1,17
3886,16
-1,14
7710,18
7853,17
2652,16
-1,15
-1,16
2169,15
-1,15
-1,14
-1,15
-1,16
8234,14
-1,16
-1,16
-1,14
-1,16
-1,14
-1,16
6242,16
5067,16
-1,15
-1,15
6009,16
-1,15
4055,15
328,14
1314,15
4624,16
-1,15
-1,15
-1,16
6376,15
-1,15
8083,17
-1,15
-1,16
-1,15
5481,17
8479,15
2628,15
5655,15
-1,15
4372,15
-1,15
-1,15
-1,16
9344,16
5620,15
7824,15
4654,15
-1,15
123,16
944,17
535,15
-1,15
1113,15
2647,14
331,16
-1,15
-1,15
2385,15
4562,15
-1,15
-1,15
-1,15
-1,16
7027,15
-1,16
2382,15
-1,16
-1,14
-1,15
6631,16
8073,15
-1,15
1999,15
-1,15
-1,15
-1,15
-1,14
6331,15
-1,14
-1,15
9874,15
-1,14
-1,15
7521,16
3896,16
-1,15
57,15
105,16
7346,16
-1,15
-1,15
2219,15
-1,15
958,16
-1,14
7214,16
-1,16
2430,15
-1,15
4829,14
-1,16
9582,18
9250,16
-1,17
-1,15
4659,16
-1,16
-1,14
5392,17
-1,16
48,15
646,15
2082,17
102,16
2295,18
9677,15
3712,18
6986,16
-1,15
-1,15
-1,15
2205,15
-1,15
6198,16
1423,16
-1,14
-1,15
-1,15
104,16
6525,17
7575,16
-1,15
-1,15
-1,15
-1,16
-1,16
-1,15
-1,16
208,15
-1,14
-1,16
7288,16
-1,14
-1,15
7550,15
1155,17
7910,16
-1,17
5971,15
9734,14
-1,16
-1,15
-1,15
3644,15
3197,16
3457,18
1043,15
4910,16
1802,15
8732,15
250,18
-1,15
4466,15
-1,14
-1,14
-1,16
9871,16
5572,17
6472,16
3221,16
-1,14
-1,16
5680,15
-1,15
-1,16
517,15
-1,15
3923,18
5365,15
-1,14
-1,17
-1,14
9673,16
5127,15
3336,16
-1,15
5267,16
6936,16
-1,15
1833,16
-1,16
5907,16
-1,17
-1,15
-1,16
9312,16
-1,15
-1,15
2320,14
7417,17
-1,15
684,15
-1,15
3678,16
-1,14
-1,16
-1,16
-1,15
5574,15
-1,15
1790,16
4430,15
1077,15
1192,16
-1,17
5448,16
5721,16
7885,16
-1,15
-1,14
5338,19
-1,16
8733,20
4269,16
-1,16
-1,14
-1,15
5487,18
6532,16
7059,16
3003,18
6147,16
7232,16
6133,15
5075,17
386,17
-1,15
3398,15
8010,15
6299,15
11,16
-1,15
4412,15
1448,15
5421,14
-1,15
-1,14
5692,15
9340,15
6524,17
-1,16
-1,15
-1,15
-1,16
9218,15
3842,14
6649,16
221,15
9372,17
5461,15
9948,15
-1,15
2828,18
9350,15
-1,14
6470,19
-1,14
-1,15
-1,15
6017,17
-1,16
-1,15
-1,16
6827,16
-1,16
-1,15
6036,17
22,16
-1,15
-1,15
5682,16
3502,14
6177,16
-1,14
3109,17
-1,16
-1,16
7159,15
-1,13
-1,15
1082,15
9047,16
4373,16
6008,15
-1,14
9650,16
3469,15
-1,15
693,15
5470,15
887,15
-1,14
-1,16
7501,15
813,16
5266,16
2713,16
-1,16
1855,17
-1,15
5512,17
221,15
-1,16
1610,15
9399,16
-1,14
4781,16
-1,15
8618,16
-1,15
-1,14
-1,14
-1,16
-1,15
-1,14
-1,17
9158,18
4310,16
-1,15
8773,16
8077,16
9385,15
7728,16
4369,17
6343,17
-1,15
814,16
2966,15
8797,16
-1,16
-1,15
-1,15
6088,17
6155,16
-1,14
4100,17
4128,18
-1,15
-1,16
4691,15
8930,15
8125,17
-1,17
6827,16
2670,16
6523,16
4641,15
-1,17
5957,19
6251,15
-1,15
6145,17
7635,16
-1,15
9399,15
4007,16
-1,15
503,16
-1,15
-1,15
-1,14
1365,15
-1,15
961,15
-1,15
-1,15
-1,16
-1,14
-1,15
7001,15
1973,17
3932,17
-1,15
-1,15
4363,15
9578,16
-1,16
-1,15
-1,16
2166,17
7037,16
-1,15
4459,15
-1,16
964,15
1905,17
6452,16
5682,17
-1,15
1658,16
-1,14
-1,15
-1,15
-1,15
175,16
5236,15
8897,15
5534,16
7984,16
5990,16
1880,15
743,16
6090,16
-1,14
-1,16
5808,15
3269,15
-1,16
-1,16
-1,16
826,17
-1,15
-1,16
-1,15
1328,18
8387,17
1063,15
-1,14
5288,18
7114,15
8973,15
-1,16
7502,16
1256,15
4338,16
-1,15
-1,15
3353,16
6839,16
-1,16
9922,16
1103,15
-1,15
-1,15
-1,15
-1,15
644,17
-1,15
-1,15
3542,15
-1,17
2528,16
6787,14
-1,17
-1,14
-1,16
2886,15
-1,16
-1,15
9387,15
722,16
3439,16
8759,15
7566,17
5428,17
6775,18
-1,15
-1,15
5797,15
-1,15
-1,15
-1,16
-1,15
-1,15
3120,16
1628,16
2255,16
4667,15
-1,17
2856,18
8029,17
-1,15
2728,15
1605,15
1902,16
-1,14
-1,16
-1,15
-1,16
8765,16
5758,15
-1,15
5818,16
3079,15
9747,16
-1,15
-1,16
-1,16
-1,14
9540,17
7110,17
7258,15
-1,15
9750,16
-1,17
8474,15
482,16
8740,16
-1,14
5511,16
-1,15
-1,16
5222,16
1706,16
1567,17
1754,18
8167,15
-1,15
764,15
-1,15
3424,14
5595,15
-1,14
5141,17
-1,15
91,18
9088,17
8585,15
7399,15
-1,17
844,15
-1,15
-1,15
9260,16
1420,16
1627,14
238,16
809,16
-1,15
4094,16
723,17
-1,14
-1,16
9672,17
-1,16
4546,15
5384,16
-1,15
-1,15
4314,14
-1,15
-1,16
-1,16
-1,15
-1,16
-1,17
-1,15
3525,16
-1,14
-1,15
-1,15
-1,16
8626,16
4197,15
4737,15
8819,15
4124,15
2204,15
-1,15
-1,16
-1,16
-1,16
-1,16
8516,15
-1,15
-1,15
-1,16
-1,14
2891,15
4186,17
6898,17
794,17
4206,16
-1,18
-1,17
-1,15
8838,15
6280,16
9295,16
-1,15
-1,14
5937,16
-1,16
2813,16
-1,15
-1,15
4058,16
-1,14
4165,16
-1,15
-1,15
-1,15
1691,17
-1,16
-1,14
104,15
1151,15
-1,14
4275,15
-1,16
-1,15
-1,15
1973,16
5967,15
-1,16
7256,16
-1,14
9082,16
-1,17
-1,14
-1,17
3212,15
9043,17
-1,17
-1,15
-1,16
-1,15
-1,15
-1,15
6879,15
625,15
6641,15
5965,17
1745,16
2089,16
6379,16
-1,15
7567,15
4566,16
-1,16
-1,16
-1,14
-1,15
3615,16
-1,16
-1,15
-1,15
5407,18
-1,16
3743,16
-1,14
9194,15
-1,15
-1,16
7392,17
-1,16
7971,15
-1,16
-1,15
4682,16
-1,14
-1,15
-1,15
1357,16
3693,16
-1,16
-1,15
8904,14
-1,15
-1,16
214,16
2698,19
5277,15
6208,16
9683,15
1506,15
-1,16
6933,16
-1,15
3735,16
-1,16
1153,17
9887,16
-1,14
5514,16
-1,15
-1,16
7919,17
1588,16
7475,16
-1,15
6385,15
-1,15
2317,16
-1,15
-1,16
-1,17
-1,15
-1,16
-1,17
7286,15
-1,15
-1,17
6476,14
-1,14
-1,15
1746,17
-1,15
2402,17
3308,15
-1,16
5095,17
-1,15
-1,15
-1,15
-1,14
4285,17
-1,16
6576,15
-1,16
-1,15
-1,16
-1,15
7017,16
2884,15
1990,14
5091,16
-1,16
8856,17
-1,15
-1,16
5015,16
9938,16
-1,16
7192,15
3819,16
7569,15
7666,15
2055,15
905,14
5626,16
7122,18
8820,16
-1,15
7329,16
1535,15
-1,16
8588,16
-1,15
-1,15
-1,15
-1,15
2377,14
-1,14
-1,15
6287,15
7688,15
-1,16
8563,15
-1,15
1183,18
-1,15
8244,17
3527,16
5934,16
-1,14
-1,16
1183,15
-1,16
-1,15
-1,14
-1,15
-1,16
-1,15
4995,16
2867,15
-1,15
-1,16
-1,15
6397,15
9770,17
-1,16
9138,17
-1,15
-1,16
-1,15
-1,15
3261,16
9569,15
-1,14
-1,16
-1,15
-1,15
-1,16
-1,15
3489,15
-1,15
8525,15
-1,15
-1,15
-1,17
-1,15
-1,14
-1,15
-1,17
-1,15
6170,15
7755,16
-1,16
6662,16
3916,15
-1,14
-1,16
4618,16
-1,14
-1,16
8980,16
9598,17
3086,15
474,15
-1,14
8384,15
6214,16
-1,17
9159,15
1267,15
-1,16
-1,15
-1,16
1636,15
-1,15
5165,16
-1,16
4084,15
2942,15
1740,15
4772,17
-1,16
-1,16
-1,15
7820,18
-1,15
966,17
6704,18
-1,17
2984,17
-1,16
7834,17
8888,14
3572,15
1594,16
852,16
4020,16
8452,15
8918,15
-1,15
-1,15
-1,15
-1,15
-1,15
-1,15
9481,16
-1,15
-1,16
6118,15
7458,16
-1,16
3078,16
-1,15
-1,15
-1,15
5631,16
6534,16
-1,15
-1,15
5439,16
-1,15
-1,14
394,17
4485,15
-1,15
-1,16
5426,15
-1,15
-1,17
4088,15
-1,15
6227,18
-1,17
-1,16
5477,16
-1,15
-1,15
-1,15
8238,17
-1,16
-1,15
-1,16
-1,15
-1,16
-1,15
1174,16
-1,15
-1,16
1842,15
-1,16
-1,16
-1,15
6664,15
401,15
-1,15
3519,16
4177,15
8071,15
-1,15
6491,17
-1,14
9607,15
750,17
2230,17
4073,16
128,15
9591,15
-1,15
7845,15
-1,16
-1,15
5982,15
-1,15
595,14
9,16
8604,15
-1,15
-1,17
4432,16
-1,17
5390,16
1983,16
6076,17
-1,17
-1,17
9487,16
-1,15
-1,16
-1,16
3711,16
-1,14
-1,16
-1,14
7621,16
5637,19
8808,14
-1,14
1780,16
-1,15
5837,15
4260,15
1628,16
-1,15
-1,14
-1,17
1142,16
-1,14
7182,15
-1,16
830,15
4871,18
3164,15
5779,17
4882,14
-1,15
-1,16
-1,14
8258,14
1256,16
2303,15
-1,16
8802,17
-1,14
-1,15
3638,16
-1,15
-1,17
-1,16
4285,15
1480,16
2266,16
8790,17
3193,16
-1,15
-1,16
8512,14
-1,15
4856,16
9300,16
-1,16
2395,16
-1,16
6103,17
3975,18
9645,18
-1,17
-1,15
2756,17
-1,16
6835,16
4430,15
9573,16
-1,19
7018,17
-1,15
2804,15
3831,15
-1,15
-1,15
-1,15
6515,17
3567,16
-1,15
557,15
-1,15
-1,14
1115,15
-1,15
-1,16
-1,16
-1,16
-1,15
-1,14
-1,15
4606,17
-1,15
5487,16
1173,15
-1,16
7536,16
9448,16
-1,15
8126,15
-1,16
5867,17
8621,16
4187,16
4807,17
8135,15
-1,14
-1,16
-1,16
2947,15
-1,15
6144,15
-1,14
5655,15
8823,16
-1,15
2603,16
-1,15
2480,15
-1,15
3789,15
7175,16
3632,16
-1,15
-1,16
-1,15
2699,16
9522,15
7123,15
411,16
2497,15
-1,15
-1,16
-1,16
-1,15
-1,15
4201,18
-1,14
-1,16
1455,15
-1,14
7125,15
-1,14
-1,16
611,18
-1,15
4982,15
-1,16
-1,16
-1,14
-1,15
-1,15
-1,15
-1,16
-1,16
-1,15
8267,15
-1,14
-1,15
9814,15
4630,15
-1,15
-1,16
5083,15
3265,15
9950,16
-1,15
3513,17
7896,16
-1,14
-1,15
-1,15
-1,15
-1,14
5905,15
-1,15
3810,15
-1,15
299,17
-1,18
701,14
397,15
-1,15
-1,14
-1,17
2296,16
7538,17
-1,17
-1,15
4124,16
1216,17
-1,15
-1,15
7216,15
-1,15
2925,16
-1,15
6865,14
1222,16
1733,15
2822,17
-1,15
5812,15
-1,15
-1,15
-1,15
-1,14
5294,16
981,16
-1,14
3126,15
-1,16
5805,15
-1,14
-1,16
8445,18
753,15
603,17
2331,16
-1,17
7480,16
-1,15
866,14
6366,16
4483,14
5211,15
-1,15
254,15
9790,16
-1,16
237,15
1300,16
2495,15
-1,15
4267,17
-1,15
2249,15
-1,16
3755,14
-1,14
-1,15
668,15
8568,15
-1,15
-1,15
6883,16
328,16
2644,18
-1,15
7152,15
28,16
-1,16
4329,16
8500,18
-1,16
-1,16
-1,16
-1,15
4499,16
5789,16
4550,16
-1,15
2725,16
-1,15
-1,15
1048,16
3779,16
4356,16
8855,16
-1,14
233,15
8510,16
-1,16
-1,14
639,18
-1,16
9306,15
-1,16
4411,17
9938,16
-1,16
-1,15
2081,16
2902,15
-1,16
3112,15
-1,14
-1,14
5459,15
2253,17
4193,16
-1,15
-1,16
-1,16
-1,15
-1,14
-1,14
8772,16
-1,14
5549,16
383,15
1881,16
9579,17
8003,14
-1,15
7259,15
5974,17
2615,16
-1,15
-1,14
-1,15
-1,15
9124,17
8676,15
-1,16
-1,15
-1,15
2496,17
-1,15
8616,18
3249,16
8610,14
801,17
4509,16
-1,16
-1,14
8402,16
4720,17
-1,15
-1,16
3202,16
-1,15
-1,17
8516,15
-1,15
-1,15
-1,15
3319,17
-1,15
365,16
-1,15
7056,16
5760,15
-1,15
9185,16
-1,17
-1,15
7951,15
-1,15
-1,16
8429,16
1910,15
112,15
-1,15
7045,17
-1,16
7170,15
-1,16
7395,17
39,15
-1,15
-1,14
2817,16
-1,15
5326,17
-1,15
2433,16
-1,16
9486,15
8614,16
-1,16
-1,14
8453,17
8082,15
-1,15
8509,15
-1,15
5078,14
-1,14
7888,15
5868,16
8561,15
-1,16
2725,15
-1,15
-1,16
9502,17
2753,15
8024,14
-1,15
7172,14
8448,15
380,16
53,14
4213,15
1864,15
-1,15
-1,14
-1,15
-1,16
-1,14
6642,18
-1,15
-1,15
8985,15
-1,14
5638,15
-1,15
8908,16
-1,15
-1,15
-1,15
6901,15
7933,15
6293,16
-1,15
6090,16
1444,15
-1,15
-1,16
9795,15
-1,14
-1,15
9825,17
-1,15
9076,16
7317,15
1142,17
3810,15
6724,15
1441,15
3179,17
9575,15
7979,19
-1,14
-1,15
4472,15
-1,15
-1,15
4684,15
4310,16
8526,15
-1,15
2218,16
-1,17
4344,17
5227,16
-1,15
1504,17
4164,15
165,17
4089,14
-1,15
1666,17
3006,15
-1,15
9515,15
-1,15
-1,16
-1,15
-1,15
6625,18
4712,16
-1,17
-1,15
-1,15
-1,14
-1,15
6572,16
7645,15
1983,15
-1,14
5006,16
-1,16
-1,15
7053,16
4543,16
-1,15
-1,14
4562,16
-1,16
-1,16
9769,16
-1,17
-1,15
2507,15
-1,17
526,17
-1,16
6164,16
-1,14
6829,18
3572,15
-1,16
-1,15
3952,16
2534,15
-1,15
-1,15
4781,16
-1,15
5043,14
-1,17
-1,16
6608,16
4813,15
9811,15
-1,16
-1,16
4547,16
6289,16
-1,17
604,18
-1,16
2816,17
6767,14
2384,15
7699,15
174,16
-1,16
4271,15
6269,17
-1,15
-1,15
428,14
9796,16
6489,15
4732,15
-1,17
3128,16
-1,17
9994,16
-1,15
4066,17
2155,16
-1,15
-1,15
-1,15
9298,16
-1,15
7528,15
3854,16
975,17
-1,16
-1,15
-1,16
4480,17
-1,15
-1,16
1362,17
-1,15
-1,16
4878,16
-1,16
-1,15
9343,15
-1,15
5958,17
2174,17
-1,16
4328,17
-1,15
7855,16
7842,17
7950,15
2280,15
4133,17
8822,16
-1,14
2274,15
-1,15
-1,16
-1,16
2121,15
6820,18
-1,15
-1,14
6917,15
-1,16
9403,16
5617,16
7532,17
60,15
5918,15
4360,16
7153,16
-1,15
2366,17
-1,15
-1,15
-1,16
2868,15
3354,17
-1,14
-1,15
-1,15
2256,16
8375,15
945,16
-1,16
-1,15
-1,16
-1,16
-1,14
-1,15
2917,14
-1,15
3418,15
8858,15
-1,15
1524,16
6568,16
7654,16
4715,17
-1,18
152,16
-1,16
-1,16
1788,15
665,15
-1,15
-1,15
-1,16
1211,17
-1,15
-1,15
-1,14
3711,15
-1,16
2176,17
4599,17
-1,16
-1,15
-1,15
5295,17
-1,14
1446,15
995,15
7153,16
7043,14
1257,16
2366,17
-1,15
-1,15
4171,15
-1,14
-1,15
-1,14
-1,14
4334,17
-1,14
-1,17
4163,17
-1,16
4126,16
9530,16
-1,15
-1,15
4539,16
4970,15
-1,15
1258,16
-1,14
-1,15
-1,16
1401,15
3009,16
4383,16
767,18
8279,16
5144,15
1316,15
-1,16
-1,15
-1,17
-1,15
-1,16
9361,17
-1,16
-1,16
9293,17
6143,15
-1,15
8058,15
2565,16
-1,17
1658,16
4298,16
-1,15
-1,15
9046,15
-1,15
6400,16
-1,15
-1,15
-1,15
-1,15
3069,15
6727,16
1407,14
-1,15
-1,15
567,16
-1,17
-1,15
-1,15
8230,16
2992,15
-1,15
810,15
3075,15
-1,14
-1,14
-1,16
614,17
9647,15
7490,15
-1,16
2274,15
-1,15
4137,16
7608,16
-1,18
9484,16
8191,15
-1,14
8013,15
9218,16
-1,16
5839,16
2795,15
6163,16
-1,16
3868,15
-1,16
5940,16
-1,14
5211,15
1334,16
7529,16
-1,16
-1,16
-1,15
8762,18
-1,14
5362,15
3735,16
8083,17
-1,15
-1,16
-1,15
6386,16
-1,16
3823,17
-1,15
827,15
-1,15
1867,15
9097,16
5058,16
-1,15
3272,15
5981,15
-1,15
-1,15
-1,15
-1,15
-1,15
2146,16
622,17
5579,15
-1,16
1684,15
7030,15
-1,14
5397,15
5583,17
-1,15
9189,15
5190,15
5497,15
-1,16
246,15
7523,16
-1,16
4903,16
-1,15
3624,16
8621,15
-1,15
170,15
8716,16
-1,16
-1,15
-1,17
-1,15
5619,15
-1,15
-1,15
2484,15
-1,15
9556,15
8907,15
7670,15
8843,15
-1,16
-1,15
-1,15
5267,17
-1,16
-1,16
-1,16
-1,15
-1,15
-1,14
-1,16
7422,17
-1,16
2322,16
4896,16
-1,16
1874,15
-1,14
3291,15
8909,17
-1,16
2170,15
-1,14
1299,14
-1,16
8957,17
-1,15
9158,17
4517,15
-1,15
2833,15
4212,14
-1,16
-1,14
7558,16
5507,15
7689,14
-1,15
-1,16
-1,15
-1,14
2821,14
4339,15
-1,14
8790,15
-1,16
-1,15
9929,16
331,15
6847,16
-1,15
4915,16
4601,16
8841,18
-1,15
-1,15
2027,17
-1,15
5255,15
63,17
-1,15
654,17
9595,16
1535,15
8287,15
49,15
-1,15
1037,16
-1,15
6511,18
-1,16
5651,16
2617,16
6141,16
4809,15
-1,15
-1,15
3764,16
-1,14
-1,16
8618,15
9366,16
8582,15
-1,15
2906,15
8576,15
-1,15
-1,15
8551,15
9627,16
-1,15
-1,15
-1,14
-1,16
1670,15
7468,16
-1,15
6233,17
-1,15
4763,18
2959,16
8923,16
5148,14
9710,15
-1,16
-1,15
463,15
-1,16
-1,15
7557,16
4956,16
-1,16
-1,15
3235,17
-1,15
5681,15
-1,15
-1,14
-1,15
1437,15
2518,15
-1,16
4004,15
4450,14
-1,17
9359,15
7660,16
-1,15
115,17
-1,16
1325,15
5275,16
6935,15
7133,16
-1,16
-1,14
-1,15
8818,16
2167,15
-1,15
-1,16
-1,16
-1,15
5774,16
2586,16
-1,15
1104,17
7314,15
8228,15
2920,15
7168,17
2649,14
-1,14
2135,15
8239,15
-1,15
-1,16
2822,15
-1,15
362,16
8846,15
-1,15
8740,16
3287,16
1918,15
9421,17
3009,16
8657,16
-1,15
6050,17
-1,15
542,15
23,17
-1,15
-1,15
5299,16
1239,14
7205,16
9517,17
3131,14
-1,15
8240,15
413,14
-1,15
6266,15
-1,15
-1,17
8302,15
3051,16
-1,16
695,16
-1,14
-1,17
-1,15
-1,17
523,17
7003,15
-1,15
-1,14
9824,16
9903,16
-1,16
-1,16
1348,16
-1,15
4790,15
9463,16
-1,15
6386,16
-1,15
-1,15
-1,14
-1,15
-1,17
9803,16
-1,16
-1,14
5178,14
6919,16
-1,16
-1,14
-1,16
8675,16
-1,17
6686,16
-1,15
8673,16
5140,18
6825,15
-1,15
-1,14
-1,15
-1,16
4906,16
-1,16
-1,16
-1,15
6944,16
-1,15
4294,16
-1,16
-1,16
-1,16
-1,15
-1,15
7636,16
-1,16
-1,15
3007,19
-1,16
-1,15
-1,18
-1,15
2227,15
-1,16
-1,14
-1,16
-1,15
1307,18
-1,15
9147,16
3655,16
956,14
3817,16
-1,15
-1,14
1397,17
-1,15
-1,15
6508,15
4523,16
-1,15
-1,16
9325,16
-1,16
-1,15
8248,15
-1,16
-1,15
1603,15
-1,15
6273,15
-1,16
4545,15
-1,15
4537,15
311,15
-1,14
1208,15
3426,17
4178,15
8091,15
-1,15
-1,15
9024,18
-1,16
4227,17
33,16
-1,16
-1,15
7136,15
-1,14
-1,15
7008,16
2987,15
-1,16
8984,15
4313,16
4645,14
2100,15
4757,16
-1,15
-1,14
-1,17
-1,16
1899,15
7635,16
6624,15
1073,15
2195,16
-1,14
-1,15
-1,16
-1,16
9835,15
-1,15
6674,15
-1,16
3060,16
-1,16
8229,16
-1,17
-1,15
-1,16
-1,15
6574,14
-1,15
-1,14
-1,15
6503,15
2087,16
4607,18
-1,15
-1,14
-1,15
-1,14
-1,16
3289,16
-1,16
-1,14
2998,16
307,15
-1,15
-1,14
-1,14
167,16
5141,17
-1,15
2708,15
-1,16
4529,17
5377,15
824,18
5885,16
-1,15
8750,16
-1,15
-1,15
5016,16
-1,17
-1,16
1669,15
3785,15
-1,15
5532,16
-1,17
4540,16
5747,15
358,15
-1,15
-1,16
-1,16
-1,15
7662,15
9873,16
-1,15
-1,15
4429,16
-1,15
6816,16
6080,15
-1,15
-1,14
-1,14
9146,15
5994,17
8139,16
-1,15
9922,15
60,15
-1,17
6497,15
9165,15
-1,16
7381,16
6733,14
1803,15
1108,16
-1,16
5030,14
-1,16
9410,17
-1,16
3425,16
1027,18
-1,15
-1,14
9451,15
-1,16
5374,14
7151,14
1421,16
-1,15
1537,16
4652,16
8634,16
1199,15
-1,15
2083,16
1349,16
-1,15
1456,16
-1,15
-1,15
4356,16
9650,16
5635,15
1668,15
8119,14
2996,15
-1,16
-1,15
4918,15
-1,15
-1,15
-1,14
-1,15
1554,15
-1,16
7973,17
2122,16
7829,15
8236,16
2894,15
598,15
-1,14
8204,17
1270,15
-1,15
465,15
5736,17
6001,15
6797,16
6500,16
-1,16
8811,16
8409,17
-1,17
-1,15
9857,15
1556,15
9841,16
-1,15
-1,15
1728,16
-1,15
819,16
3822,15
-1,15
-1,16
-1,16
-1,15
-1,16
-1,16
-1,16
5416,15
8600,14
-1,16
-1,14
-1,14
-1,15
6437,16
-1,15
-1,16
-1,15
4743,17
4870,15
1651,17
-1,16
4287,15
-1,16
2346,15
7733,15
-1,15
-1,15
7305,15
957,15
-1,15
-1,14
-1,16
1166,15
9932,16
-1,15
7688,16
8639,16
2352,15
7359,16
-1,14
7527,16
1579,17
-1,15
1257,15
-1,16
-1,16
-1,15
-1,14
1517,16
-1,15
-1,16
-1,15
691,15
3913,15
-1,16
4012,16
-1,15
-1,15
474,14
4285,17
1046,16
2088,16
-1,16
3929,15
9015,16
-1,17
-1,15
7232,16
-1,15
-1,15
2237,17
-1,15
7715,15
-1,17
-1,16
-1,14
-1,15
-1,14
-1,16
-1,15
-1,16
-1,16
-1,15
2780,15
-1,16
-1,16
-1,15
3418,15
-1,16
265,16
9619,16
-1,15
8514,17
-1,16
7467,15
-1,17
9009,14
-1,14
-1,15
2235,15
-1,14
-1,14
8991,15
-1,14
221,15
-1,14
-1,16
-1,17
2691,15
-1,16
-1,16
2118,15
-1,15
-1,16
8507,15
-1,15
-1,15
-1,16
6264,16
7029,15
4046,15
-1,15
-1,16
-1,15
6373,16
-1,15
302,17
-1,16
-1,15
-1,15
-1,17
988,15
4371,16
-1,14
8069,15
-1,15
3442,16
621,16
-1,15
4903,15
-1,15
-1,15
-1,14
5410,16
-1,15
-1,16
2157,16
-1,14
-1,15
9860,14
-1,14
8214,15
2287,16
-1,16
-1,14
-1,14
-1,14
-1,15
-1,15
5109,15
-1,15
7438,14
-1,15
-1,15
-1,15
1653,16
-1,14
6059,15
-1,15
-1,16
1064,16
1098,17
4335,15
-1,15
-1,15
998,15
5404,16
1945,15
3160,14
1240,17
1811,17
86,16
7943,18
1359,16
9928,16
8263,15
-1,16
-1,16
1296,15
8411,15
9591,15
3414,15
3634,16
2944,16
1447,15
-1,16
-1,14
6264,16
2429,17
-1,15
3140,17
5245,16
-1,17
4390,14
-1,15
-1,15
-1,16
6951,17
-1,16
489,16
9254,16
2842,15
3031,16
-1,16
-1,15
-1,15
-1,16
-1,16
1315,16
-1,15
7249,15
8813,16
8517,17
9680,16
-1,17
5970,15
1502,15
5139,16
9708,15
1035,15
7804,16
-1,14
-1,16
56,15
4175,15
-1,15
-1,14
7488,15
-1,15
-1,15
-1,15
-1,15
5340,15
9894,16
-1,14
-1,15
-1,16
5250,16
-1,14
2485,15
-1,16
-1,15
4706,16
902,15
-1,15
8949,15
9819,16
-1,16
-1,15
2996,15
9469,15
-1,17
4220,17
290,16
-1,15
-1,16
-1,16
-1,16
-1,16
-1,16
4981,16
-1,15
-1,16
-1,15
4898,15
641,18
8139,15
-1,15
-1,16
2038,16
9539,16
3120,16
-1,16
-1,15
6321,15
9739,15
-1,15
8550,14
2770,15
-1,16
7297,16
1081,15
6084,16
7699,18
1173,16
-1,15
5791,17
7709,16
-1,16
7228,15
-1,15
-1,15
9904,16
2637,15
-1,15
-1,16
4025,15
-1,15
-1,17
8292,16
-1,14
5835,15
-1,15
9347,15
-1,14
2275,15
4565,16
8162,16
3005,15
-1,17
4955,17
8445,15
-1,15
-1,15
3455,15
-1,15
-1,16
-1,15
-1,16
8676,16
9918,15
7279,15
3241,16
-1,16
-1,16
-1,15
8479,15
-1,15
6053,16
-1,16
5281,15
4401,15
9397,16
6533,17
6983,16
-1,15
-1,15
-1,16
-1,15
7504,15
-1,17
-1,15
-1,16
-1,16
9929,17
6433,16
-1,16
9308,15
4531,17
9148,16
5258,17
-1,15
7509,15
8797,16
8360,15
8347,16
-1,16
-1,15
-1,15
8605,17
-1,14
-1,14
-1,14
-1,15
2280,16
-1,15
6325,16
1285,15
3156,16
-1,15
7751,15
3399,15
-1,14
-1,16
-1,15
5093,15
3126,15
6713,14
-1,15
3046,17
3582,18
-1,16
1362,18
-1,15
-1,15
3835,15
6784,17
7607,15
-1,15
2076,16
5169,17
-1,14
3549,15
-1,15
4815,16
4097,15
-1,14
5264,17
4801,17
-1,16
-1,15
-1,16
-1,16
-1,14
3591,16
4035,16
-1,14
9312,17
-1,17
2522,16
-1,16
2708,16
-1,14
-1,16
-1,15
7969,17
-1,16
691,15
3572,16
6246,17
-1,14
6493,14
8966,17
-1,16
7123,15
-1,15
9849,17
837,17
-1,15
5567,15
-1,14
2550,18
4706,16
-1,15
-1,15
7069,17
-1,15
-1,14
-1,15
-1,16
8584,15
-1,15
2444,15
3669,16
5597,16
-1,16
-1,14
-1,16
-1,15
7811,17
-1,15
8424,16
-1,16
4909,15
-1,17
-1,15
9101,15
3819,17
3483,15
-1,15
-1,15
-1,15
-1,15
-1,16
9377,16
7762,16
3861,16
9892,17
-1,15
-1,17
-1,15
3591,17
7345,16
-1,15
-1,16
8741,16
-1,16
9718,15
1064,15
4690,16
7100,16
9971,16
9125,18
1629,15
482,15
1761,16
8926,16
-1,16
-1,16
-1,15
3096,15
2256,16
-1,15
2663,16
4420,15
4292,16
-1,14
-1,17
1326,15
-1,15
1637,16
-1,14
-1,16
3560,14
9324,14
3879,18
5534,16
2332,16
9569,17
2183,15
8589,15
844,15
-1,14
-1,14
-1,16
-1,16
9036,17
1771,16
-1,15
4761,16
9351,14
-1,15
1894,14
7127,15
-1,14
5861,15
-1,15
2879,16
-1,16
-1,16
2225,17
-1,15
-1,17
1371,17
-1,15
414,15
664,16
-1,15
-1,15
-1,16
-1,14
-1,16
9674,17
9993,15
-1,14
-1,16
793,16
-1,16
-1,14
267,16
-1,15
-1,15
8638,15
2475,15
8517,16
8573,15
4418,16
5512,14
3981,15
9766,16
-1,16
4015,17
-1,16
-1,15
-1,14
8820,17
-1,15
9313,15
-1,16
-1,16
5607,15
2147,14
5083,15
9294,15
1563,15
483,15
2678,15
-1,16
8758,16
2196,16
4561,14
-1,15
-1,15
-1,14
-1,16
-1,14
-1,17
8520,15
7312,16
6915,17
5705,16
4658,14
2694,17
-1,18
504,16
-1,15
942,15
8467,16
-1,14
-1,15
10,15
-1,16
6282,15
8019,16
763,17
-1,15
-1,15
3805,16
9359,17
5098,15
7228,16
-1,15
-1,15
3022,16
-1,14
-1,16
4116,15
3126,15
6200,15
-1,16
-1,16
-1,16
-1,15
-1,15
-1,15
-1,15
-1,16
2403,15
5516,15
-1,17
7484,15
3015,15
-1,15
506,16
7867,16
-1,15
-1,16
2673,17
-1,15
-1,14
-1,15
-1,17
873,15
-1,15
8760,16
2892,15
858,15
-1,15
2015,15
1900,15
-1,14
9397,16
-1,15
339,18
-1,16
-1,15
1234,16
4572,15
-1,16
2263,16
255,16
7150,15
-1,15
-1,15
-1,14
-1,15
-1,17
-1,15
-1,15
6048,19
6784,15
-1,14
-1,16
1312,16
9011,16
6905,16
8688,17
-1,15
-1,15
618,14
9009,14
3849,15
-1,15
-1,14
2428,15
-1,15
5624,16
4713,16
4900,16
2984,15
2966,16
8118,17
-1,16
-1,16
-1,15
1696,15
-1,15
-1,15
538,16
-1,15
9430,15
-1,16
-1,15
-1,16
1477,16
-1,15
-1,15
1986,17
7175,16
-1,15
704,16
-1,16
-1,15
-1,15
-1,15
-1,14
-1,15
-1,16
-1,15
-1,15
9645,15
819,15
-1,15
1526,14
7422,16
-1,16
-1,16
1282,16
-1,15
4422,15
-1,15
-1,15
2361,16
2492,15
834,15
-1,14
-1,15
5553,15
-1,15
-1,17
4129,19
3949,16
-1,15
-1,15
-1,15
6732,16
404,15
-1,17
3848,16
-1,17
-1,15
-1,15
3543,15
-1,15
2444,15
-1,15
8135,16
5778,17
-1,15
2122,16
-1,15
-1,17
-1,14
5663,15
7516,15
-1,15
-1,16
7634,17
-1,16
939,19
-1,16
-1,16
8577,16
-1,14
7286,17
3468,16
3398,15
9227,14
-1,16
5989,16
9358,15
-1,15
8221,15
-1,15
3066,17
6810,16
9771,17
-1,16
6246,17
9222,16
-1,15
6997,16
-1,15
-1,15
3897,15
8090,16
-1,14
-1,16
5824,15
-1,15
-1,15
5928,16
5546,15
-1,15
9654,18
-1,15
3594,15
-1,15
8167,17
5098,16
-1,14
27,14
-1,16
3110,18
-1,15
-1,14
4182,14
8324,16
-1,16
-1,16
7781,14
-1,17
-1,15
4713,16
4649,17
-1,16
-1,13
3882,14
2932,16
-1,16
-1,15
9588,18
9179,16
-1,16
1093,16
7469,15
3632,14
1734,16
-1,14
-1,17
8576,17
-1,15
5980,16
-1,17
-1,14
3606,15
9065,17
-1,16
-1,15
1801,16
-1,15
8141,16
7948,16
-1,15
3904,15
3726,16
7394,15
-1,15
-1,15
8315,16
-1,15
3891,15
-1,14
742,15
6428,15
9748,17
5891,14
5676,15
-1,15
131,16
-1,16
-1,16
5104,15
5182,16
-1,15
-1,16
-1,15
4745,16
-1,16
6386,15
-1,14
4856,16
-1,15
-1,19
7050,17
4473,15
-1,15
5323,16
1353,17
-1,15
-1,15
-1,14
2135,17
8516,16
7622,17
-1,14
-1,14
5619,16
-1,16
-1,14
-1,17
-1,16
6383,16
4643,15
-1,15
-1,18
-1,14
6453,16
3354,17
-1,15
2265,16
-1,16
530,15
1842,16
2580,16
-1,14
5348,16
7944,17
9777,16
-1,16
-1,16
-1,15
-1,15
9082,16
-1,15
-1,15
-1,16
-1,15
-1,15
4904,17
9625,17
3089,16
-1,15
-1,16
6511,15
1764,14
1180,16
-1,15
-1,15
9556,14
-1,15
-1,14
2603,16
4674,16
-1,15
899,14
9776,16
-1,16
2048,16
-1,14
2600,17
6864,16
470,15
8602,15
2394,15
7717,16
-1,17
6356,15
-1,14
-1,14
5620,16
7710,16
9738,16
-1,15
9732,17
-1,15
-1,15
3787,17
4998,15
-1,16
-1,15
9046,18
-1,16
1637,14
9904,17
3884,16
7575,16
9314,15
-1,16
-1,16
-1,16
-1,17
3779,16
7968,16
-1,15
4063,17
-1,15
-1,16
565,18
-1,16
-1,15
-1,17
-1,14
3404,16
8682,15
1487,15
4731,17
3584,14
7368,15
-1,15
-1,15
-1,16
1070,16
-1,16
6564,16
3281,16
5215,17
5655,17
-1,16
2802,16
-1,16
6746,15
5697,15
-1,16
-1,15
4605,16
-1,16
-1,15
7741,17
-1,14
-1,16
-1,14
3528,15
1212,16
-1,16
1699,16
-1,16
4518,16
5853,15
-1,17
5968,15
3287,16
-1,16
-1,14
-1,16
-1,15
-1,14
-1,15
8607,16
-1,15
-1,17
390,15
6670,16
-1,14
4762,18
3002,15
-1,16
1218,17
3429,16
6782,19
-1,16
8831,15
-1,14
-1,14
1604,14
-1,16
8371,15
-1,16
-1,14
6453,15
-1,16
4192,15
-1,17
-1,14
3285,17
8335,17
-1,16
737,15
4668,16
-1,15
1482,15
8637,15
-1,16
4605,15
-1,15
6562,17
3157,16
-1,15
-1,15
1638,16
880,15
4106,15
3604,19
5457,17
7386,15
7481,16
-1,15
-1,16
-1,16
6650,15
-1,16
5689,16
5840,15
-1,16
-1,16
5881,15
2025,16
-1,15
-1,15
187,16
3731,16
3348,14
-1,16
-1,16
-1,15
-1,17
-1,15
9381,15
3113,17
-1,16
8212,16
6078,16
5422,17
-1,16
-1,16
3231,15
2861,13
5277,16
8023,15
-1,16
-1,15
-1,16
7604,16
2288,16
-1,16
-1,15
1519,16
-1,15
-1,17
-1,16
7120,14
1779,17
-1,16
6260,16
-1,16
338,15
6890,18
8031,16
606,16
8708,15
-1,15
-1,16
8278,16
-1,14
2542,15
7913,15
-1,15
1686,17
-1,17
865,17
2828,15
2615,15
-1,15
-1,14
7989,15
-1,15
-1,16
3067,15
-1,15
-1,16
3721,15
-1,16
-1,15
-1,16
-1,15
-1,15
4952,15
-1,16
1748,15
-1,16
-1,15
-1,15
-1,15
9848,15
9577,15
6574,16
-1,15
3818,16
4543,16
9058,15
-1,16
8375,17
5919,16
-1,15
8071,14
9343,16
-1,15
-1,15
-1,15
-1,16
1629,16
3889,16
874,17
328,16
-1,15
-1,15
7798,16
9787,17
5884,15
-1,16
22,15
4819,16
3278,16
7725,17
1979,16
-1,16
-1,15
7555,15
-1,16
-1,15
-1,15
1973,17
-1,15
-1,16
74,15
-1,17
5214,16
-1,15
-1,14
-1,15
-1,15
-1,15
-1,15
8754,17
2177,15
4914,15
-1,15
3051,16
4294,15
1242,16
-1,16
918,15
3139,15
-1,15
-1,16
-1,14
-1,17
-1,15
-1,15
-1,15
-1,17
-1,17
-1,16
7386,17
-1,15
-1,17
9936,16
4126,15
6376,15
8013,16
-1,17
-1,15
-1,16
2892,15
-1,17
6031,16
9511,15
-1,14
1190,16
3059,17
5260,15
-1,15
6385,16
-1,15
1098,16
-1,15
9091,16
6773,16
-1,15
2619,17
9456,15
1797,16
5673,16
563,18
2499,15
575,16
-1,15
-1,15
9854,17
-1,15
-1,15
-1,15
6496,14
5392,15
8620,15
4129,15
-1,14
3045,15
6168,16
7445,16
-1,15
-1,15
5921,19
2973,16
-1,17
2663,16
1592,14
-1,14
-1,17
-1,15
7694,16
-1,15
3786,15
2844,15
-1,15
7859,17
1927,16
613,16
-1,16
-1,15
-1,15
3241,16
-1,15
7808,17
-1,17
-1,15
6173,16
-1,15
-1,15
-1,15
-1,16
6167,16
-1,15
-1,14
6343,15
2110,15
2241,16
4345,15
-1,15
5752,18
-1,15
-1,14
-1,16
8219,16
-1,16
8816,15
-1,14
6524,16
-1,14
361,17
5888,15
-1,15
-1,15
8731,16
8792,16
-1,15
-1,15
8431,17
2245,16
5171,14
-1,15
-1,15
6381,17
-1,16
856,17
8990,15
8152,17
9024,18
-1,15
6851,16
-1,15
-1,14
1982,15
-1,15
94,15
-1,14
-1,16
575,16
-1,17
-1,15
-1,15
2012,17
-1,15
-1,15
-1,16
-1,15
-1,15
-1,15
9581,16
-1,15
-1,15
-1,15
5648,16
-1,16
4463,15
-1,16
433,15
-1,16
-1,15
-1,15
9501,15
486,16
-1,15
5120,16
-1,15
6179,18
-1,16
5376,15
5446,16
1382,14
-1,15
2594,17
-1,17
9122,16
5718,16
9788,17
7712,15
9562,16
9258,15
5600,17
9656,15
5611,17
5443,17
5579,17
-1,16
-1,16
1697,16
4994,17
8657,15
-1,17
9202,16
-1,16
4315,17
-1,15
-1,14
8058,15
-1,15
-1,15
-1,16
2728,16
6023,16
4787,16
-1,15
-1,15
1331,16
-1,15
-1,16
-1,15
-1,14
7946,17
1237,17
8302,17
-1,16
3876,16
1699,14
7965,16
6779,17
-1,14
-1,15
-1,16
4738,17
2537,15
-1,16
-1,14
6533,15
-1,15
-1,15
2483,16
5172,17
2663,15
4206,15
-1,16
-1,14
-1,16
9098,16
9300,17
5521,15
6886,16
1406,16
8035,15
-1,16
-1,17
2312,16
5607,15
1306,16
1110,16
2416,17
2342,15
8736,15
339,15
-1,15
-1,15
-1,15
8060,17
-1,15
-1,15
-1,16
4815,15
7616,16
2745,15
5452,15
9203,16
-1,14
-1,15
5031,15
4334,16
7443,15
-1,15
2571,19
-1,14
2119,16
2282,17
7462,14
-1,16
-1,15
9114,17
3026,17
3061,15
2189,15
3201,14
2141,16
-1,15
-1,16
3435,15
-1,15
3951,16
-1,15
-1,15
3087,16
-1,15
-1,16
-1,16
3833,15
-1,14
7309,16
-1,14
-1,15
6572,16
-1,16
768,15
-1,15
4548,15
-1,15
492,17
1520,15
8862,15
-1,15
-1,14
-1,15
-1,14
-1,16
-1,16
732,15
-1,15
-1,15
-1,15
170,15
-1,17
8237,15
8933,17
-1,15
560,16
8335,15
2705,16
9616,16
-1,15
4861,17
515,17
4311,15
5250,15
-1,15
373,15
1377,15
2935,15
8364,15
-1,15
-1,15
-1,15
2906,17
-1,15
-1,14
2299,15
1552,15
-1,15
6504,16
-1,14
-1,14
-1,16
-1,14
-1,15
-1,15
-1,14
-1,17
4785,15
108,15
-1,16
-1,14
-1,16
3785,15
-1,14
9460,15
1341,17
7736,15
-1,15
1772,16
7222,16
-1,14
637,17
-1,15
-1,15
-1,15
-1,15
8154,16
3951,17
2538,16
1708,16
5179,18
1734,16
-1,17
-1,16
-1,15
-1,16
-1,15
716,16
9665,16
-1,16
8100,16
-1,15
-1,15
-1,16
-1,15
2814,15
6845,16
-1,14
5596,15
8503,15
3839,16
-1,16
-1,15
3367,16
8666,17
-1,14
656,16
-1,15
4424,15
1708,16
8736,16
-1,15
6450,17
8920,15
7877,15
-1,13
6798,15
9989,16
4176,16
-1,15
-1,15
7529,17
9707,15
-1,15
2158,15
3223,16
-1,15
-1,15
-1,15
-1,17
9204,15
-1,16
-1,15
-1,15
-1,14
9566,15
-1,15
-1,14
8413,15
1629,15
-1,16
-1,16
-1,15
2777,15
-1,14
-1,15
5394,16
9796,15
-1,14
-1,15
8100,15
-1,15
11,17
-1,15
-1,16
-1,15
4379,16
-1,15
-1,16
4465,15
2074,16
253,16
1336,17
1819,17
-1,15
-1,17
-1,14
-1,16
-1,16
713,15
5944,15
-1,13
-1,16
3973,15
9201,15
1532,16
-1,14
-1,14
805,16
1533,17
9196,16
-1,15
-1,16
6018,16
563,14
-1,14
7447,15
-1,15
-1,15
-1,16
2741,16
4885,14
4087,14
-1,15
-1,16
-1,16
8465,17
1993,16
-1,17
1558,15
-1,16
-1,15
1921,17
3882,15
2989,17
5823,16
-1,15
-1,16
-1,15
7857,17
5872,16
-1,16
-1,15
1574,16
-1,14
9494,17
-1,15
4494,16
-1,16
-1,15
4312,16
7628,15
7618,15
3487,15
1164,16
-1,15
9058,15
-1,15
-1,15
5203,16
-1,16
3595,15
-1,14
2261,15
-1,14
9947,17
3997,15
7206,16
-1,15
9344,15
3431,17
-1,16
6671,16
9463,15
8145,16
-1,15
3270,14
5704,15
-1,16
-1,14
-1,15
-1,16
-1,16
482,16
4387,15
-1,15
7291,17
9620,16
5469,17
-1,14
2961,16
-1,15
-1,15
-1,14
-1,15
6142,16
-1,14
-1,16
1104,17
-1,16
-1,15
4439,16
4348,16
6829,17
2490,15
8173,15
5963,16
2091,17
-1,16
547,15
4919,14
3493,15
7360,17
9188,18
6302,14
-1,15
-1,15
-1,15
3779,16
3322,14
-1,15
-1,15
-1,15
-1,14
-1,15
1535,16
4487,14
6064,15
-1,14
9942,17
-1,16
1990,15
-1,15
6516,14
-1,16
-1,14
-1,16
-1,14
-1,15
-1,15
7265,15
6569,16
-1,15
-1,15
7550,15
-1,15
8901,15
3976,16
-1,15
-1,15
7715,14
-1,16
6853,15
8560,16
4906,17
-1,16
-1,14
56,17
-1,16
-1,16
7415,16
-1,15
-1,15
1583,16
-1,15
4912,16
5358,15
-1,15
-1,15
4585,18
-1,15
1519,15
-1,15
-1,15
-1,15
8205,15
5386,15
-1,14
-1,15
-1,15
287,16
-1,15
-1,15
967,16
-1,14
-1,16
-1,15
5628,15
9703,14
8191,15
3527,17
-1,16
-1,14
-1,15
1612,15
-1,15
-1,14
1304,15
-1,16
-1,15
4550,16
-1,15
-1,15
-1,14
-1,16
4890,18
-1,16
9486,16
5541,16
-1,16
965,17
1255,14
3539,17
7036,15
1380,16
4608,16
3759,15
-1,16
2685,16
-1,15
-1,15
-1,16
7458,15
3658,17
1312,16
6969,16
-1,15
-1,16
-1,15
-1,16
-1,15
4135,17
-1,15
8871,15
2228,17
-1,16
1864,16
8212,17
4517,15
-1,14
-1,15
1753,15
2433,16
7541,16
-1,17
-1,15
-1,15
3699,15
4669,16
5872,15
8452,15
9541,18
-1,15
-1,15
-1,14
-1,15
-1,14
-1,14
-1,16
-1,14
8114,16
-1,16
-1,16
-1,15
2571,16
5306,16
2830,16
-1,14
44,16
-1,13
-1,14
6515,15
-1,15
9044,15
642,16
-1,15
-1,17
-1,16
-1,16
-1,16
619,15
9734,14
-1,17
-1,15
-1,14
-1,15
1640,15
-1,15
1630,16
6696,15
-1,15
7658,17
3560,16
7623,16
-1,15
4442,17
5959,16
6261,16
-1,15
2698,16
6692,16
737,16
9341,17
8335,14
-1,14
1193,16
4387,15
1368,15
2498,15
9629,17
9194,15
-1,16
-1,15
-1,16
-1,17
2257,15
3456,16
-1,16
1142,17
7655,14
1964,16
3210,15
238,16
8263,16
4608,16
4751,15
-1,15
-1,15
7986,17
8981,17
1704,15
2046,15
-1,15
8386,15
-1,15
-1,15
-1,16
8809,15
-1,14
8389,15
-1,15
2154,16
-1,14
-1,15
-1,16
-1,15
8796,15
-1,15
-1,15
4356,16
-1,14
863,15
402,16
-1,15
-1,16
-1,15
7029,16
6298,16
8870,16
-1,15
7114,15
9488,15
-1,16
7619,15
8839,15
173,16
-1,15
7312,14
5210,16
3880,15
590,17
5293,15
-1,15
7825,15
-1,15
7413,16
1183,17
5056,17
4629,15
972,16
5259,16
-1,15
-1,15
6155,16
5515,14
-1,14
6870,16
8150,15
4955,15
-1,15
5273,16
4843,14
7056,16
-1,15
-1,16
-1,16
999,15
2921,16
7675,16
-1,16
6683,16
874,14
-1,16
2116,15
2691,15
7086,15
-1,14
7213,15
8646,17
1875,15
9998,15
2488,16
-1,15
-1,15
-1,15
-1,15
-1,15
9778,16
6626,16
5692,15
1252,15
-1,16
6170,15
1591,15
-1,15
161,17
5930,15
-1,14
3877,15
-1,15
2931,18
-1,16
2941,15
-1,15
11,16
-1,15
-1,15
217,15
6420,16
-1,15
6435,15
7843,15
-1,16
3419,17
-1,15
2452,15
-1,16
1567,15
-1,15
6752,17
7368,16
11,16
4793,16
5042,16
8384,14
8261,16
-1,15
-1,15
3852,17
2802,15
-1,18
5412,15
3936,16
5305,17
-1,15
-1,14
9476,16
9660,16
3960,14
7855,14
-1,15
9332,18
-1,15
-1,15
8211,16
1344,16
767,17
-1,15
-1,15
6298,15
-1,15
-1,15
9145,16
6254,16
-1,15
8870,15
5621,15
4366,15
1988,16
5035,16
3377,16
4529,16
-1,17
2802,16
-1,15
-1,16
637,16
5306,14
-1,15
8104,16
7293,14
-1,15
-1,15
7476,17
8005,16
8933,16
-1,14
-1,16
472,15
-1,15
-1,15
244,16
-1,15
-1,15
-1,15
9853,15
-1,14
2777,16
6694,15
8382,17
9971,15
-1,14
-1,15
742,15
-1,16
-1,15
-1,15
9387,15
-1,14
8061,16
5596,15
-1,14
-1,15
616,19
9901,15
-1,15
-1,16
-1,15
5211,15
8772,17
750,17
-1,15
219,15
8773,16
-1,15
4297,16
9658,16
-1,15
-1,15
-1,15
-1,16
5051,16
6050,15
4173,16
9075,16
8822,16
-1,16
-1,14
9957,17
9917,17
7186,16
7115,16
1494,17
-1,16
-1,14
4180,15
2782,16
-1,15
-1,18
-1,14
-1,15
5448,16
-1,17
-1,15
-1,16
7690,16
-1,15
-1,16
8349,16
4829,16
-1,16
-1,14
-1,16
3670,15
7205,17
7359,16
1527,16
1702,14
-1,15
4101,16
3120,16
4254,17
-1,14
-1,16
-1,16
3335,16
-1,15
643,15
-1,16
-1,15
7428,16
3309,16
1713,15
9800,17
861,16
8615,16
-1,15
7574,15
8,16
-1,15
-1,15
5910,15
6405,17
338,17
1533,15
-1,16
-1,15
-1,15
721,15
-1,15
-1,17
-1,15
5065,16
2094,15
8516,16
-1,16
9786,16
-1,16
732,17
-1,15
-1,16
775,17
9821,16
3052,15
9353,15
-1,15
6478,17
-1,15
9098,15
9299,17
-1,15
6461,16
5009,16
4165,17
8521,15
-1,15
3755,15
-1,14
7839,16
-1,14
5286,15
-1,15
-1,14
1655,15
8912,17
4673,14
5192,15
603,15
-1,15
382,14
-1,15
7371,15
-1,15
-1,15
-1,15
-1,16
-1,16
2612,16
-1,16
4868,15
-1,16
2604,16
4957,14
-1,15
-1,18
4993,15
3656,16
-1,16
3622,15
-1,16
-1,14
9008,16
-1,16
-1,15
-1,15
7090,15
8225,16
3372,16
9062,16
-1,15
-1,15
-1,16
7021,14
-1,15
-1,15
-1,16
8005,15
-1,15
2893,16
8209,14
1922,14
7812,15
-1,16
-1,15
2700,16
-1,16
3804,16
4932,15
7847,15
-1,15
-1,15
2194,16
8373,14
946,15
-1,14
1754,16
9539,17
-1,14
6810,17
4177,16
-1,14
2795,16
-1,16
-1,17
5008,17
-1,16
-1,16
8625,15
-1,15
2607,16
-1,15
-1,15
-1,15
-1,15
-1,15
6796,16
-1,16
-1,15
-1,16
-1,16
-1,15
-1,15
2128,15
6315,15
3252,15
4086,15
2045,17
-1,14
4302,16
7394,16
2386,15
-1,14
-1,14
6468,16
7050,15
-1,14
2485,17
-1,15
7490,17
-1,15
-1,15
-1,16
4306,16
-1,15
-1,16
8067,16
-1,14
77,14
9899,16
-1,15
8123,17
4828,16
2582,16
-1,15
189,15
-1,14
3039,16
-1,17
-1,14
-1,16
-1,16
-1,14
6670,16
3902,16
-1,17
3975,18
-1,15
-1,15
-1,15
-1,16
1093,15
-1,16
-1,16
7940,17
1596,17
-1,16
9285,16
4825,15
-1,15
8526,15
-1,17
-1,15
-1,15
8526,16
7686,15
-1,17
-1,16
-1,15
9883,16
9952,15
7185,16
281,16
3803,16
-1,15
-1,15
5733,16
1479,15
8584,17
-1,17
-1,14
3788,16
6750,15
3045,15
3029,15
6811,15
-1,15
-1,15
5191,15
7817,16
8914,15
-1,15
6062,17
-1,15
4185,15
-1,15
-1,15
-1,15
3212,17
-1,15
-1,15
6729,16
6876,15
-1,16
3120,17
7593,16
-1,14
-1,16
7872,16
2067,17
-1,15
6759,16
8797,16
-1,15
332,16
4614,16
2896,16
-1,15
1928,17
-1,15
618,15
9474,17
9986,17
-1,15
-1,16
-1,15
7951,15
6107,17
-1,16
5211,15
-1,14
2842,17
9716,16
-1,15
-1,16
1378,18
-1,14
7580,15
3551,15
-1,15
1919,15
1340,15
-1,16
-1,15
1293,17
1182,15
-1,15
-1,16
-1,16
-1,15
2921,15
5100,15
3664,16
2550,15
9280,15
-1,15
-1,16
-1,15
-1,14
-1,16
3632,16
-1,15
95,16
-1,15
11,16
7247,17
-1,15
-1,15
-1,16
6914,15
-1,16
1843,15
85,16
-1,16
-1,16
-1,15
990,17
-1,15
2041,16
3924,16
-1,16
194,15
428,15
6431,15
-1,14
3986,16
105,16
-1,15
7051,16
451,15
-1,15
-1,15
9772,15
-1,15
-1,15
-1,15
2944,14
-1,16
-1,15
-1,15
-1,15
8582,14
-1,14
-1,16
2860,16
-1,14
-1,15
-1,16
2183,16
-1,15
8775,15
-1,16
6312,16
-1,14
-1,16
-1,16
7473,16
1147,15
-1,14
-1,16
7992,17
3093,16
3340,14
5179,15
2764,15
5767,15
1152,17
-1,16
7447,18
-1,15
-1,15
7224,16
-1,15
-1,15
-1,16
4764,15
-1,15
9099,15
-1,15
74,17
-1,15
-1,15
-1,15
-1,15
7409,17
-1,15
1187,16
3500,15
-1,15
7247,16
2002,16
4223,15
2131,16
6239,16
-1,17
-1,15
1660,16
-1,16
9537,15
1981,16
-1,16
-1,16
8105,16
-1,15
808,16
-1,16
-1,15
-1,14
2734,15
3035,16
4963,17
9925,15
2786,15
-1,15
5819,16
-1,15
2229,16
2214,17
-1,15
-1,15
8260,15
6034,16
-1,16
8909,15
6053,15
-1,16
4649,16
7161,16
-1,15
625,17
-1,16
3322,14
-1,18
9040,15
-1,16
4607,17
-1,15
7013,16
-1,15
6535,16
3084,15
3900,16
5335,16
5086,18
-1,17
-1,15
9321,16
-1,15
6444,16
7883,17
-1,16
-1,14
8278,14
-1,14
1319,16
-1,14
6280,15
-1,15
-1,14
6949,15
-1,15
6667,15
4744,15
-1,15
8852,16
9569,16
-1,15
2516,16
8877,16
-1,14
-1,16
-1,15
7220,15
3068,16
-1,15
3403,17
5801,15
14,17
4063,17
-1,14
2450,15
7984,15
4498,15
9456,15
-1,16
-1,15
3044,15
9677,16
8051,16
5665,16
-1,15
-1,16
-1,17
2590,15
9251,17
-1,16
-1,15
2531,18
-1,15
-1,16
6119,16
-1,16
6071,16
4431,16
524,15
-1,14
-1,16
-1,14
1941,16
7318,15
4206,16
8547,16
9211,15
-1,15
5059,16
7403,14
-1,15
-1,16
9496,16
1897,15
4113,16
-1,15
-1,15
-1,15
-1,15
2745,15
5546,15
-1,16
1503,16
5926,17
2623,14
-1,16
-1,14
-1,15
-1,15
1055,15
2076,15
1332,18
5131,16
-1,16
4001,15
-1,16
1789,16
722,15
2423,15
-1,16
4944,16
7313,16
-1,16
2920,15
-1,16
-1,15
923,17
1144,17
3095,15
6238,17
9788,15
6618,18
-1,15
-1,16
7336,16
-1,17
25,15
-1,14
3462,16
-1,15
4020,16
2108,16
4267,14
5340,16
-1,16
1249,15
6392,16
1176,15
1071,16
8803,17
2798,15
1191,14
8065,17
-1,15
2766,15
8949,17
1282,15
-1,16
-1,17
-1,17
7015,16
264,16
-1,15
-1,17
9058,15
6478,15
6524,15
3718,16
-1,17
8021,17
-1,16
4754,18
2582,15
-1,16
6263,16
-1,15
-1,15
-1,16
5903,15
-1,15
-1,15
9762,15
-1,16
-1,14
-1,14
-1,16
-1,15
-1,16
6978,16
1049,15
7688,17
2275,17
-1,15
3119,16
-1,15
6208,15
-1,17
3578,15
267,15
5344,16
6110,15
9002,16
540,16
-1,15
6103,17
-1,14
3674,18
3377,15
-1,15
-1,15
-1,15
6273,16
5220,15
-1,16
4904,17
1081,17
7986,16
-1,16
-1,16
3456,15
7833,16
7832,16
-1,16
2254,16
6516,15
-1,16
-1,15
9784,16
-1,15
-1,15
-1,16
2672,16
8130,15
-1,15
7403,15
5788,14
-1,16
1183,18
-1,15
-1,15
-1,15
-1,15
1021,15
-1,15
1675,17
7245,16
1377,15
-1,16
9382,18
-1,15
8457,15
-1,15
5285,15
6762,17
-1,15
-1,14
5718,16
4318,16
-1,15
8106,17
6881,15
6466,17
-1,15
5629,15
8009,15
634,14
1720,15
-1,16
5994,16
-1,15
-1,16
8933,15
-1,15
6150,17
6451,16
-1,15
-1,16
1153,16
-1,14
-1,16
998,15
-1,16
8462,16
6652,15
403,15
-1,15
4292,15
6691,16
-1,14
4339,15
951,16
4571,17
-1,15
-1,16
-1,15
-1,16
5884,14
6617,15
-1,16
6231,15
-1,15
-1,15
-1,15
-1,15
1269,15
-1,16
3026,19
-1,16
7120,15
921,16
2916,18
5822,15
-1,15
-1,15
-1,15
-1,16
-1,15
-1,14
-1,15
-1,16
-1,14
9337,18
1425,15
7849,15
-1,15
-1,15
913,15
2428,17
7356,16
-1,16
-1,16
-1,15
-1,17
-1,15
2151,15
-1,15
-1,16
8978,16
-1,14
-1,15
-1,15
452,17
5406,16
6962,16
6341,16
7103,14
891,17
1973,15
-1,14
-1,15
-1,15
4079,16
-1,17
4672,15
-1,15
-1,15
9135,16
2477,15
-1,16
3976,16
3670,15
-1,15
3789,15
-1,14
9414,15
-1,15
8645,16
-1,14
-1,15
-1,15
2721,15
1838,14
7515,15
-1,15
9981,15
-1,15
-1,15
1690,16
-1,15
-1,14
7820,14
2932,15
1624,16
-1,17
4523,15
6009,15
907,17
1126,16
5284,16
-1,15
-1,15
-1,16
-1,16
-1,14
6500,16
3672,18
7725,17
7202,16
2969,16
3040,16
2758,17
2806,15
9001,16
-1,17
-1,15
7659,16
-1,15
-1,14
-1,15
-1,14
6104,15
-1,17
-1,15
-1,15
-1,15
3662,17
8504,16
9867,16
3404,16
7750,16
-1,15
4467,16
3634,16
2533,16
2167,14
7874,16
-1,16
-1,17
8510,15
-1,15
1203,15
6168,16
-1,15
-1,15
238,16
7807,17
7874,15
1396,15
1268,15
985,16
-1,16
338,16
-1,16
-1,15
-1,18
8057,18
-1,15
7201,16
2386,17
-1,16
6074,15
-1,16
-1,16
5210,16
8968,16
-1,15
-1,16
1327,16
-1,14
-1,14
-1,15
5952,17
6573,17
-1,15
4823,17
-1,16
5323,16
-1,14
3345,16
-1,14
-1,15
2589,15
2894,15
-1,14
7005,15
5111,16
-1,14
4369,16
6611,15
-1,16
1297,17
2273,15
4037,15
503,15
-1,15
-1,15
-1,14
7936,15
7884,16
7867,14
6911,14
2692,17
2737,16
-1,15
5340,16
-1,15
-1,15
4052,14
2848,15
9696,15
-1,16
3291,15
-1,15
-1,16
6755,17
-1,15
-1,15
-1,15
141,16
8706,17
2766,15
-1,15
-1,15
-1,16
-1,15
-1,15
-1,15
1853,15
-1,16
4856,15
277,17
3097,15
9135,15
5905,16
-1,15
-1,16
8894,16
-1,15
2255,16
-1,15
2422,15
-1,16
4082,16
-1,15
-1,17
-1,16
-1,15
-1,17
6577,16
9163,16
1357,16
-1,15
-1,14
-1,16
9452,15
-1,15
4437,15
1543,15
5631,15
-1,16
3177,16
-1,16
-1,14
-1,14
-1,17
-1,15
2244,17
6450,16
6402,16
-1,16
-1,15
7662,15
3363,18
1704,16
-1,16
872,16
-1,15
-1,16
-1,16
765,15
-1,15
6138,15
6085,15
5795,14
-1,15
-1,15
5578,15
-1,14
-1,15
-1,16
3492,14
2914,15
1225,15
4837,16
-1,17
-1,15
5220,15
-1,16
-1,15
-1,14
-1,16
32,15
-1,16
-1,14
2763,15
-1,14
-1,16
-1,17
1927,15
4573,16
2004,16
7951,17
-1,15
-1,15
-1,14
3318,15
5239,18
49,15
4817,18
3837,15
2809,15
9521,15
8195,16
1973,16
6551,17
6285,17
9883,15
777,16
5455,15
3748,16
-1,15
6110,15
-1,15
3578,15
4823,16
-1,17
3531,16
-1,16
-1,15
-1,15
4965,16
9203,15
-1,14
-1,14
182,15
-1,16
3452,15
2763,15
-1,16
2822,16
994,16
8197,16
-1,14
-1,14
-1,14
-1,16
8254,16
-1,15
5006,15
170,15
-1,14
-1,14
-1,16
-1,17
2867,16
6776,15
-1,16
4827,17
-1,15
-1,14
-1,14
-1,15
-1,15
7186,17
-1,14
9533,16
-1,16
9465,15
3562,15
1762,15
1365,15
-1,15
4433,17
9361,17
7962,15
-1,17
-1,15
-1,15
-1,15
-1,16
3856,15
-1,16
4008,15
-1,14
9024,16
2407,17
3181,16
-1,15
9056,16
5911,16
4123,15
6655,14
6057,17
5093,17
-1,15
-1,15
7960,15
4641,17
-1,15
7720,16
3038,15
-1,15
4732,15
-1,16
-1,15
-1,16
-1,16
-1,15
-1,15
-1,15
-1,16
-1,15
9038,17
9194,17
-1,15
-1,15
9114,15
2699,16
-1,15
4858,18
9869,15
-1,16
-1,15
-1,17
1526,15
5629,17
4485,17
-1,15
-1,15
4190,15
-1,15
-1,15
-1,15
-1,16
-1,17
-1,16
-1,15
8924,15
-1,17
1686,15
-1,16
-1,15
4707,17
-1,15
-1,16
4513,15
1705,15
7338,16
8454,15
-1,16
7975,15
459,15
-1,14
-1,15
1120,15
5034,17
-1,16
-1,15
-1,14
6540,15
5646,15
-1,16
-1,16
5748,17
-1,14
-1,15
8582,16
-1,14
-1,14
1277,15
7335,15
-1,15
-1,17
7125,15
3881,16
5184,17
-1,15
-1,13
-1,18
-1,15
8574,18
-1,16
-1,15
9083,15
5724,15
-1,15
-1,17
6190,16
105,17
-1,15
4005,17
9686,17
2161,15
6529,15
-1,16
-1,15
3112,15
286,14
-1,16
8216,16
-1,15
-1,15
-1,15
-1,16
-1,15
-1,15
-1,15
-1,15
3791,16
4679,15
-1,17
662,17
-1,15
8967,15
-1,16
5801,14
-1,16
6722,17
1526,15
8130,16
2802,16
-1,14
-1,15
427,15
8485,15
-1,15
9267,15
-1,14
-1,15
2384,15
-1,16
-1,15
-1,15
-1,15
6048,15
-1,16
6422,15
-1,15
7817,15
2070,17
-1,16
3001,16
2376,16
-1,15
-1,16
-1,16
555,15
3020,16
4640,15
-1,16
-1,18
8359,16
6215,16
4522,15
489,15
-1,14
15,17
7529,16
7438,15
-1,16
2843,15
4108,15
7483,16
1181,15
4175,15
-1,14
9518,14
4456,15
-1,16
7955,14
4208,15
-1,16
856,15
5101,15
-1,15
5569,16
-1,15
7476,16
-1,14
3461,15
2365,17
4074,17
9083,16
4406,15
8328,17
8502,15
3768,15
8529,15
-1,15
2035,15
1176,15
-1,16
-1,15
-1,15
-1,15
9639,16
-1,15
2761,15
6967,15
-1,14
-1,16
3400,14
4088,17
7755,16
5652,15
9794,16
4328,18
-1,15
9332,17
-1,16
5371,17
7156,16
813,18
-1,16
-1,14
-1,16
-1,15
-1,16
-1,15
-1,14
7402,16
3306,17
4247,17
6087,15
2223,15
207,16
-1,15
-1,15
-1,15
2626,16
-1,15
7427,16
9776,17
1520,15
-1,15
5581,15
-1,16
-1,15
4976,16
-1,16
684,16
2602,14
-1,15
7111,15
8575,14
2810,18
6701,15
5486,16
8082,16
-1,17
-1,16
7956,16
680,14
-1,15
-1,16
2280,15
-1,15
-1,15
-1,17
5492,15
7740,14
5819,16
-1,14
-1,14
6713,15
3919,16
4189,17
-1,14
-1,16
3093,16
-1,17
-1,15
-1,15
3978,16
4156,15
7218,17
-1,15
6118,16
-1,15
-1,17
-1,15
9789,17
-1,15
4761,15
-1,14
-1,15
-1,15
-1,15
5653,18
-1,15
-1,16
7980,15
-1,16
-1,15
4947,15
-1,14
-1,15
-1,17
-1,16
-1,14
2384,16
7611,15
-1,14
299,16
-1,15
9158,17
4886,15
8222,18
-1,16
4975,15
-1,15
8712,15
-1,16
-1,15
1737,16
-1,14
-1,15
225,16
5528,17
-1,14
7961,16
7609,17
3922,16
-1,16
3744,15
-1,16
-1,15
5598,16
2969,17
9662,15
-1,14
8217,15
9814,16
6335,16
6410,16
5807,17
7534,15
8948,15
-1,15
-1,15
8953,15
-1,16
-1,17
-1,16
3985,15
5108,15
-1,15
-1,16
4404,15
-1,15
-1,14
7004,16
-1,14
9276,16
-1,15
-1,14
7097,16
-1,16
658,15
-1,15
1465,16
-1,15
-1,15
1496,17
5616,16
6776,15
9044,15
-1,15
-1,15
1866,15
-1,15
5550,16
-1,15
2000,14
-1,15
5109,17
7325,16
-1,14
4222,15
7752,15
5577,15
8333,17
-1,15
1168,15
-1,15
5192,16
7395,17
7217,16
-1,15
-1,16
-1,15
1211,16
9100,16
-1,17
-1,15
8898,15
9293,15
3993,15
862,17
4863,14
-1,14
3113,16
1081,17
-1,15
7586,15
9478,16
5708,17
9139,18
-1,14
3672,18
8510,15
-1,14
7959,16
-1,16
-1,15
-1,16
8030,15
-1,14
1328,16
4889,16
7854,16
4551,15
7692,16
-1,16
3432,16
-1,16
-1,15
-1,15
-1,14
-1,16
844,18
-1,16
-1,15
3010,15
-1,15
9678,15
-1,16
8560,17
5346,16
5723,16
-1,16
-1,15
9374,16
8536,16
580,16
-1,15
-1,15
-1,15
-1,15
1666,15
2670,16
-1,15
5332,15
-1,15
-1,16
-1,15
2137,16
-1,16
5635,15
-1,15
6361,14
508,15
3854,16
-1,15
-1,17
-1,16
1216,17
-1,14
3603,17
6888,15
-1,15
-1,16
-1,15
6924,17
-1,14
1757,16
-1,16
844,15
-1,14
5644,15
-1,15
896,16
4785,15
-1,15
-1,15
7592,15
8648,16
-1,14
-1,16
9888,15
-1,15
-1,16
-1,15
-1,16
-1,16
-1,15
-1,15
7913,16
2888,16
112,15
-1,16
6322,15
709,15
-1,16
391,16
-1,15
8408,16
5691,16
-1,15
-1,15
4443,15
-1,14
-1,15
6634,15
-1,14
-1,15
2887,17
-1,15
-1,16
5767,16
-1,14
8709,16
3280,16
7544,15
-1,15
-1,16
4650,15
5474,17
-1,15
991,16
-1,16
-1,14
3450,17
1553,17
-1,16
-1,15
-1,16
4741,15
-1,16
5368,16
8454,18
-1,14
-1,14
-1,15
8364,15
-1,14
-1,17
9908,16
-1,15
-1,16
6164,15
1258,16
5953,17
-1,16
-1,15
-1,15
-1,15
-1,16
2325,15
4750,15
5841,16
7617,14
2007,15
893,15
-1,14
1640,14
8587,15
1872,15
-1,15
-1,16
-1,16
3370,17
5634,16
-1,17
-1,16
611,18
2356,15
3207,16
-1,15
4729,15
-1,16
5848,15
6171,16
364,17
1824,14
-1,15
-1,16
-1,14
6203,16
9733,16
-1,16
-1,14
3514,16
4177,17
4719,16
8379,14
-1,14
5783,14
5634,15
-1,16
-1,14
6061,17
-1,14
-1,14
-1,16
8759,16
22,16
-1,16
9395,17
7586,16
-1,17
2017,17
6735,16
3774,16
-1,16
6688,16
-1,15
-1,14
5143,17
6628,18
4741,15
-1,16
6553,16
-1,15
8754,16
-1,15
-1,15
-1,14
-1,15
2015,17
-1,16
-1,18
-1,14
-1,15
8631,18
417,17
704,15
-1,15
-1,14
4264,16
7684,16
-1,19
1103,16
-1,16
7653,15
1129,16
-1,15
208,15
9784,16
3397,17
3306,16
-1,16
-1,16
6791,15
9094,17
-1,15
8422,16
2391,15
-1,16
7351,16
2612,15
8444,16
6948,15
-1,15
7685,15
6340,16
3626,16
3999,16
717,16
8221,16
-1,15
2928,16
-1,15
-1,14
810,17
-1,14
9879,16
995,15
-1,15
-1,15
-1,15
-1,15
-1,15
3838,15
334,16
-1,17
-1,16
4006,16
-1,16
9763,16
505,17
9490,16
-1,16
6232,14
-1,16
-1,15
-1,15
-1,16
3186,15
5368,16
-1,15
-1,16
8291,15
-1,15
4692,16
4930,19
3910,16
-1,15
-1,17
6449,15
-1,15
3775,16
-1,15
1046,15
-1,15
6339,18
4976,15
7330,15
-1,15
64,15
-1,14
-1,16
3506,15
4810,16
-1,16
9516,16
-1,15
-1,14
8697,15
4304,15
-1,14
-1,16
-1,15
-1,15
5645,17
3632,15
-1,15
7777,17
7791,16
-1,15
-1,14
-1,16
-1,13
5656,15
3161,17
5069,15
3774,16
-1,14
-1,15
-1,16
4727,16
-1,15
3433,15
2673,16
-1,16
-1,15
4268,15
-1,16
-1,17
-1,15
-1,14
5154,16
-1,14
-1,16
7789,17
4299,17
8906,17
-1,17
6792,16
-1,16
2656,15
-1,15
-1,15
5952,15
-1,15
-1,17
-1,14
-1,15
-1,16
1890,15
9185,15
8590,15
795,15
-1,15
-1,16
-1,14
243,14
-1,14
2025,16
1126,16
414,16
-1,16
3279,15
2148,17
9976,15
9184,16
-1,14
-1,15
-1,16
9388,15
-1,15
-1,15
4465,16
803,18
4291,15
-1,14
-1,15
6985,15
-1,15
-1,15
-1,17
667,16
9562,16
-1,16
3529,16
-1,14
-1,16
7196,15
-1,16
3524,17
-1,16
6015,16
9002,16
-1,16
4992,17
-1,15
-1,15
-1,14
3498,16
51,17
-1,15
-1,15
-1,14
8969,15
6560,15
-1,18
6571,16
-1,16
3073,16
-1,15
-1,15
9289,15
-1,15
6232,16
-1,17
1795,16
-1,15
-1,14
121,16
5575,15
8098,15
4601,16
-1,15
4452,15
-1,16
-1,15
-1,15
5801,18
-1,15
-1,14
-1,15
2907,16
7442,16
-1,17
2155,15
-1,14
6479,15
-1,15
-1,15
6501,16
-1,15
-1,16
4205,16
1977,18
-1,16
5799,15
9321,16
-1,15
4402,15
-1,15
-1,15
7741,15
9811,18
-1,16
7012,17
-1,16
3387,15
-1,15
-1,16
-1,15
-1,15
8937,17
9243,16
2228,15
9237,17
3458,17
6392,15
1645,15
936,15
-1,14
-1,13
1752,18
-1,15
1466,15
2831,16
8345,16
-1,15
3723,15
9856,15
-1,16
5220,17
-1,15
-1,14
1811,14
940,17
-1,14
3858,15
4244,14
-1,16
3913,16
7477,14
3970,15
3666,15
-1,15
-1,17
-1,15
-1,15
8074,17
4280,15
730,15
417,17
9628,16
-1,15
6984,15
-1,15
5960,15
-1,15
-1,16
3806,17
2777,16
1534,17
-1,15
-1,15
40,16
3715,15
-1,14
679,15
-1,17
7666,15
2967,16
6569,15
-1,17
-1,15
-1,15
-1,16
-1,15
-1,15
-1,15
-1,15
1637,15
-1,15
-1,15
1714,16
-1,15
-1,15
2061,15
2220,15
-1,15
4615,15
-1,14
4610,16
-1,15
-1,16
-1,16
-1,15
9841,16
7258,16
6976,15
2784,16
-1,16
6383,16
-1,16
5499,16
-1,14
-1,15
9457,16
1354,16
-1,16
-1,15
1199,17
-1,16
5920,15
-1,15
9090,15
-1,14
-1,15
8299,15
8770,15
-1,15
1918,15
8495,15
-1,16
8623,14
9244,15
-1,15
-1,15
1192,16
579,16
-1,15
-1,15
-1,16
6630,16
3451,15
-1,15
-1,16
4553,14
5358,16
-1,15
2764,17
4097,15
-1,16
2041,15
5996,17
-1,15
-1,16
8453,15
-1,16
1592,16
-1,15
-1,15
-1,15
5555,15
-1,15
-1,14
-1,15
-1,15
-1,17
-1,15
3578,15
-1,14
-1,15
-1,14
-1,16
-1,14
-1,15
5490,15
-1,15
-1,15
-1,14
-1,16
-1,15
2941,15
-1,15
-1,16
6489,15
9568,16
3923,16
-1,15
2157,16
4015,15
-1,15
5330,16
-1,15
5228,16
-1,15
3698,15
644,16
-1,14
111,16
-1,15
488,15
6197,16
4964,16
959,15
-1,14
1212,15
-1,18
5333,17
5624,15
-1,15
-1,15
-1,15
-1,14
-1,16
9660,16
-1,15
-1,15
5141,17
7868,14
1880,15
7191,17
-1,15
3870,16
1145,16
3889,16
4606,17
5238,16
-1,15
2400,15
6862,15
-1,14
-1,15
-1,14
1704,15
-1,16
-1,15
1395,16
9601,17
5991,15
2081,16
-1,16
1547,16
6635,16
-1,14
-1,15
748,15
-1,15
-1,15
5175,16
4276,15
-1,15
-1,14
9986,15
5346,15
-1,15
-1,16
5372,16
7855,15
-1,16
2771,16
6079,16
-1,15
4379,17
-1,16
-1,15
4689,15
-1,16
9359,15
2593,18
3946,16
1368,14
7447,16
1856,16
8840,15
-1,17
-1,16
2968,16
-1,15
7129,16
-1,15
-1,15
-1,14
9703,16
2877,15
1706,16
779,16
-1,16
-1,17
6645,16
2132,15
3196,17
4551,15
3867,15
-1,15
-1,15
784,16
8714,15
8719,15
7425,16
2153,17
-1,14
-1,15
489,17
4429,16
7825,15
-1,16
-1,14
7272,15
5325,15
-1,15
2990,16
1759,16
-1,17
-1,15
3557,16
-1,15
4418,16
5103,15
4026,15
9,16
1291,15
2302,18
6203,16
-1,15
9424,17
3694,15
-1,16
8318,15
9067,15
3520,16
-1,15
6855,15
-1,16
5575,17
8100,15
5579,17
1543,15
-1,16
2942,16
-1,15
5646,15
2395,14
-1,17
-1,14
-1,15
8107,16
-1,15
-1,16
7454,15
2943,16
5064,17
6475,16
-1,15
3093,17
-1,16
-1,14
-1,17
-1,15
5429,15
8689,16
-1,15
6581,15
9656,16
5395,14
1640,17
-1,14
540,15
9392,17
-1,15
1749,16
2360,16
6750,16
1289,15
-1,15
-1,14
2242,19
-1,15
5385,16
-1,16
6144,16
-1,14
-1,14
5773,16
-1,18
9521,15
-1,15
-1,16
-1,15
-1,15
813,16
-1,15
7771,15
-1,15
-1,14
-1,16
275,16
2,16
-1,16
3367,15
-1,15
-1,14
581,16
-1,15
9472,15
-1,15
781,15
-1,15
3007,16
397,15
-1,16
-1,15
-1,15
728,16
-1,14
-1,15
-1,14
7032,16
567,16
4490,16
-1,16
296,17
6051,17
-1,16
-1,15
5872,17
8630,16
5897,15
1315,15
921,15
6879,15
994,14
8146,16
2776,16
2165,14
-1,15
-1,15
934,16
6129,15
-1,15
-1,15
-1,14
-1,15
1164,16
-1,15
-1,15
-1,15
-1,16
7966,16
-1,15
6378,15
8005,15
-1,15
8345,16
9979,15
-1,16
6712,16
-1,14
3998,16
2652,15
4792,16
9736,15
-1,15
1021,16
-1,15
-1,14
5544,15
-1,15
-1,15
9191,16
-1,15
7038,17
-1,15
-1,14
3852,16
-1,15
-1,16
8804,16
9821,14
1578,16
343,16
6971,15
9535,15
-1,15
7426,16
5641,15
5838,19
-1,18
-1,15
-1,14
9448,16
-1,15
-1,18
-1,16
6569,16
4833,17
4765,15
-1,15
-1,15
-1,16
2800,18
7376,16
-1,16
299,17
7705,16
641,18
-1,15
-1,15
-1,14
3768,17
9849,15
-1,15
7821,15
4031,17
5363,14
-1,15
-1,16
5849,15
-1,15
-1,15
4211,17
8524,15
-1,15
-1,15
-1,14
-1,15
-1,16
2855,15
1711,15
9420,16
-1,15
-1,16
8498,15
-1,14
-1,15
3385,18
3029,18
8717,17
6367,15
-1,15
2362,16
-1,16
501,16
9145,17
6181,17
-1,15
9237,15
-1,16
8653,16
-1,14
1668,15
-1,15
-1,15
5730,15
-1,15
8281,16
1693,15
7327,18
2276,18
-1,15
2606,15
-1,15
-1,15
9108,16
-1,17
-1,16
5236,16
-1,16
-1,15
-1,15
7476,17
-1,17
-1,15
887,15
261,15
-1,15
4777,15
6761,16
2263,15
9110,17
-1,15
-1,15
9618,16
-1,15
6339,14
-1,15
-1,15
-1,16
-1,15
1133,15
8986,16
3867,15
9145,16
-1,16
8193,16
-1,16
6926,15
4060,15
9575,15
7358,16
-1,16
-1,14
-1,16
4127,16
4010,15
-1,16
-1,16
-1,14
-1,15
-1,15
-1,14
-1,15
1247,15
-1,14
-1,15
-1,16
6047,15
5835,15
-1,15
5272,15
-1,17
-1,16
554,16
7736,15
-1,15
-1,16
6818,16
4451,16
-1,14
-1,14
9201,16
6582,15
-1,15
-1,16
-1,15
-1,15
2279,14
-1,14
-1,14
-1,16
-1,15
-1,14
6014,16
-1,15
3375,18
4544,15
-1,16
-1,14
3298,15
9106,16
-1,16
-1,15
-1,15
7808,16
-1,15
-1,15
-1,15
-1,15
-1,15
-1,13
-1,15
-1,16
-1,15
-1,14
-1,15
-1,15
-1,16
-1,15
1261,16
-1,16
8541,17
-1,15
-1,14
2868,15
-1,15
5597,16
1005,15
-1,15
9374,16
-1,17
4305,16
1574,15
5203,16
-1,15
-1,16
-1,14
713,16
2345,15
-1,15
1674,16
-1,17
-1,16
-1,15
819,15
-1,16
8897,14
3542,15
-1,15
6324,15
-1,15
5129,16
5362,17
1332,17
-1,14
6035,15
6482,15
-1,14
6062,15
6201,17
578,15
7216,14
3740,16
-1,15
-1,16
2235,16
1137,15
-1,16
-1,15
7610,15
-1,16
8568,15
4427,16
4312,16
5309,17
6668,15
6694,16
-1,15
2237,15
-1,16
1859,16
-1,15
4236,17
4888,16
-1,18
-1,15
4726,15
-1,14
-1,14
9862,15
-1,15
-1,16
7763,15
4122,15
-1,14
-1,15
1382,16
-1,16
9715,15
-1,16
8931,15
-1,16
1967,15
4414,15
6654,16
7679,15
-1,15
1257,18
-1,16
-1,16
-1,15
-1,16
3312,16
-1,16
3005,16
-1,16
7942,16
7916,16
-1,16
426,15
1791,16
-1,16
-1,15
-1,15
9338,16
-1,15
2451,16
7678,17
6833,16
325,15
2818,15
4200,15
-1,15
-1,14
6409,15
-1,15
344,15
9137,17
-1,15
-1,15
9432,16
4824,17
-1,16
-1,15
-1,16
6682,14
7841,17
4633,16
-1,15
967,15
-1,15
-1,14
3817,18
8385,16
-1,15
6335,17
2386,14
4216,15
1020,17
-1,16
-1,14
-1,17
-1,17
-1,16
8699,15
-1,15
-1,15
-1,16
3331,17
-1,15
3756,15
7775,16
3970,15
-1,16
3718,18
2558,15
-1,14
3710,14
9827,14
9373,15
-1,16
4742,16
1050,15
1402,15
-1,15
6978,17
-1,15
6468,17
-1,16
-1,16
7639,16
742,16
9161,16
7974,16
2592,15
-1,14
8444,17
-1,17
296,14
-1,17
-1,14
-1,15
-1,16
-1,16
5315,16
-1,14
-1,15
-1,15
-1,14
2440,14
-1,14
-1,14
8220,17
-1,15
-1,17
-1,16
6656,15
-1,15
-1,15
4550,16
-1,16
-1,15
3173,17
-1,15
8471,17
4975,15
-1,16
-1,14
5859,16
7679,16
-1,16
3963,16
-1,16
9532,15
403,15
6050,17
4707,17
2704,15
5592,16
6324,14
-1,14
9261,16
-1,16
4912,16
-1,14
373,16
6548,15
7666,15
-1,15
5462,15
-1,14
8544,15
538,17
-1,14
7950,16
-1,15
-1,16
4069,18
9419,15
8251,14
-1,14
-1,16
-1,16
9397,17
-1,17
-1,15
-1,15
-1,15
-1,15
-1,16
322,15
308,16
-1,15
-1,15
4477,15
5721,15
-1,16
3877,16
-1,15
-1,15
8904,16
7398,16
5312,16
9392,15
-1,15
3259,15
2374,15
-1,15
4308,15
151,16
-1,15
7190,16
-1,18
-1,15
-1,15
8498,15
-1,16
9702,17
5258,17
-1,16
-1,16
4489,15
2854,16
1557,16
-1,15
-1,15
-1,16
9005,14
-1,16
1528,15
-1,16
-1,15
9895,16
-1,16
-1,15
3319,15
4242,16
4698,16
-1,16
5589,16
9590,16
-1,16
4649,15
9629,15
354,17
2393,15
2920,15
-1,15
-1,14
-1,15
2287,16
-1,15
8305,15
-1,15
-1,15
-1,16
9231,18
-1,17
-1,15
5522,17
-1,15
1574,18
-1,16
9114,17
3409,15
5466,16
-1,15
8169,15
1411,16
9255,15
8273,17
-1,16
8173,16
-1,15
-1,19
-1,15
-1,15
-1,16
-1,15
9805,16
-1,15
-1,16
2931,16
-1,15
-1,16
565,16
2186,16
7665,16
-1,15
7853,15
9965,15
3934,15
-1,14
-1,16
3027,15
-1,16
-1,16
9519,16
33,15
-1,15
2309,17
9934,15
-1,15
-1,16
7728,14
-1,15
7798,16
302,15
-1,15
-1,16
-1,15
8219,15
-1,15
898,16
-1,15
181,15
-1,15
6874,17
3688,15
-1,18
9979,16
2131,16
4100,15
-1,15
8403,15
-1,16
2638,14
-1,14
6989,17
-1,15
2824,14
3286,16
-1,15
1998,16
2871,15
-1,15
8381,16
8722,15
3598,16
2270,16
3893,15
-1,15
-1,14
9958,16
-1,15
-1,15
-1,16
9769,15
4292,16
-1,16
-1,15
-1,16
1148,16
3425,17
3335,16
3953,15
7520,15
8969,16
7932,14
6255,15
-1,15
-1,15
8861,15
-1,15
-1,15
7496,15
-1,15
6464,16
-1,15
-1,16
9478,14
-1,15
1043,17
9852,16
-1,15
-1,15
-1,16
-1,16
2373,15
1461,15
-1,15
4962,15
9033,15
-1,15
-1,15
1808,16
-1,15
-1,14
601,16
-1,16
6104,15
-1,15
-1,16
-1,14
6073,17
-1,16
1674,16
-1,15
-1,14
-1,15
9191,15
6436,19
-1,15
1252,16
2869,18
6108,16
-1,16
-1,18
-1,15
7554,15
-1,15
9098,16
-1,16
5466,15
-1,16
-1,15
-1,15
421,16
9067,16
-1,15
7791,15
9120,16
1610,15
8673,16
5609,16
9014,17
-1,16
7779,14
-1,15
-1,14
4567,15
1927,15
3641,15
-1,16
2106,17
-1,15
-1,15
-1,16
4451,15
-1,16
-1,18
3160,15
8252,16
-1,15
9678,17
1293,17
5912,15
-1,16
682,16
-1,15
3064,15
-1,15
-1,15
1503,15
-1,14
-1,16
6490,17
-1,15
-1,15
7422,17
-1,15
-1,16
-1,15
-1,16
-1,15
6483,16
3028,16
-1,14
-1,14
-1,15
1478,15
3517,15
4507,14
-1,16
6005,15
7838,16
-1,15
-1,15
6978,16
4090,17
9053,15
-1,16
5402,18
3529,16
4896,15
-1,14
7045,17
-1,18
4931,15
7237,14
8699,15
-1,15
-1,15
5369,16
9003,16
-1,18
-1,15
-1,15
-1,15
-1,14
-1,14
723,15
4239,16
2399,17
8950,15
4448,16
-1,15
3274,16
1885,17
-1,15
-1,15
7896,14
-1,16
-1,14
7570,15
2875,16
3093,17
-1,15
5844,17
9710,15
7363,15
1072,16
-1,14
596,16
-1,16
719,16
1839,17
345,16
7639,15
-1,16
6742,16
1606,16
1420,16
-1,15
-1,14
-1,15
125,15
-1,15
-1,15
-1,16
7500,16
-1,15
3805,16
-1,14
-1,15
-1,16
8313,15
-1,16
-1,15
2658,15
8737,16
7653,15
404,16
-1,16
-1,16
-1,14
-1,15
-1,18
3098,14
-1,14
-1,17
1475,16
2878,16
9419,14
-1,14
1788,16
-1,15
3995,17
3802,16
-1,15
4357,15
-1,14
-1,15
1133,15
-1,16
-1,14
3816,16
6017,15
1448,16
5200,14
3612,15
-1,16
619,16
-1,15
2605,16
6942,16
-1,14
7127,17
6847,17
920,16
7761,16
-1,16
6888,15
-1,16
-1,15
-1,14
-1,14
2483,16
-1,16
4055,15
5991,16
4219,17
5269,17
-1,16
3380,17
7383,17
-1,16
389,16
4066,17
8536,15
-1,15
-1,15
2180,18
7052,16
8196,17
-1,15
2847,16
7282,16
397,15
-1,16
-1,15
-1,16
-1,15
-1,15
-1,15
9828,15
-1,15
-1,16
8177,16
2219,16
-1,17
6824,15
-1,15
-1,15
2463,14
-1,15
8416,15
-1,15
-1,15
-1,15
4049,15
-1,16
1682,15
-1,15
-1,16
9875,15
-1,15
8790,15
3020,15
8053,17
-1,15
-1,15
-1,15
5018,17
4850,15
-1,16
-1,15
3566,14
1776,17
-1,15
-1,15
-1,17
-1,15
3166,15
1836,16
-1,16
-1,15
-1,14
5789,16
-1,17
-1,16
8729,16
-1,17
-1,15
-1,15
6946,15
1130,14
-1,14
-1,15
-1,15
415,17
-1,16
-1,15
7375,16
7487,16
-1,17
5474,17
-1,16
-1,16
6186,16
8721,15
7504,16
-1,15
-1,14
1640,15
1792,16
4165,16
-1,14
-1,15
7851,16
8329,15
4643,15
-1,16
5838,16
4323,17
583,16
5385,15
-1,14
-1,15
7518,15
-1,15
-1,15
7683,16
1290,15
4566,18
1060,18
7258,15
-1,17
-1,17
5605,15
3423,15
6377,14
-1,15
4017,16
3143,17
-1,14
8366,16
-1,14
-1,15
-1,15
4872,15
-1,15
-1,15
-1,16
2093,16
341,15
-1,15
1043,15
-1,15
6847,15
649,15
-1,16
6857,15
-1,16
-1,16
2323,16
3409,15
6882,16
5491,15
-1,16
-1,16
-1,16
-1,15
-1,15
-1,15
-1,15
-1,14
6396,16
7000,15
4408,17
1804,15
-1,15
2265,17
-1,15
5214,16
-1,16
3056,15
3804,17
4574,16
-1,15
-1,15
-1,15
8264,15
-1,15
5362,16
-1,14
2024,15
1124,16
2248,15
5719,16
1583,15
-1,16
-1,15
4016,16
6054,16
-1,17
7594,15
-1,16
1062,16
-1,15
8195,17
4320,16
5582,16
-1,15
6634,17
-1,17
2941,17
-1,15
9620,15
-1,15
688,16
-1,16
5295,15
-1,16
-1,14
-1,16
3906,14
-1,14
-1,15
1555,16
2274,17
-1,14
-1,15
6657,15
8245,17
-1,15
-1,15
-1,15
-1,15
-1,16
1618,15
6534,17
838,16
70,17
-1,17
-1,15
9381,15
617,17
5064,15
-1,15
-1,15
107,15
-1,15
-1,15
9306,16
-1,15
1044,17
-1,16
4702,17
-1,16
5113,15
2493,15
3409,15
9681,17
-1,16
5671,17
9715,16
3939,14
-1,16
-1,16
-1,17
9251,17
-1,15
4856,16
9172,15
1638,15
-1,14
5475,16
-1,15
6595,15
-1,14
-1,15
8758,17
8024,14
-1,15
-1,17
2708,15
9869,16
-1,15
7321,15
3241,15
6442,16
4686,15
-1,16
-1,14
8173,15
-1,15
-1,15
928,16
-1,15
4341,16
6481,16
4572,15
9270,16
9732,16
744,16
-1,15
1137,15
5350,17
-1,15
1176,15
-1,16
2391,16
-1,15
-1,15
-1,16
-1,15
-1,15
8972,16
4038,16
-1,15
-1,15
-1,15
-1,14
2815,16
-1,15
643,17
261,16
-1,16
-1,15
8693,16
8810,16
-1,15
-1,16
-1,16
-1,15
-1,14
-1,15
3818,16
3746,17
9309,18
2633,17
-1,15
6629,16
210,15
4198,18
-1,15
-1,15
-1,15
-1,16
-1,15
9635,15
8706,16
5981,15
-1,15
4864,17
2288,17
3524,15
635,15
-1,16
955,17
1279,14
9223,16
1894,16
3143,16
-1,15
-1,15
5021,16
6634,15
-1,14
-1,15
1335,17
985,15
1644,17
8561,15
1027,18
4332,17
7941,16
-1,15
2994,18
9197,15
-1,15
-1,16
-1,15
9462,18
6295,17
-1,15
-1,16
-1,15
2721,15
-1,14
-1,16
5515,15
7689,16
-1,16
2103,15
7281,15
-1,16
-1,15
3523,16
1457,17
5062,17
-1,15
-1,14
-1,16
2483,16
-1,16
-1,15
4667,15
-1,15
-1,16
8511,16
9034,17
6806,15
2412,15
-1,15
-1,15
2616,17
2022,16
6867,16
9789,15
-1,16
-1,15
4610,16
3601,16
-1,16
-1,16
6555,16
-1,15
5515,16
-1,16
2448,16
6658,16
7364,16
5767,16
-1,15
4923,16
-1,16
-1,16
-1,15
5775,15
9617,15
220,15
-1,16
-1,16
5580,16
589,15
-1,15
7108,15
5579,15
4312,15
-1,15
7193,15
6169,16
9141,15
-1,15
-1,16
3078,16
5032,15
-1,16
4935,16
543,14
-1,15
156,17
-1,16
-1,15
-1,16
4577,17
2933,17
-1,15
7533,16
9616,16
5956,16
987,16
3052,14
-1,15
-1,17
8063,14
-1,14
1818,15
-1,15
541,16
-1,14
-1,15
1969,13
9675,14
6032,15
-1,16
-1,14
-1,16
4940,15
-1,15
-1,15
-1,15
9123,18
-1,14
210,15
-1,15
-1,16
2302,16
-1,15
6072,15
5298,16
-1,15
-1,15
3957,16
1697,15
1257,15
-1,16
-1,15
3175,18
5811,14
8573,17
-1,15
-1,14
1135,16
998,17
-1,14
1697,16
-1,15
2597,16
2567,15
-1,16
3777,16
-1,15
9094,15
4785,15
1431,16
5548,17
-1,14
-1,16
8965,16
5741,16
-1,16
-1,14
6815,16
-1,15
3230,15
-1,16
-1,15
5980,16
8694,15
-1,16
-1,16
4519,16
-1,18
4938,17
-1,16
8186,15
-1,14
-1,15
-1,14
-1,15
-1,17
6668,17
-1,15
-1,16
-1,15
4055,16
3342,17
7565,16
-1,16
-1,15
3289,15
7816,16
-1,15
7168,17
3141,17
1547,16
-1,15
7646,16
6481,16
227,16
-1,16
5306,14
-1,15
3803,15
7144,16
5632,14
-1,16
-1,15
-1,16
-1,16
-1,14
5609,15
9448,15
-1,14
-1,15
-1,15
901,15
-1,15
1655,15
5196,17
-1,16
2892,14
5517,17
4902,16
-1,15
-1,14
4082,15
8860,15
9869,16
-1,16
-1,14
-1,15
9863,16
8604,16
896,15
-1,16
-1,14
6943,17
-1,14
-1,15
3805,17
7673,16
4404,15
914,16
-1,16
775,16
-1,16
-1,15
-1,15
-1,14
397,15
-1,16
1002,16
7666,16
4830,14
-1,17
-1,15
7652,15
-1,17
-1,15
-1,16
-1,15
-1,16
-1,16
-1,15
9450,15
8842,15
4163,15
-1,15
205,15
1501,15
-1,15
-1,15
-1,14
1260,16
2877,15
6956,15
-1,15
9861,16
8829,15
1481,15
9736,14
-1,14
767,17
-1,16
-1,15
-1,15
5806,15
8393,17
-1,17
-1,15
1037,16
-1,15
-1,15
-1,15
6535,16
-1,15
63,15
2749,17
-1,15
-1,17
3107,16
-1,16
7052,16
-1,16
1583,15
8936,15
8811,16
-1,15
-1,15
4601,16
-1,15
2282,16
-1,15
-1,16
-1,16
9029,14
3899,16
-1,15
1073,16
9595,16
9633,15
-1,17
-1,16
-1,14
1157,15
224,16
7382,16
-1,15
-1,15
-1,16
-1,15
6907,15
1676,16
-1,15
1137,16
-1,16
1907,16
-1,15
-1,17
-1,15
-1,16
2234,15
2191,15
-1,16
-1,16
-1,15
2530,15
-1,15
-1,15
9408,17
5689,16
-1,13
-1,15
6897,15
-1,15
4136,16
-1,16
1652,15
234,16
8285,15
3852,15
6921,17
-1,15
-1,15
-1,14
-1,15
-1,16
-1,15
249,16
6473,15
-1,16
-1,15
328,16
-1,17
62,17
-1,15
-1,15
4009,16
4290,15
-1,16
-1,17
-1,14
-1,18
7982,16
-1,16
7873,16
2640,16
5950,15
-1,16
-1,15
-1,15
7418,16
-1,15
1500,15
-1,15
2655,16
-1,16
1511,14
9806,16
-1,16
-1,16
3882,15
6178,17
-1,15
7822,15
9218,15
9685,15
-1,16
-1,14
-1,14
8251,16
7907,15
-1,14
2077,15
-1,15
-1,14
-1,15
8636,16
-1,15
-1,15
-1,14
7519,13
-1,15
-1,16
-1,15
-1,17
6608,17
5901,17
779,15
7794,14
1064,16
-1,15
493,15
-1,15
-1,16
4334,16
5655,16
8650,15
2372,15
-1,15
9039,15
1443,16
5907,16
4126,15
5438,15
-1,15
-1,16
-1,15
-1,16
3814,17
4969,16
6038,15
72,14
7447,15
2122,16
5017,15
7806,16
7184,16
7340,15
-1,15
-1,15
4246,16
2687,14
-1,15
-1,16
9191,16
-1,15
-1,16
-1,15
-1,16
1548,16
-1,15
1176,16
-1,16
3884,16
7499,16
9747,15
-1,16
-1,15
-1,15
545,16
-1,15
-1,16
-1,16
1583,14
-1,15
-1,15
-1,15
-1,15
-1,14
3027,17
-1,15
-1,15
8525,15
9515,15
8812,16
2046,15
-1,15
3044,14
4748,16
-1,16
1460,16
1420,14
-1,15
-1,14
5326,17
2081,16
-1,15
-1,15
8324,15
3495,15
-1,17
2813,15
-1,16
4127,15
-1,14
-1,14
5589,17
-1,15
8279,16
-1,16
-1,17
-1,16
1064,15
6393,14
472,16
-1,15
9942,15
-1,16
-1,16
-1,15
2593,17
5898,16
8914,18
629,16
9681,16
-1,15
607,16
-1,16
589,17
6350,15
7166,16
86,15
-1,15
5415,14
-1,15
9151,16
-1,16
-1,15
-1,16
-1,15
1044,16
4003,17
-1,16
7432,17
9387,16
2621,17
-1,15
-1,15
4655,15
731,15
-1,15
-1,15
-1,16
-1,15
2713,16
873,14
5289,17
1147,15
5511,16
-1,15
-1,15
1662,15
-1,14
7611,16
2505,18
-1,15
572,18
4004,17
-1,16
-1,15
3238,15
-1,15
3711,17
2812,16
-1,15
100,15
8211,14
6975,15
-1,16
9029,15
8258,15
-1,15
-1,16
6385,16
338,15
-1,15
7811,15
-1,15
-1,14
-1,15
1051,15
-1,15
6663,14
-1,16
-1,15
-1,14
-1,17
3116,17
9017,15
-1,16
5692,15
8516,17
-1,15
5295,15
-1,15
8259,16
7709,16
-1,18
-1,14
5681,16
-1,17
1774,16
5161,15
136,14
6657,16
1481,14
9614,16
-1,14
4851,17
-1,14
7327,16
8338,16
1845,15
-1,14
7976,16
-1,15
-1,15
6648,15
9643,15
-1,16
2183,16
-1,14
9789,15
1386,16
-1,14
7512,15
8557,16
-1,16
9471,16
9264,16
7682,16
1710,16
-1,16
3159,16
-1,16
-1,15
-1,15
7491,14
-1,16
-1,16
9265,17
1228,16
2778,16
-1,16
1557,15
6462,17
-1,16
2028,14
-1,15
5578,15
1182,14
3566,16
9638,18
3544,16
-1,14
1072,16
-1,15
791,16
-1,17
-1,15
929,15
-1,16
3085,16
-1,16
-1,15
9816,16
5020,14
-1,16
7974,15
-1,15
9253,15
-1,14
7143,17
-1,15
-1,16
-1,15
9620,16
9622,16
-1,16
-1,14
-1,15
-1,15
-1,15
5042,14
6208,15
-1,16
-1,14
-1,14
-1,14
3190,14
9324,15
-1,15
-1,16
-1,15
-1,15
4257,16
-1,16
-1,15
7195,15
2293,17
6401,16
-1,16
235,15
-1,15
1012,16
-1,16
9208,15
-1,16
806,15
4051,15
1576,15
5927,16
-1,16
5978,16
8441,16
-1,15
-1,15
4406,17
9562,16
-1,15
-1,16
5567,16
1356,17
9944,16
5134,16
-1,16
-1,16
6200,17
1986,15
-1,15
-1,15
-1,16
200,16
-1,15
286,14
-1,15
-1,16
2917,16
3988,17
6384,17
3400,15
-1,15
-1,15
2751,15
5918,17
6365,16
-1,17
254,17
3623,16
-1,15
3044,17
319,17
8123,15
-1,15
9687,15
9280,15
9390,16
993,16
3373,15
6677,17
9553,16
9053,16
-1,16
128,15
-1,15
-1,15
-1,15
2476,17
-1,17
8880,15
-1,17
-1,16
6890,14
7346,16
615,16
-1,15
6330,17
8101,15
-1,16
-1,16
185,16
2255,15
7358,15
-1,15
8173,14
9106,15
-1,15
-1,14
804,17
2947,15
-1,17
3344,16
-1,15
-1,15
8725,17
2448,15
8831,15
3848,17
-1,14
-1,16
-1,15
-1,15
-1,16
-1,18
-1,15
-1,14
-1,14
-1,15
-1,14
-1,15
-1,14
5179,15
-1,14
-1,15
9913,15
-1,16
690,18
-1,15
-1,15
7932,14
-1,17
-1,16
9397,17
1169,16
58,16
-1,15
-1,15
-1,14
8931,16
8795,15
8221,17
8404,16
4584,16
3013,17
542,15
-1,16
-1,14
1588,16
-1,16
1321,16
3632,16
107,14
6582,16
-1,15
1291,16
9846,15
-1,15
-1,15
1244,15
9313,15
8279,18
7783,16
-1,16
175,16
-1,15
4168,15
-1,14
-1,14
-1,16
4044,16
7985,17
8857,15
4179,16
5968,16
1135,16
5106,15
7466,16
-1,14
-1,16
90,16
3195,15
-1,15
7767,15
-1,15
-1,16
3448,17
-1,15
-1,15
6142,16
8324,16
8179,16
-1,16
7279,15
-1,16
4362,16
-1,15
-1,14
-1,15
-1,15
-1,16
3197,15
-1,16
-1,15
1750,15
-1,16
6731,16
5158,15
328,16
-1,15
-1,14
5574,15
7595,16
7321,17
6591,19
-1,16
2598,15
460,16
5224,17
1520,15
2940,14
-1,14
6418,16
-1,15
-1,16
-1,16
-1,14
2611,16
5161,16
-1,16
-1,15
4934,15
7371,15
3699,16
-1,14
1109,16
5273,16
8192,16
3023,17
-1,15
4509,16
8762,16
-1,15
304,15
239,16
6595,16
6783,15
5253,16
-1,16
-1,15
5537,17
7621,17
4331,18
8562,18
1344,15
9105,17
-1,15
-1,17
-1,14
9258,16
1909,15
3126,18
-1,17
-1,14
1216,16
-1,16
1169,17
5670,17
9491,16
2318,16
6988,15
8007,15
7051,16
-1,15
3689,18
-1,17
-1,16
-1,15
-1,15
1026,18
9754,16
5571,16
4050,17
8487,15
-1,16
7196,16
2578,17
-1,15
4348,16
-1,16
6573,15
628,16
6611,15
-1,14
5673,17
-1,17
3690,16
-1,17
6553,18
-1,15
-1,14
9488,15
-1,15
-1,15
3622,17
9915,16
-1,16
-1,15
7364,15
-1,15
-1,15
5465,16
5700,16
4482,14
-1,16
-1,15
4175,15
5108,17
-1,15
8303,15
-1,15
-1,16
9454,17
3322,14
-1,17
-1,15
-1,15
-1,15
3533,15
-1,15
-1,15
1666,16
3391,16
4152,14
2741,16
-1,15
4008,16
-1,16
9584,16
-1,16
-1,14
-1,16
-1,15
9030,15
-1,16
2626,15
214,16
-1,16
9466,15
-1,14
6499,17
-1,14
1608,16
260,17
9270,16
-1,15
4803,15
9800,17
-1,15
-1,14
849,16
-1,14
7433,16
9257,15
5215,16
-1,15
-1,15
-1,16
-1,15
3822,20
-1,15
-1,15
1795,16
-1,17
-1,15
-1,16
7433,17
4406,16
9070,15
-1,16
9106,15
3362,15
-1,16
1749,17
282,16
1407,16
-1,16
-1,14
-1,14
7748,14
8349,16
-1,15
1598,15
6573,15
8063,14
465,19
4348,17
-1,15
2815,16
-1,15
7600,16
831,15
421,16
1609,16
1631,16
-1,15
-1,15
-1,16
-1,16
-1,15
-1,15
1121,15
-1,16
-1,15
-1,14
-1,17
499,15
-1,15
-1,15
8068,16
-1,14
-1,14
-1,15
6707,16
-1,16
-1,16
-1,16
-1,16
3595,16
-1,15
-1,16
-1,15
6187,16
-1,15
-1,15
291,14
-1,15
2699,16
-1,15
-1,14
8482,16
9442,17
-1,16
4441,15
-1,15
6316,15
-1,16
3683,15
-1,15
-1,15
2627,17
-1,15
-1,17
4787,16
-1,16
-1,15
-1,15
8749,14
3597,14
9904,16
4329,16
4610,15
4134,15
4401,18
4447,15
-1,15
-1,15
-1,15
-1,15
-1,15
8171,18
-1,15
-1,15
2498,19
8008,16
-1,15
1401,15
2137,16
-1,18
2330,15
3304,15
3463,15
524,15
2569,15
9666,17
-1,15
979,15
-1,18
-1,14
4043,16
-1,14
1108,16
5557,20
-1,16
-1,14
370,16
-1,16
3302,16
888,16
9047,15
794,15
-1,14
7176,16
-1,14
7736,16
-1,16
-1,16
7676,15
1973,15
-1,15
5601,16
-1,15
1069,16
-1,15
-1,16
-1,15
-1,15
455,16
6746,15
9702,15
2037,15
362,16
-1,15
-1,16
3815,14
-1,15
5045,16
-1,19
1580,16
94,19
9659,18
4529,16
2331,16
6555,15
3694,14
1919,16
-1,16
4777,15
2153,15
6470,17
-1,15
8827,17
-1,15
-1,14
-1,16
-1,15
-1,15
-1,15
-1,15
-1,15
3613,15
5597,17
2671,17
-1,16
8350,16
5844,17
-1,15
9299,16
5945,17
8578,16
-1,15
8857,15
143,16
543,15
711,16
-1,14
-1,14
7640,15
1140,17
4440,16
2617,14
-1,16
-1,15
8376,16
3447,14
-1,14
7936,16
4519,15
8432,18
1394,15
-1,15
5234,16
3757,17
9523,17
3347,15
2083,16
8880,15
-1,16
-1,16
-1,15
4768,15
9766,16
2812,16
8749,16
-1,15
7857,15
2777,18
9175,16
9677,16
-1,14
9985,15
-1,15
1367,15
-1,15
4581,16
-1,15
862,17
8471,16
-1,15
5369,17
-1,15
-1,16
8164,16
3570,17
-1,15
7354,15
-1,16
-1,15
2655,15
-1,15
6527,16
3304,17
-1,15
4991,16
4314,15
-1,17
6843,18
5817,15
8529,16
-1,15
4815,16
9455,15
-1,15
8566,16
-1,15
-1,15
2555,15
-1,15
-1,14
-1,14
-1,15
8397,17
565,15
-1,16
-1,16
5837,15
-1,15
436,18
-1,16
-1,15
-1,14
-1,16
-1,15
4170,18
1224,16
4440,18
568,17
-1,16
-1,15
-1,15
-1,15
-1,15
3577,16
9422,15
-1,15
-1,16
4545,15
4419,14
-1,14
-1,15
-1,16
8513,16
3217,15
7996,15
9644,16
-1,15
4028,15
-1,14
-1,14
-1,16
5877,14
-1,15
1868,17
-1,15
-1,14
-1,15
-1,19
9400,16
4622,15
-1,14
-1,15
-1,15
8510,18
-1,15
-1,14
-1,15
-1,15
2554,15
-1,15
-1,15
3241,16
9971,17
1921,16
7544,16
-1,15
6264,17
650,17
-1,15
5641,17
-1,14
6251,16
6392,15
6424,15
-1,15
-1,14
8714,15
-1,16
4814,16
5057,16
5763,15
-1,17
-1,15
-1,15
1926,16
-1,15
8242,15
-1,15
-1,15
-1,15
-1,17
-1,17
-1,16
2883,15
-1,15
-1,16
-1,15
9687,16
-1,17
1367,16
-1,15
-1,15
1791,15
-1,16
-1,15
-1,15
6793,17
4850,17
-1,15
9110,15
9931,16
-1,14
-1,15
-1,16
5102,15
8760,15
-1,17
6349,16
-1,16
4693,15
-1,15
-1,18
-1,15
8914,18
5534,15
9852,17
2735,15
6336,16
-1,16
8487,16
9312,17
-1,14
4506,15
-1,14
4529,17
-1,16
2567,16
-1,14
7493,16
-1,15
9124,17
-1,15
-1,15
2937,16
9778,15
-1,15
9374,15
-1,15
2630,19
8241,16
269,15
1423,15
-1,14
7584,14
-1,15
-1,16
5536,16
-1,15
9062,18
-1,17
-1,16
-1,15
-1,15
3177,15
3380,16
-1,15
1257,18
6297,15
-1,15
427,15
-1,16
6512,15
-1,16
8125,15
-1,14
1401,15
446,16
9283,17
1603,15
1245,16
3080,15
-1,16
-1,15
-1,14
8628,14
5168,14
4376,15
-1,14
-1,15
7449,16
-1,16
4397,17
3923,15
-1,15
-1,14
2844,16
-1,15
-1,16
-1,14
-1,14
-1,15
-1,15
-1,15
-1,15
6288,15
-1,15
7865,16
-1,14
8571,15
5253,16
190,16
7076,14
-1,15
8826,16
5269,15
-1,15
7634,15
4653,16
-1,17
-1,17
8356,16
9650,16
7231,16
4539,18
2085,14
-1,14
714,15
-1,15
3107,16
-1,16
2948,17
9436,17
3817,15
-1,15
-1,15
389,16
351,15
-1,15
-1,16
-1,16
9721,14
-1,15
-1,15
4632,16
-1,16
-1,16
6540,15
-1,16
6982,16
6135,16
-1,16
-1,14
7852,16
-1,15
3593,16
5384,16
-1,16
-1,15
-1,15
-1,16
8480,15
-1,17
-1,15
5027,17
5434,17
9074,16
4320,16
4322,15
-1,16
-1,15
8553,14
8985,16
-1,15
-1,15
8030,15
-1,15
3535,16
262,14
-1,15
9664,15
-1,16
-1,15
-1,14
-1,15
7784,17
7240,15
-1,15
8905,17
-1,14
8664,15
7432,15
5267,16
-1,15
9097,15
-1,16
2819,17
6051,16
9440,15
-1,16
-1,15
527,15
-1,14
4346,15
-1,16
-1,16
-1,14
-1,15
2512,17
3087,15
-1,16
4592,14
4584,15
-1,15
6847,15
7860,17
-1,16
1466,16
8147,15
5729,16
-1,14
7216,15
8973,18
-1,16
2414,15
-1,15
5953,17
-1,15
-1,15
-1,15
-1,15
-1,15
6876,16
-1,15
3724,17
6003,15
-1,16
729,15
-1,16
-1,14
1047,15
-1,14
2849,18
-1,17
6004,15
-1,15
1458,16
387,16
8767,14
-1,15
-1,15
-1,17
-1,15
334,17
9544,17
-1,15
2070,18
-1,16
-1,15
-1,15
-1,16
-1,16
110,16
-1,16
5665,16
-1,15
-1,16
-1,15
-1,15
-1,14
-1,17
-1,15
8922,16
-1,15
-1,14
2509,16
3545,16
-1,15
-1,15
-1,16
-1,15
3705,17
4668,17
-1,15
3766,15
-1,17
-1,15
-1,15
-1,16
5345,14
9182,15
5157,15
-1,17
1673,17
5201,17
67,15
-1,14
-1,16
8826,15
4079,16
6916,15
-1,15
2455,15
-1,14
-1,16
-1,16
6198,16
5291,15
6982,15
473,15
9234,16
4978,14
6413,16
-1,16
4107,17
6971,16
-1,15
-1,17
8001,16
3818,16
7516,15
9925,15
4382,18
3805,15
8848,16
-1,15
-1,15
1190,15
-1,16
-1,16
5855,15
-1,16
-1,14
-1,15
6938,15
-1,15
-1,15
-1,16
9422,15
1794,16
-1,15
5221,15
-1,15
2853,15
-1,17
1650,16
6432,17
3608,17
3985,18
-1,14
-1,14
4704,15
-1,15
-1,15
9486,15
-1,16
-1,14
-1,15
8095,18
-1,15
-1,15
4608,16
1710,16
1045,17
-1,15
-1,15
-1,16
-1,15
-1,15
-1,15
1816,17
3089,15
-1,15
9288,15
6516,15
8861,15
-1,14
2057,17
4276,15
-1,15
-1,16
-1,16
-1,15
3970,15
-1,16
884,15
4515,15
-1,14
-1,16
4662,17
-1,15
2968,15
7370,17
-1,15
8330,15
1001,15
7887,16
8142,18
-1,17
-1,16
-1,15
6413,17
4694,16
-1,15
1986,15
4857,19
-1,16
8159,15
-1,15
-1,16
3372,15
-1,16
-1,15
8513,16
4207,15
-1,15
-1,15
5468,17
5314,15
-1,16
5367,15
-1,15
3776,16
154,16
-1,16
-1,16
-1,16
-1,15
1352,16
-1,18
-1,15
2505,16
1818,16
8616,17
-1,14
-1,15
891,16
137,16
3965,17
2486,17
8590,15
6466,17
3519,15
-1,16
1199,15
5562,16
-1,14
-1,15
-1,15
775,16
-1,16
-1,15
8724,14
-1,15
7223,17
-1,15
1370,16
-1,15
4103,16
-1,15
-1,15
4691,17
-1,17
3834,16
-1,15
8292,14
-1,15
9370,17
5263,16
-1,15
-1,15
4896,15
40,16
-1,14
6891,17
5302,15
-1,15
-1,15
6073,17
-1,16
-1,16
9146,15
8551,15
-1,14
9992,17
-1,13
4877,16
9008,17
-1,15
-1,15
-1,14
-1,15
-1,15
5362,17
-1,15
-1,14
2044,16
2778,16
124,16
2031,15
3472,17
3309,16
-1,15
-1,15
-1,16
438,17
-1,15
-1,15
-1,16
7999,13
-1,17
-1,15
9158,17
6172,17
-1,15
-1,15
2298,15
4350,15
-1,16
9686,16
3856,14
-1,16
-1,15
-1,14
4164,15
8896,17
-1,16
-1,16
-1,16
5708,14
-1,14
7846,16
-1,16
7518,15
-1,15
8290,17
584,15
2407,14
7201,15
8282,16
-1,15
2130,16
9323,14
1039,15
-1,16
-1,16
5445,16
9105,17
6213,15
-1,14
-1,15
-1,16
-1,15
-1,15
-1,15
3702,15
-1,16
-1,17
-1,14
7086,16
9913,15
-1,16
-1,15
8268,16
7,16
-1,16
3238,15
9108,17
-1,15
6994,15
1218,15
-1,14
8519,14
226,15
-1,16
-1,16
-1,15
7958,16
5344,17
-1,15
-1,14
6845,16
7725,15
5301,15
-1,16
-1,15
1489,15
-1,17
8881,15
9428,16
-1,15
2601,15
7975,15
9298,19
-1,15
8105,15
4603,17
6005,15
7913,15
-1,16
5942,15
-1,14
231,16
-1,16
-1,16
1275,15
-1,14
-1,15
-1,14
9369,15
9920,15
6663,14
-1,15
8685,17
-1,15
6138,17
-1,15
-1,17
7336,16
9052,15
-1,15
4056,16
5185,17
-1,14
-1,16
-1,15
-1,15
482,15
9718,16
8945,16
-1,16
5445,15
4803,15
-1,15
6661,17
-1,15
694,15
-1,14
2665,15
-1,15
2210,15
49,16
3282,15
-1,15
-1,15
-1,15
3839,16
-1,15
6034,15
9018,15
3547,18
4962,15
1289,16
1022,17
5718,16
7685,18
494,15
1757,15
5594,16
4823,16
-1,15
-1,16
8184,15
3434,16
-1,15
-1,16
-1,14
2977,16
-1,16
-1,15
-1,15
5793,16
-1,15
6308,16
2272,16
1300,16
-1,15
-1,14
-1,16
4248,16
8862,17
-1,15
-1,16
-1,15
-1,15
-1,16
3189,16
2949,15
6862,14
-1,16
-1,15
-1,16
-1,16
853,17
-1,14
-1,15
-1,15
-1,15
-1,14
-1,17
-1,16
-1,15
-1,15
8893,15
5474,15
-1,15
-1,15
8491,15
-1,15
2379,16
5590,16
-1,15
2893,17
4212,18
-1,16
4319,16
-1,15
-1,15
93,16
9328,16
6379,16
6502,16
3716,15
1644,16
-1,17
-1,15
-1,15
4034,17
-1,15
8469,16
5137,15
7081,15
-1,15
4487,15
-1,15
7081,16
8111,16
1918,15
-1,15
-1,15
-1,15
-1,17
5048,18
-1,14
5403,16
-1,15
9812,16
-1,14
-1,15
-1,15
-1,16
34,15
174,15
6784,16
4106,15
403,16
-1,16
8094,16
-1,16
177,15
-1,15
-1,14
-1,14
-1,15
1768,15
-1,15
7974,15
4856,16
4504,16
-1,14
6926,17
2140,17
916,18
-1,14
-1,15
-1,15
-1,14
-1,14
7867,16
336,16
6275,20
-1,15
-1,17
3404,17
-1,16
-1,15
-1,15
5326,16
9536,17
6366,15
-1,16
5892,15
-1,14
3183,15
-1,14
-1,16
-1,14
-1,16
8773,16
9577,16
5054,15
8838,15
1267,16
4785,15
1437,17
1617,16
3419,17
5621,16
8141,15
9659,15
-1,16
-1,15
-1,14
1105,16
7689,16
571,16
7511,15
629,15
-1,16
7652,16
7200,15
-1,15
-1,16
-1,15
3916,17
-1,15
-1,16
6170,16
2453,16
467,15
-1,15
9720,15
2153,17
7869,14
9324,16
-1,14
4850,15
9964,16
3859,17
-1,15
5424,15
-1,16
8102,15
6495,17
5727,18
6919,15
4776,16
6095,17
8977,16
-1,16
2720,15
-1,17
6500,15
-1,17
7205,17
-1,14
3841,17
2962,17
3330,15
-1,17
-1,15
6755,14
7271,15
4750,14
-1,16
-1,16
-1,16
679,16
2500,16
9836,17
-1,15
-1,16
7580,16
-1,16
-1,16
-1,16
-1,15
-1,16
-1,15
5194,15
-1,15
-1,16
-1,15
5315,17
8622,15
-1,14
-1,15
-1,15
9486,15
7244,15
-1,17
1708,16
-1,15
-1,15
3519,17
7642,15
9231,16
5714,15
-1,15
-1,16
5883,16
-1,14
6593,17
3209,16
-1,15
-1,15
-1,14
-1,16
-1,16
-1,16
-1,16
-1,15
7478,16
-1,14
4243,15
-1,15
-1,15
-1,14
2863,15
-1,15
6436,14
-1,15
-1,15
4670,15
2302,17
-1,15
6971,14
4637,16
-1,16
3241,15
-1,16
2343,15
5406,15
-1,17
-1,15
60,15
7992,16
-1,16
2761,17
1302,16
-1,15
3591,16
-1,19
1824,16
1565,18
825,16
-1,15
525,16
-1,17
-1,15
6470,16
-1,15
748,16
8495,15
-1,16
-1,15
3884,17
136,14
104,15
2941,15
-1,14
-1,16
-1,15
-1,16
-1,15
3649,16
6642,15
258,16
-1,16
671,16
850,15
-1,16
-1,16
7158,16
-1,17
6403,16
-1,16
153,15
-1,14
2332,16
-1,14
3511,17
2636,15
-1,16
-1,15
-1,14
-1,16
-1,16
-1,16
-1,16
-1,15
993,16
3824,16
-1,15
-1,17
-1,15
-1,15
-1,14
-1,15
-1,17
6960,16
1555,17
-1,15
-1,14
6810,15
1110,15
4171,17
4837,15
-1,15
2901,15
8841,16
-1,15
9093,16
-1,15
-1,16
-1,15
6645,16
2079,18
-1,15
6078,17
1893,15
7364,16
6000,16
-1,16
-1,15
-1,16
6930,16
-1,16
-1,15
-1,16
3483,15
-1,15
1005,17
8003,17
8253,16
-1,15
2407,15
-1,17
2155,15
6678,16
6838,15
5547,16
7702,16
116,16
6179,15
-1,16
-1,15
4163,17
-1,15
6429,15
-1,16
4919,15
6181,14
9774,16
4954,18
-1,15
-1,15
3751,15
9780,16
8255,16
-1,14
-1,15
-1,15
6838,15
-1,15
-1,16
-1,16
-1,15
9725,16
5681,16
5083,15
1588,16
3072,16
-1,14
1715,17
-1,17
-1,16
-1,15
6106,16
-1,15
4484,16
-1,16
-1,15
2979,16
-1,17
7331,18
9820,16
-1,16
1620,15
-1,15
721,17
7885,15
-1,14
-1,14
-1,16
6206,15
3491,15
7639,16
-1,16
6534,18
3065,16
57,15
-1,15
3802,15
878,15
-1,14
-1,14
5998,16
8518,16
-1,15
-1,16
3626,15
-1,16
6541,16
3966,15
2701,16
-1,17
9882,15
3120,16
3651,15
9576,15
7431,15
8022,17
2863,15
8609,15
-1,17
3261,15
-1,17
9778,15
2064,16
9123,17
-1,14
-1,16
-1,14
589,16
-1,15
6617,15
4614,16
1672,17
7529,17
4955,14
2433,16
-1,16
4736,17
-1,15
9235,16
-1,15
8672,15
-1,16
8533,16
808,17
-1,16
2978,16
969,18
-1,15
3937,16
-1,16
0,16
6971,16
-1,14
-1,15
-1,14
-1,15
-1,15
4324,16
6107,15
-1,15
-1,16
5876,17
2754,16
-1,15
-1,16
3257,15
2621,15
7974,16
9518,16
-1,15
-1,15
8151,17
-1,15
3102,15
1692,16
5085,17
634,17
-1,16
-1,15
9948,16
2336,16
-1,17
4524,14
5992,16
-1,15
5732,16
-1,17
9667,14
8431,15
8365,14
7018,16
-1,18
4085,18
-1,16
1955,15
9905,17
-1,14
-1,15
-1,15
1736,15
943,17
8317,16
-1,15
5988,17
6868,16
-1,15
7083,19
9686,14
4532,16
-1,15
-1,13
507,16
-1,15
-1,15
-1,15
4916,15
-1,15
-1,15
-1,15
1615,15
-1,15
-1,15
5539,15
8340,15
-1,14
-1,16
-1,15
-1,14
5557,18
-1,16
-1,17
-1,14
7593,16
235,14
-1,16
846,15
8408,17
-1,15
-1,15
1553,17
1469,16
-1,15
-1,15
94,17
6723,14
4560,14
-1,16
-1,16
5648,15
2490,16
-1,15
7608,17
-1,15
-1,15
-1,15
-1,15
7285,16
7535,14
2064,15
497,15
-1,15
2417,16
-1,16
-1,17
1187,15
5652,15
5452,19
-1,15
-1,17
4843,16
-1,14
7560,16
-1,15
-1,15
-1,15
-1,15
-1,15
7058,16
-1,15
8480,17
-1,15
-1,15
8661,17
5127,15
6564,15
-1,17
9833,15
-1,14
9176,15
2275,17
4254,14
-1,16
3112,15
6385,16
5594,16
9050,16
3343,15
-1,15
-1,16
-1,16
4444,17
-1,16
-1,16
-1,16
-1,16
-1,16
4385,16
-1,15
-1,16
8952,15
6153,14
464,16
2279,14
9813,16
-1,15
-1,15
-1,15
-1,15
-1,14
-1,16
4032,17
8353,16
-1,16
5877,16
7148,15
-1,16
4619,16
900,17
3824,16
2135,15
5755,16
-1,15
-1,15
-1,16
1408,14
4002,15
-1,16
-1,16
-1,15
910,16
-1,15
4228,15
-1,17
6539,15
-1,15
9243,16
-1,15
-1,16
-1,15
-1,15
7060,16
-1,16
8274,15
6332,16
9425,15
1137,15
1894,15
-1,14
-1,17
993,16
572,16
-1,16
3088,16
-1,15
565,16
-1,15
7752,16
9360,15
-1,16
8683,15
3582,18
-1,15
6430,17
6358,16
-1,15
6295,16
-1,14
-1,17
7474,15
6077,16
6944,15
-1,17
-1,16
7931,17
-1,14
9245,15
7568,15
7771,16
3379,15
4786,14
-1,17
2035,17
586,15
4578,16
2752,16
3990,17
3953,16
4541,16
-1,17
4357,19
-1,14
9781,16
2856,16
4917,17
2403,16
-1,16
2060,17
9951,15
2747,15
588,15
8246,17
4068,16
-1,15
9142,16
1533,15
117,16
-1,14
-1,15
-1,15
-1,17
2275,15
2933,15
-1,15
6641,16
277,16
2352,15
177,16
262,17
7792,16
9201,15
9927,16
-1,15
3647,16
8823,15
8302,15
-1,17
-1,15
-1,14
-1,15
2701,17
8404,18
4934,18
5483,18
5159,16
-1,14
1626,16
-1,16
1669,16
-1,17
1783,17
420,16
3184,15
-1,17
2245,15
-1,15
3939,16
-1,15
8123,17
-1,15
-1,15
3375,16
-1,16
-1,15
-1,16
-1,15
7561,15
-1,17
-1,16
-1,17
-1,16
-1,15
9460,18
8791,15
1610,16
131,15
970,17
49,18
-1,15
5269,16
8852,16
8263,15
-1,16
1182,16
-1,14
-1,15
-1,16
-1,16
-1,15
943,16
2789,16
-1,15
3416,15
-1,15
6652,14
8037,17
-1,15
1896,16
6150,18
-1,14
7384,16
307,16
6178,16
-1,15
4149,15
-1,16
-1,16
7311,16
-1,15
6511,14
8240,16
-1,17
-1,14
8103,15
-1,15
-1,15
-1,15
4714,18
1731,16
2997,16
-1,16
-1,16
1201,18
4253,17
6714,15
3767,15
-1,15
2778,16
6788,17
1472,17
-1,16
-1,17
1953,17
-1,16
-1,15
1056,16
2687,17
-1,16
2828,16
3359,16
9154,16
-1,16
7597,15
807,15
-1,15
5869,16
255,17
-1,15
5045,17
1827,15
-1,15
-1,15
-1,15
-1,14
-1,16
686,17
4588,15
885,17
-1,18
4499,14
198,14
8946,17
6160,17
-1,14
5364,15
-1,15
9471,16
-1,15
-1,15
-1,15
7251,15
-1,16
-1,15
5696,16
6698,16
7293,14
3375,16
5150,15
-1,16
1055,17
-1,16
-1,15
-1,16
-1,15
571,16
1717,16
5574,19
-1,15
6796,15
-1,15
-1,15
-1,16
-1,14
7772,16
-1,16
-1,14
-1,15
9157,15
5855,15
-1,14
-1,13
9620,16
-1,14
3653,16
-1,17
7503,16
7769,15
7134,17
-1,16
-1,14
-1,16
4688,17
-1,16
5644,15
-1,16
1613,16
7397,15
1133,15
2578,16
4931,15
-1,15
-1,15
6804,17
-1,15
8695,16
4366,16
1057,16
-1,17
9361,16
8191,15
-1,15
-1,15
7361,16
1686,15
-1,17
4688,16
3091,16
-1,17
9661,16
-1,16
-1,15
1130,17
-1,16
-1,16
-1,16
4508,16
-1,16
-1,15
4420,14
-1,15
5974,17
-1,16
-1,15
1982,16
273,17
1568,16
-1,15
-1,15
-1,16
-1,15
-1,16
9468,15
-1,16
3991,14
5837,15
9771,15
-1,15
3882,16
-1,16
-1,14
-1,15
3732,15
-1,15
-1,17
2034,15
7419,15
5976,16
7242,17
560,16
-1,14
875,17
1139,16
-1,14
308,16
9751,15
-1,14
9783,15
1704,17
6895,15
-1,15
3264,15
-1,17
4866,15
-1,16
7341,15
5254,16
-1,14
1420,15
7477,16
7057,15
8059,16
-1,17
-1,14
-1,15
-1,14
2733,15
1317,16
1981,15
-1,16
-1,15
4528,15
-1,16
-1,15
-1,15
-1,15
-1,16
-1,16
-1,15
9553,14
-1,15
-1,15
3891,15
2467,16
889,15
4174,18
-1,15
-1,14
-1,18
-1,16
-1,16
-1,15
-1,16
9845,16
-1,16
7311,16
-1,16
6239,15
-1,15
5199,15
-1,16
9091,16
7660,14
5950,17
6263,16
-1,15
-1,14
5702,16
2734,15
-1,14
-1,15
-1,15
-1,15
-1,15
-1,16
-1,14
-1,15
-1,15
7972,17
1764,15
-1,16
-1,16
-1,14
4881,15
-1,14
-1,15
-1,15
7903,15
-1,17
3328,14
4948,16
-1,15
-1,15
8749,16
-1,16
-1,17
8158,16
1614,16
-1,15
-1,15
-1,15
3490,16
3331,14
-1,15
-1,16
-1,15
-1,15
-1,16
8301,14
1906,17
2319,17
873,15
5579,18
-1,16
2047,16
8808,16
3868,16
-1,15
-1,14
5069,17
5901,16
-1,14
-1,15
-1,15
3653,16
-1,14
-1,14
508,15
-1,15
1565,15
-1,15
-1,14
-1,16
9069,15
2947,15
-1,15
-1,16
7625,15
2851,16
9670,17
1361,16
999,15
1956,15
-1,15
-1,15
-1,16
-1,16
6502,16
-1,15
254,16
-1,14
4081,14
-1,16
-1,16
-1,15
-1,16
-1,15
-1,15
7555,17
-1,16
-1,15
6714,15
-1,15
8229,16
5631,16
-1,15
3696,15
8171,15
-1,15
-1,15
8231,16
6811,17
-1,15
4176,18
8192,17
1343,16
985,15
8897,14
7552,15
598,15
7260,16
-1,16
6074,15
6928,16
-1,14
-1,15
-1,15
-1,16
-1,15
9563,16
-1,15
-1,15
-1,15
-1,14
8108,15
217,14
-1,15
420,16
5663,17
7691,15
-1,15
1896,16
1176,16
1693,16
4160,16
2105,16
-1,15
-1,16
-1,15
160,14
8588,15
-1,15
-1,15
-1,14
-1,15
-1,14
1989,16
-1,14
-1,16
9743,18
782,15
1042,16
949,16
1784,15
4226,15
1416,16
7667,17
-1,18
-1,15
8221,15
9599,15
4011,15
-1,15
795,15
-1,15
3739,16
707,15
-1,15
5854,16
-1,15
2212,15
-1,15
-1,15
-1,14
-1,16
-1,15
2418,15
5362,15
5930,15
-1,15
8321,15
5318,18
2550,16
-1,15
9031,15
452,17
-1,16
-1,17
-1,16
9467,15
-1,14
5149,16
-1,15
-1,15
-1,15
-1,15
-1,15
7386,17
8818,16
-1,14
5628,16
4695,15
3857,16
6,17
-1,16
1198,16
361,15
-1,14
-1,16
2290,17
6887,17
-1,15
5627,15
512,17
-1,14
7901,16
-1,15
-1,15
1324,16
5092,15
7301,17
1663,15
-1,16
2026,15
-1,16
6917,16
1300,15
-1,15
-1,16
1690,15
4766,16
8954,16
7262,17
2134,15
4309,15
4243,15
-1,16
-1,16
-1,15
-1,16
-1,15
-1,15
-1,15
8522,15
9898,16
-1,15
-1,15
3393,17
-1,15
-1,16
2299,15
463,17
-1,14
-1,15
3022,17
-1,15
7662,16
-1,18
2635,15
6078,15
9222,16
-1,15
8982,16
-1,15
-1,16
-1,16
7586,15
-1,15
214,16
-1,15
-1,16
-1,17
585,16
-1,16
5971,16
4246,14
-1,15
9057,14
-1,16
-1,15
-1,16
3500,16
-1,14
-1,16
9806,14
3826,19
-1,16
8108,15
5795,17
3428,16
-1,15
-1,16
2636,15
-1,14
-1,15
-1,16
-1,17
9955,15
2315,16
1196,17
-1,16
8566,16
-1,15
-1,15
6173,15
2049,16
8982,16
9882,16
-1,16
9262,17
-1,16
5131,15
1403,16
9259,15
2944,14
913,16
8027,14
9050,16
-1,15
-1,15
7363,16
3275,17
-1,15
-1,14
-1,15
-1,17
-1,16
-1,15
1746,17
-1,14
3583,17
-1,16
7884,16
-1,16
-1,15
-1,17
-1,15
-1,15
-1,17
-1,14
7157,15
9458,14
1375,17
2208,15
318,16
-1,14
-1,15
5278,16
125,18
-1,15
4563,17
9914,16
2895,17
6543,15
2825,17
-1,15
8360,15
1544,16
-1,15
-1,15
8972,17
-1,16
5204,14
-1,14
2723,15
7244,17
-1,16
-1,16
4980,15
-1,14
5667,15
4602,17
9173,16
2537,16
-1,14
1192,18
-1,16
-1,15
-1,15
2535,16
4833,15
-1,16
9190,15
6848,15
1855,15
6040,18
1212,16
-1,15
8747,16
-1,16
-1,15
5849,15
1985,15
8924,15
4850,16
4638,18
-1,15
-1,14
-1,14
9071,15
3370,15
-1,14
9066,17
-1,15
9540,15
3203,15
8772,16
-1,16
4624,15
-1,15
-1,15
8435,17
5485,16
-1,16
-1,15
8635,17
4572,15
7889,15
3187,16
867,18
202,16
7212,15
-1,15
5637,15
8439,16
-1,16
586,16
4154,15
-1,16
9314,14
-1,15
3932,15
-1,14
-1,15
2264,17
8188,15
-1,14
952,16
7790,17
-1,17
8310,17
-1,15
8433,15
-1,15
6023,17
-1,17
8862,16
-1,16
3856,16
9746,16
-1,16
2672,15
860,16
-1,16
-1,14
5212,16
1649,16
7161,15
7168,15
2013,15
2313,15
6991,18
-1,15
-1,16
9236,17
6848,16
-1,15
4822,15
-1,15
-1,14
8253,15
6369,17
6468,15
3611,16
2294,15
-1,17
758,16
-1,16
328,16
8245,16
-1,15
9614,16
7406,15
-1,15
-1,16
9273,18
-1,17
6500,16
-1,15
3901,15
-1,15
-1,15
-1,15
5633,16
-1,16
4116,16
3773,15
2106,17
-1,15
-1,15
1677,15
-1,16
1530,15
7485,16
7667,15
-1,14
-1,15
-1,16
-1,15
-1,15
3237,15
963,17
-1,15
9218,15
-1,15
-1,14
9533,17
4674,15
7342,15
-1,15
2624,16
-1,16
-1,15
4152,15
-1,15
2131,16
-1,15
3615,16
-1,15
2035,16
-1,15
4889,16
-1,15
-1,15
-1,16
8684,17
-1,16
1190,15
1958,15
-1,16
678,15
6959,16
1468,15
-1,15
4024,17
547,15
-1,14
-1,15
-1,16
-1,16
-1,15
7251,17
-1,14
-1,14
7130,16
9527,17
-1,14
2193,14
368,15
8862,15
-1,14
-1,14
8135,16
-1,15
8362,17
4479,15
-1,17
6823,16
6411,15
-1,14
1068,15
-1,16
-1,15
-1,16
-1,16
5564,16
-1,15
-1,15
5320,16
4188,16
-1,15
-1,14
-1,15
-1,15
-1,15
-1,15
5619,16
-1,15
1553,16
-1,16
7748,16
5331,15
3566,16
-1,15
-1,16
-1,14
727,16
5434,16
9463,15
-1,16
-1,14
-1,16
-1,14
-1,14
2927,15
8783,16
-1,16
-1,15
9969,15
4961,15
-1,15
1169,17
6253,15
-1,16
6707,16
3643,16
9812,17
4265,16
-1,17
-1,15
-1,14
-1,15
-1,15
-1,15
971,16
4986,15
-1,15
-1,15
3963,17
-1,16
-1,14
-1,16
5274,15
3495,16
2909,17
4183,14
-1,16
-1,17
-1,16
-1,15
-1,15
1754,18
-1,16
-1,15
-1,15
-1,17
-1,15
551,15
-1,15
7991,17
-1,15
4430,17
-1,15
-1,16
-1,15
-1,15
2030,16
-1,16
-1,15
-1,14
2751,16
-1,16
-1,15
-1,17
9518,16
849,16
-1,15
-1,16
-1,16
-1,16
-1,15
9689,15
8245,16
4414,16
1221,15
-1,15
1471,16
3796,16
-1,15
-1,15
-1,15
-1,15
9294,17
-1,15
5873,15
4174,15
-1,15
2396,17
-1,15
-1,15
-1,15
-1,15
6791,16
1589,17
-1,15
-1,16
-1,17
1864,15
-1,17
-1,15
4595,16
-1,15
636,15
-1,15
-1,15
232,18
-1,15
-1,15
-1,17
3301,15
-1,16
-1,16
-1,18
9811,16
-1,17
67,15
8117,16
-1,17
-1,14
832,17
-1,15
-1,15
-1,15
266,15
-1,15
6979,16
-1,15
8810,17
-1,15
3802,15
8686,14
7218,15
-1,15
-1,16
-1,17
704,16
-1,16
5974,15
8320,17
-1,15
7662,16
-1,16
-1,16
-1,14
847,15
-1,14
-1,15
4768,16
-1,16
8744,15
-1,15
-1,15
-1,15
-1,15
9787,16
3322,14
-1,15
-1,15
-1,15
-1,16
-1,15
5577,18
-1,15
-1,16
-1,15
4647,16
-1,16
3,15
-1,15
1403,15
4816,16
3493,17
-1,15
-1,16
-1,17
-1,16
902,15
9308,15
-1,15
9331,15
-1,15
8494,16
4889,15
-1,15
173,17
-1,16
-1,15
1077,15
3442,17
-1,17
2336,17
-1,16
-1,15
8993,16
-1,15
3647,15
9016,17
-1,15
-1,15
4154,14
-1,16
3292,16
431,16
-1,15
-1,15
6930,16
-1,16
4673,16
-1,16
-1,15
-1,14
-1,15
-1,16
8318,15
4554,15
-1,16
-1,17
7967,17
-1,16
2855,15
-1,15
-1,15
6441,15
2165,15
9877,16
-1,15
6669,16
-1,17
-1,15
696,16
2597,16
-1,15
-1,15
-1,16
-1,15
-1,15
2733,14
3571,13
7754,16
8629,15
966,16
525,15
-1,15
-1,15
3678,16
-1,16
8964,15
3211,17
1529,17
-1,14
-1,15
-1,16
9662,17
2364,16
3852,16
1865,16
-1,15
-1,15
8408,17
-1,14
9575,18
-1,15
2086,15
-1,14
-1,14
-1,16
-1,16
7447,16
4177,17
-1,15
-1,14
225,15
123,16
8055,17
539,15
-1,15
-1,15
-1,15
1401,17
6085,15
-1,15
-1,15
-1,16
-1,15
-1,15
-1,16
1461,17
-1,16
7740,16
-1,15
-1,16
9719,16
9383,16
322,17
-1,15
-1,15
-1,14
6727,15
6674,15
7483,16
6378,16
-1,15
2194,15
7969,14
9847,15
4071,15
6417,16
-1,15
-1,15
3902,14
-1,14
4587,15
1395,16
-1,15
-1,15
-1,14
-1,15
-1,15
7969,15
7842,15
-1,17
-1,16
-1,15
9060,16
6974,18
-1,15
-1,15
228,17
8991,16
4118,16
2559,15
-1,17
9136,17
-1,14
-1,15
5437,15
-1,15
-1,16
-1,15
-1,15
-1,15
4432,16
6685,16
4708,16
4219,17
-1,15
-1,16
4809,15
7248,15
-1,17
7633,15
-1,15
-1,15
-1,14
1615,16
509,15
-1,16
4278,17
-1,15
-1,15
-1,15
5677,16
6179,15
7795,15
1790,17
3114,17
-1,15
-1,15
226,16
2322,18
6468,15
-1,15
-1,16
-1,15
-1,15
2855,16
-1,15
9800,15
524,15
9295,16
-1,16
8239,17
9240,16
-1,14
-1,17
-1,16
4676,16
8948,17
-1,15
3135,17
4191,17
5740,15
9902,14
8866,16
-1,14
9455,15
-1,15
-1,15
-1,14
-1,15
6217,16
-1,16
983,15
-1,16
3451,17
4024,17
4684,18
757,16
2519,16
-1,16
6688,17
-1,17
6725,16
860,15
-1,15
-1,16
-1,15
3923,16
-1,16
6723,15
2270,16
4919,15
-1,15
-1,15
9983,16
-1,15
1535,16
-1,16
-1,15
4882,16
-1,16
-1,15
9406,15
4996,16
46,15
21,16
8704,16
529,15
1676,17
-1,15
8055,14
-1,14
7019,16
3617,16
9183,15
3673,15
-1,15
9910,16
-1,15
5790,16
4439,16
2904,16
-1,15
8791,17
-1,15
4459,17
-1,15
7981,15
1918,16
-1,16
1147,15
-1,17
-1,15
-1,15
-1,15
-1,15
-1,15
-1,14
-1,15
4458,16
-1,16
3849,14
409,15
-1,15
8496,15
-1,15
5605,16
-1,15
1896,16
1656,16
2168,17
2315,16
7192,18
-1,15
7877,15
8480,15
2391,15
7609,17
5007,17
-1,17
-1,14
-1,14
3741,16
2373,15
-1,14
-1,18
-1,15
-1,16
6051,15
-1,16
-1,14
1427,15
-1,16
-1,15
-1,16
6757,16
-1,16
-1,17
-1,15
84,15
8450,15
-1,15
-1,17
8892,15
-1,15
9060,16
-1,14
-1,15
1448,15
5688,17
1431,15
8084,14
-1,16
-1,15
-1,16
8159,15
5255,16
-1,16
644,17
-1,14
-1,14
-1,16
-1,15
6410,17
6432,17
4238,15
-1,15
-1,15
6678,18
958,16
3270,16
-1,16
8235,15
-1,15
8883,18
6933,15
-1,16
-1,15
-1,15
7494,18
1874,15
3268,15
-1,16
-1,15
-1,14
4026,15
1772,15
6849,17
4272,17
5356,16
-1,15
136,15
6825,17
7045,15
5849,15
-1,15
-1,15
-1,15
2690,15
4124,17
-1,18
-1,15
8030,16
-1,16
8283,15
143,16
-1,15
4822,14
6707,16
4131,16
2188,16
-1,14
-1,16
1236,15
-1,16
605,15
-1,17
1614,16
-1,16
-1,15
4609,17
-1,14
5513,18
-1,15
-1,17
1060,16
-1,16
7468,16
7617,14
-1,15
-1,16
7582,16
1269,15
5634,15
7378,15
-1,15
1465,15
1754,18
-1,15
3587,17
9645,16
-1,15
-1,17
349,15
-1,15
6312,17
-1,16
-1,15
6643,15
-1,15
-1,14
4327,15
-1,15
-1,16
1957,16
2682,16
7392,16
820,17
4215,16
-1,15
6494,15
9473,15
3457,18
4646,15
-1,15
1629,15
-1,17
4673,16
4686,16
474,16
2900,16
-1,15
8057,17
-1,16
-1,15
7793,15
8326,14
-1,15
3857,16
-1,15
2198,15
-1,15
1532,15
1464,17
4323,16
-1,15
-1,14
5484,16
-1,15
-1,16
-1,15
1209,16
1845,17
-1,15
-1,14
-1,15
4405,16
-1,16
-1,16
-1,16
-1,15
3982,17
2035,16
1407,15
-1,14
-1,15
1310,15
-1,16
2034,15
7979,19
316,14
-1,14
-1,15
-1,14
-1,14
997,16
-1,15
6352,16
918,16
9153,17
-1,15
3271,15
-1,15
-1,15
8822,17
4741,15
1424,16
6550,15
-1,16
6091,15
-1,14
4470,15
3297,15
9956,15
1708,16
-1,15
-1,14
7679,16
-1,14
-1,16
6279,15
-1,16
6331,16
-1,15
-1,17
-1,16
-1,15
9298,16
-1,15
-1,14
-1,16
2722,15
-1,15
-1,15
-1,16
6780,18
-1,15
6445,17
-1,15
-1,15
-1,15
7365,16
7672,17
-1,15
-1,15
-1,15
5431,14
2010,15
-1,15
-1,16
8638,16
2627,15
-1,15
-1,16
1131,18
7744,15
2097,15
-1,15
-1,15
6648,14
3984,14
756,17
598,14
-1,15
3154,17
6896,17
6938,15
-1,15
-1,14
6713,14
-1,16
1131,16
4762,16
-1,14
-1,15
-1,15
-1,15
-1,14
2634,15
7173,15
-1,15
-1,15
-1,16
761,16
-1,15
-1,15
-1,16
6463,15
-1,16
4905,17
-1,14
7984,16
4291,17
1402,15
-1,16
6430,16
4917,15
-1,16
885,16
-1,15
-1,17
5231,15
-1,16
4837,15
4885,16
-1,15
6118,15
-1,15
5211,15
8718,15
4369,16
-1,15
3707,16
-1,15
5838,16
-1,15
9388,15
-1,14
2223,16
3087,15
2910,15
-1,16
8556,16
2133,15
7953,16
-1,15
4623,15
8464,16
2996,15
5249,15
-1,15
7572,14
7787,16
-1,15
-1,15
8837,15
3941,17
4517,15
-1,15
1895,15
4576,15
-1,16
-1,15
-1,16
7796,16
1956,15
6210,16
7385,16
-1,16
-1,17
3819,15
7148,15
279,15
-1,15
-1,16
8695,15
-1,15
736,16
-1,15
-1,15
-1,15
-1,16
-1,15
-1,16
-1,17
177,15
-1,15
1255,15
2928,15
2907,16
1428,14
1144,15
-1,15
-1,14
1395,14
6836,15
7064,18
3319,16
4560,17
-1,15
-1,15
-1,14
-1,17
5920,15
-1,15
-1,15
3807,17
4356,16
-1,16
-1,15
-1,15
5533,15
-1,16
-1,16
-1,16
-1,14
1931,16
-1,15
-1,15
6884,15
5592,16
-1,17
6655,17
-1,15
8764,15
5836,15
-1,16
-1,15
-1,16
-1,15
-1,15
-1,15
-1,16
989,16
-1,17
-1,15
-1,16
-1,17
415,15
4680,15
2901,17
-1,14
1169,17
-1,17
-1,15
9127,15
1254,15
1072,15
9522,15
-1,15
1672,15
1052,15
-1,17
5738,16
-1,15
-1,15
-1,16
7940,15
-1,14
-1,16
-1,15
5865,15
5679,16
-1,14
9495,15
2223,18
4238,15
8317,17
-1,15
-1,17
7296,16
2921,15
-1,17
4587,16
-1,16
4358,16
-1,15
9216,15
-1,15
3304,15
3330,16
8439,15
-1,15
2169,16
2280,15
6780,15
703,16
-1,16
-1,16
2955,14
4157,16
-1,16
9562,16
-1,16
1606,15
-1,15
3276,16
392,17
8039,17
-1,15
-1,15
5112,15
6121,16
4905,17
-1,14
6359,16
9448,18
-1,15
2923,16
-1,15
-1,15
5632,16
7677,15
9673,15
-1,15
-1,15
2017,16
9234,16
-1,15
7027,15
-1,16
4534,15
-1,15
3571,15
3119,18
-1,16
-1,15
-1,15
-1,14
3115,16
-1,16
9767,15
1,17
-1,15
-1,14
6195,15
-1,15
-1,16
-1,16
5731,15
3413,16
5831,16
4309,15
-1,15
3715,17
9586,15
1677,16
4603,17
-1,16
68,16
1442,17
-1,16
9436,15
5915,16
8255,15
-1,17
-1,16
-1,16
3934,17
9734,16
-1,16
-1,14
5970,15
8791,15
-1,15
-1,16
1642,15
2218,16
7545,17
-1,14
-1,16
793,16
-1,15
3734,16
2113,18
-1,15
6625,16
8063,16
-1,14
5882,16
1135,16
1313,15
5871,15
-1,15
-1,16
-1,14
2298,16
-1,15
-1,16
6344,15
-1,15
-1,14
-1,15
386,17
1769,15
1137,16
-1,18
-1,16
-1,14
-1,16
4750,17
-1,15
3069,15
6475,15
-1,15
-1,15
-1,14
1245,16
-1,16
-1,15
-1,16
-1,14
7875,16
5670,16
6913,18
-1,14
3620,17
9970,16
5463,15
9261,16
-1,14
-1,15
-1,16
6739,16
-1,14
264,15
-1,17
6392,16
5549,15
5909,16
2633,16
6552,15
3902,14
3439,17
-1,17
-1,15
-1,15
4993,15
8310,16
-1,16
2599,16
3523,16
5162,16
5369,17
3306,16
-1,15
4974,15
3988,16
6540,16
1517,17
2785,14
5566,18
6013,17
9257,17
-1,15
4194,16
1952,15
-1,15
646,17
-1,15
59,14
7658,18
1670,14
-1,16
-1,16
9154,16
6438,15
-1,14
-1,15
8328,14
5037,16
-1,17
5418,15
5872,16
-1,15
-1,15
-1,16
-1,15
-1,16
-1,15
2317,15
7669,16
2155,15
7807,17
-1,14
-1,17
-1,14
-1,16
-1,15
128,16
-1,16
-1,15
-1,16
2364,16
-1,15
5571,14
208,16
-1,15
-1,14
-1,15
1118,16
3349,16
-1,15
-1,15
6135,15
9225,16
-1,15
8327,16
4048,16
-1,15
-1,15
-1,17
1839,15
-1,15
2065,15
-1,15
-1,16
-1,15
-1,16
9025,15
7123,15
2079,17
-1,14
3468,15
7369,17
-1,15
-1,17
-1,15
3017,15
5794,17
-1,15
-1,15
5012,15
1264,17
7764,17
1952,17
4108,15
6530,15
8766,17
517,15
-1,15
-1,16
870,16
2924,16
-1,14
-1,16
987,16
-1,15
3107,17
6182,16
-1,15
544,16
2578,16
-1,16
8538,16
-1,15
-1,14
-1,15
-1,15
7103,19
-1,15
-1,16
8927,16
-1,17
8193,17
9760,15
1115,15
-1,16
3636,15
8943,16
-1,15
-1,16
-1,15
-1,15
-1,15
-1,15
-1,15
4378,16
-1,16
9614,16
-1,15
-1,15
-1,16
-1,15
-1,16
489,15
3251,16
-1,15
7381,15
1360,15
3256,15
-1,14
-1,16
-1,14
2538,15
-1,15
6434,15
1301,14
-1,17
-1,15
6944,16
-1,16
-1,16
-1,15
-1,14
4691,17
-1,16
-1,16
792,16
3270,16
2404,15
9729,17
-1,17
5257,18
-1,15
4793,17
-1,17
7622,15
-1,15
-1,15
7144,16
-1,16
-1,15
-1,16
979,15
1812,15
3735,16
-1,16
-1,15
4777,16
-1,16
9404,15
7211,17
1127,17
-1,16
-1,15
8040,16
-1,15
-1,16
-1,16
-1,15
2632,16
6584,16
-1,17
-1,15
-1,15
6386,16
8937,16
-1,15
-1,15
5867,16
7015,16
9865,15
2032,16
2459,15
-1,15
-1,15
8746,17
4142,16
-1,16
-1,15
2157,17
3833,15
4827,17
8290,15
-1,16
4229,15
7934,17
6825,16
-1,14
-1,16
8488,14
-1,15
-1,14
8419,17
6735,16
5114,17
2961,15
-1,17
-1,15
2023,16
7444,15
9955,15
-1,15
5269,15
-1,15
2337,16
8245,15
268,17
6368,16
5248,14
-1,16
-1,14
5584,16
-1,15
-1,15
-1,14
-1,16
-1,15
-1,15
3990,16
-1,16
6278,16
-1,14
-1,15
540,16
5172,16
888,17
8548,15
4285,15
8329,15
8407,16
7008,17
5508,17
2583,16
-1,15
2217,17
1815,16
-1,15
2778,17
-1,16
5319,15
693,16
-1,15
8204,15
8062,16
-1,15
1197,16
-1,14
-1,16
1787,15
-1,15
-1,14
-1,16
-1,17
9614,16
6588,15
1286,16
2327,15
2753,16
-1,16
-1,15
8138,15
-1,15
-1,14
-1,15
6090,15
-1,15
-1,16
5878,15
-1,15
4007,15
5511,17
3197,14
6716,15
-1,16
-1,15
-1,17
7171,15
9405,15
-1,15
5999,16
265,15
-1,15
8260,17
6027,15
-1,16
7750,16
5783,15
-1,15
-1,14
7486,15
332,17
9257,16
8216,17
-1,16
2015,16
4888,15
-1,15
5552,16
-1,16
-1,14
-1,16
9674,16
-1,16
2753,17
-1,15
-1,15
8046,14
4557,16
-1,17
-1,15
2838,15
100,16
4617,17
-1,15
-1,15
-1,15
6879,15
-1,15
-1,15
-1,15
5090,15
1634,16
-1,15
-1,15
-1,15
9327,16
319,15
5827,16
-1,15
-1,15
-1,15
6523,17
-1,19
-1,15
-1,16
1224,14
6156,14
-1,15
2832,15
2825,15
1537,15
1264,16
3710,17
-1,15
-1,14
-1,16
9846,16
-1,15
3340,16
9573,16
5756,16
8111,16
7685,16
4456,16
-1,15
-1,15
-1,15
503,18
8883,16
8665,15
4680,17
-1,15
-1,15
7585,15
4476,19
3609,15
-1,16
-1,14
-1,15
-1,15
-1,17
2405,17
2462,15
-1,15
401,16
4482,15
-1,15
933,16
-1,15
1938,15
444,15
4753,17
3490,16
5956,15
-1,16
-1,15
1159,17
-1,16
-1,15
-1,15
8503,15
-1,16
-1,17
-1,15
-1,14
-1,14
-1,15
9679,15
7032,16
-1,15
5666,16
4028,18
3002,16
-1,17
5028,17
-1,15
2080,15
-1,14
-1,15
0,15
-1,15
4791,15
1792,16
-1,15
-1,15
-1,15
8101,16
817,16
9114,16
-1,15
8571,16
57,16
490,15
-1,15
8759,16
-1,19
8528,16
-1,15
1757,15
540,15
6049,16
-1,15
-1,16
-1,15
3818,17
-1,16
3730,16
7543,16
-1,14
5467,15
5900,15
7331,16
-1,14
-1,14
447,15
2266,15
6784,15
775,16
-1,15
2703,17
-1,16
7307,17
6013,16
-1,15
3720,16
2861,15
9064,18
-1,17
4449,17
5939,15
-1,16
-1,14
11,16
8539,15
-1,14
6582,16
-1,14
3597,17
-1,15
-1,16
9717,15
4819,16
4781,16
-1,14
-1,16
-1,17
-1,16
3065,17
6201,16
5083,15
7045,16
3348,16
5213,17
4256,18
7297,16
1175,17
-1,15
8866,18
-1,16
-1,15
-1,14
-1,15
7253,18
8882,16
-1,16
-1,15
-1,16
6596,15
7958,16
177,16
2954,14
-1,15
506,16
-1,15
6206,15
-1,16
-1,15
8318,15
9370,17
518,15
-1,15
2180,16
1804,16
-1,16
9534,17
224,16
-1,16
9136,17
-1,16
-1,15
8973,15
-1,15
-1,17
-1,15
-1,15
-1,16
5505,18
-1,15
3976,15
-1,15
5,15
375,15
-1,16
-1,14
-1,15
7503,17
2137,17
3571,17
-1,14
-1,14
1591,15
-1,15
-1,15
-1,17
2979,17
257,15
-1,16
-1,15
-1,16
4610,15
-1,15
-1,15
-1,15
1268,15
8662,17
4788,15
-1,16
747,16
-1,16
-1,15
1323,15
2508,15
-1,15
3730,17
26,17
-1,16
-1,15
8807,14
-1,15
-1,15
565,18
5126,15
1423,16
-1,15
5965,15
3389,15
-1,15
3238,15
-1,15
7876,15
-1,15
-1,14
1126,15
-1,15
-1,15
1088,16
9271,15
8524,16
-1,16
-1,16
3747,16
3046,17
3230,16
4312,16
-1,15
2468,16
7566,15
9056,16
-1,15
3909,16
-1,16
5004,16
5285,15
6090,16
3935,16
-1,16
-1,15
1312,15
-1,14
6942,17
-1,15
-1,16
-1,15
6793,16
2633,15
2194,15
-1,15
-1,16
-1,15
-1,15
9627,15
6683,15
4276,15
-1,16
7675,14
176,16
-1,17
-1,16
-1,15
3924,15
5001,15
-1,17
2892,15
8436,15
-1,16
7892,16
-1,17
4845,16
9624,15
-1,16
1408,17
9510,15
-1,15
4206,15
2385,15
-1,15
-1,16
-1,16
1132,16
-1,15
-1,18
-1,15
-1,14
1321,14
2437,16
-1,16
7639,16
-1,15
-1,16
-1,15
1066,16
-1,16
-1,14
464,16
-1,16
8477,16
2691,15
7069,16
-1,15
-1,17
4328,15
7790,17
9278,17
-1,16
7091,14
1416,18
-1,15
-1,15
-1,15
-1,14
-1,17
-1,16
-1,15
-1,16
9733,16
-1,16
-1,15
3856,16
3686,17
-1,16
-1,16
7262,16
313,17
-1,16
-1,14
-1,15
-1,15
7391,18
6440,16
2955,15
-1,15
7337,15
-1,16
3636,15
4610,15
-1,16
-1,15
-1,14
-1,15
6868,15
-1,15
3699,15
-1,14
7546,15
-1,15
6786,17
3863,16
-1,15
-1,15
9367,15
5977,17
5169,16
4126,16
-1,16
-1,14
7237,17
5258,16
8745,17
5712,16
-1,17
8111,16
639,16
-1,16
2408,15
6442,15
-1,17
-1,16
-1,16
-1,16
7591,16
3629,16
1822,16
1961,16
-1,15
-1,16
-1,15
1461,15
7804,16
-1,14
6494,15
-1,15
7373,15
-1,16
6008,15
3405,14
-1,15
5728,16
3098,16
-1,15
-1,14
3836,15
-1,15
-1,14
-1,17
7809,17
-1,15
-1,16
-1,16
3880,17
-1,15
-1,16
7981,14
-1,15
-1,15
-1,15
215,16
7848,15
-1,15
9866,13
154,16
3094,14
818,16
3261,17
272,14
3866,17
6672,16
-1,15
4696,16
-1,16
-1,15
-1,15
-1,15
4802,15
4183,16
-1,16
2276,17
-1,15
-1,14
5696,16
1306,16
-1,16
-1,14
-1,15
1220,15
-1,16
4470,15
1802,15
-1,14
8994,16
4399,17
-1,16
-1,15
1662,15
-1,16
8143,15
-1,14
1958,16
2471,16
85,14
-1,16
8338,15
7723,17
2490,15
2855,16
4703,16
1142,17
-1,14
-1,16
-1,16
9208,15
3826,15
9681,17
-1,17
7223,17
-1,15
-1,15
4761,16
-1,17
6330,16
3402,16
7853,17
5453,14
-1,16
9870,16
8274,16
-1,15
2872,15
-1,16
-1,15
-1,16
-1,16
4974,16
-1,16
5712,15
-1,15
-1,15
7222,17
8200,15
-1,16
-1,16
2005,15
3747,16
-1,15
-1,16
-1,15
2323,16
-1,16
-1,15
-1,15
-1,16
9926,15
9518,18
-1,15
7509,15
-1,16
-1,15
-1,14
-1,16
-1,15
1465,16
-1,15
6993,15
-1,16
-1,16
2261,16
-1,16
-1,17
-1,14
-1,15
463,15
-1,15
-1,14
-1,15
-1,15
3264,15
215,15
5055,15
7212,15
-1,17
1276,15
-1,15
-1,15
5907,16
-1,15
-1,14
7013,18
-1,14
913,14
-1,15
-1,14
-1,17
-1,15
7074,17
4260,15
9967,15
-1,16
-1,16
-1,16
-1,15
1607,15
6463,15
-1,15
7813,14
3455,16
-1,15
-1,16
-1,16
-1,15
44,15
3457,16
-1,15
-1,15
-1,17
7347,15
-1,15
-1,15
-1,15
-1,17
-1,15
9670,16
-1,15
-1,16
-1,15
2907,14
3675,15
-1,16
4791,16
2574,16
6976,17
-1,15
6271,16
4086,17
-1,14
-1,15
-1,14
-1,14
-1,16
5383,15
-1,15
-1,15
-1,16
-1,14
6320,16
-1,15
-1,15
-1,16
6090,15
-1,15
-1,15
-1,17
3053,14
-1,15
238,18
1681,15
9824,16
3182,17
7141,16
9019,16
8831,17
-1,15
-1,15
9077,15
5219,16
-1,17
-1,15
-1,16
2000,17
-1,16
2436,16
8960,16
-1,16
-1,15
1517,16
-1,15
5776,17
-1,17
-1,16
-1,15
5814,16
4002,16
1354,15
9724,14
8346,16
-1,15
-1,15
-1,15
-1,15
8563,15
-1,16
2238,16
6706,15
-1,15
8174,15
8987,17
-1,14
7868,17
-1,17
9636,15
6440,16
7318,15
7192,17
5029,16
-1,14
-1,16
-1,15
-1,16
-1,16
2720,16
-1,16
5683,15
4685,15
-1,15
8461,16
626,15
-1,15
-1,16
-1,15
4438,15
9679,15
-1,15
3363,18
-1,15
-1,16
-1,16
-1,16
7574,15
-1,15
-1,16
1881,17
9397,14
-1,17
-1,16
7559,16
-1,16
-1,15
-1,15
854,15
9011,15
9344,17
6396,15
-1,15
6768,15
-1,14
-1,16
-1,15
-1,16
6648,16
2984,15
-1,14
-1,17
3437,17
-1,16
-1,16
-1,16
-1,15
-1,16
8830,17
-1,16
-1,16
-1,14
-1,15
9749,15
-1,15
-1,14
2121,16
6390,15
9038,15
3816,17
-1,16
-1,16
-1,15
8982,16
-1,16
711,18
-1,16
942,15
1786,15
2635,16
1408,16
-1,15
9143,16
-1,15
8885,15
-1,16
1456,16
5908,15
7274,16
-1,14
8122,16
6977,18
-1,15
5635,16
-1,16
-1,15
5917,16
4142,17
6336,16
4868,14
-1,15
-1,15
8952,15
2674,15
4279,17
2359,15
4618,16
-1,16
-1,14
-1,15
518,16
7422,14
610,15
9717,16
-1,15
7734,15
4347,16
2819,15
2578,17
-1,15
-1,15
-1,16
-1,15
7330,17
-1,17
3901,15
6499,16
-1,16
-1,14
-1,16
-1,16
-1,16
-1,16
2025,18
6381,15
-1,15
-1,15
2909,15
7017,16
-1,16
2175,15
-1,14
-1,14
-1,16
-1,15
7478,16
-1,14
-1,16
-1,15
6462,15
-1,17
-1,15
-1,15
8962,15
1182,17
9500,15
7744,15
3538,16
-1,15
-1,16
-1,14
-1,16
8963,16
-1,15
3542,15
-1,16
2065,15
-1,15
4769,16
-1,16
8326,16
-1,15
-1,15
6649,15
-1,14
-1,16
-1,16
-1,15
-1,16
-1,16
4076,15
-1,17
6183,16
2451,15
-1,15
-1,14
8025,16
542,15
-1,16
1508,16
6361,15
7682,16
-1,14
-1,15
-1,15
-1,15
-1,16
7231,16
-1,15
6021,16
5671,15
3767,15
1615,16
-1,16
4563,15
8182,16
-1,15
-1,15
9472,15
-1,16
-1,15
-1,15
6857,17
-1,15
-1,15
-1,16
272,14
8766,17
-1,16
-1,16
2328,16
-1,15
3022,16
4451,16
-1,15
7552,17
1213,16
8567,15
-1,15
-1,15
8784,16
8731,16
-1,16
-1,16
-1,17
84,15
3458,16
21,17
4382,16
7426,15
-1,15
2022,17
-1,14
7232,15
1317,17
1593,16
-1,16
417,17
-1,14
6574,15
7860,16
6210,18
-1,14
-1,15
-1,15
-1,16
1042,15
-1,16
5212,16
2677,16
-1,14
9014,16
-1,16
-1,16
-1,16
-1,14
-1,14
5928,16
6374,15
4186,15
-1,15
-1,15
-1,16
6085,15
5443,15
7166,17
8637,15
57,15
-1,15
-1,15
6780,16
-1,15
3945,17
-1,15
1020,15
6203,17
4920,15
-1,15
2836,15
6038,15
9085,15
2266,16
-1,15
-1,15
7664,15
-1,15
1760,17
-1,15
4518,17
5593,15
3488,17
240,15
-1,14
7636,16
-1,16
-1,16
1863,16
5404,15
9954,15
-1,16
9937,15
-1,15
-1,15
-1,16
3667,15
-1,16
3064,16
6707,16
-1,15
7444,15
-1,16
4176,15
6819,17
6081,16
7297,16
-1,15
-1,14
2843,15
2926,17
6603,15
6846,15
-1,16
-1,15
-1,16
-1,16
-1,15
-1,16
3089,16
-1,14
-1,15
-1,15
-1,14
-1,16
4130,16
2878,15
2330,17
-1,15
-1,15
8831,15
-1,17
-1,15
-1,15
-1,16
3096,15
5592,16
-1,14
8183,16
3600,16
-1,16
-1,14
-1,15
-1,16
-1,14
-1,15
-1,16
2564,16
8394,15
-1,16
-1,15
-1,14
-1,15
9826,16
634,14
-1,16
-1,15
1762,17
-1,16
-1,15
-1,15
-1,15
-1,15
-1,15
-1,16
-1,14
4225,16
9853,16
6300,16
1748,15
6685,16
5329,15
-1,17
1369,16
7268,17
-1,17
207,16
-1,16
-1,15
3313,17
7691,16
302,18
-1,15
-1,14
-1,14
-1,14
8863,16
-1,16
7430,16
4112,17
-1,16
-1,14
-1,15
2230,15
-1,14
375,17
668,16
-1,15
-1,16
-1,14
8235,15
7969,16
-1,16
-1,15
-1,16
4537,16
-1,16
4051,16
3931,16
1085,15
6960,17
2932,15
-1,17
-1,14
-1,15
8278,16
-1,15
3512,16
2690,18
9794,17
6619,16
5631,16
2458,15
-1,16
-1,16
-1,15
8246,16
1345,16
-1,16
-1,15
-1,15
9166,16
-1,16
-1,15
-1,15
6680,15
1902,15
789,16
503,17
-1,14
7156,15
-1,16
8453,17
-1,14
688,16
1563,15
-1,16
1525,15
-1,16
-1,15
5340,15
-1,15
6186,16
-1,15
8825,16
-1,16
2297,15
-1,15
-1,15
6051,14
-1,15
-1,15
-1,16
-1,15
-1,16
7307,16
4391,15
9998,15
1237,17
6630,18
7974,15
-1,15
-1,17
5178,16
4312,17
-1,16
822,15
8187,16
3471,15
-1,16
6020,16
-1,15
1568,15
-1,16
3409,16
5013,15
9401,16
-1,17
3071,16
5317,17
7963,15
2272,16
6487,15
-1,16
-1,15
1902,15
5544,17
2074,16
9804,15
7764,17
8551,15
-1,15
9112,15
5113,15
-1,17
-1,17
-1,15
-1,15
8625,17
-1,17
8697,16
-1,15
2102,16
-1,15
2821,15
-1,16
5161,15
5982,15
-1,16
9652,16
1881,17
-1,15
2657,15
7329,15
5889,16
8426,14
1611,15
-1,16
-1,16
-1,15
2814,15
-1,15
5182,16
4921,16
5982,15
-1,16
7664,16
7775,15
-1,14
9369,16
-1,16
6301,18
-1,15
-1,16
-1,15
-1,15
-1,15
83,15
7785,15
5129,15
-1,16
6956,15
1742,17
-1,15
305,15
8453,15
-1,15
-1,15
-1,14
-1,16
-1,16
1371,17
-1,15
-1,17
9914,15
-1,15
8769,16
3043,16
-1,16
8702,15
7551,15
9156,14
-1,15
839,16
9711,16
6103,16
-1,15
-1,15
3034,17
309,15
-1,15
-1,15
3824,15
2217,18
6531,16
6468,16
8748,18
-1,14
-1,15
1719,16
4799,15
7405,15
4642,17
-1,16
2760,16
7916,15
784,16
-1,15
-1,15
-1,16
-1,16
-1,15
-1,14
-1,14
3269,16
-1,15
-1,16
1715,15
4886,17
-1,16
-1,15
2081,18
2992,15
-1,17
6365,15
5892,17
-1,16
3961,16
5106,16
-1,15
7196,15
-1,15
7987,18
-1,14
-1,15
-1,17
-1,14
-1,16
-1,15
5156,16
-1,14
119,15
-1,15
6347,16
8922,17
-1,16
9075,15
-1,16
-1,14
-1,15
-1,16
-1,15
-1,16
3822,16
7042,17
-1,14
5438,16
8147,17
4223,15
-1,15
2761,18
4003,14
2792,15
-1,15
3582,16
2647,17
-1,15
-1,15
8967,16
-1,15
1918,14
8551,15
-1,15
-1,15
4992,17
7136,15
2547,16
1921,16
-1,15
2941,15
-1,15
6422,16
-1,15
9351,16
-1,15
4615,15
-1,15
-1,16
-1,15
-1,14
1902,15
-1,16
-1,15
-1,15
4241,15
1247,15
-1,15
8157,15
4707,17
-1,15
-1,16
1859,16
7837,15
-1,16
-1,15
-1,16
-1,15
2916,18
-1,15
8933,15
-1,15
-1,14
9540,15
3482,17
-1,15
1615,15
1779,15
1957,15
-1,15
-1,15
-1,15
-1,16
920,17
-1,15
9608,17
-1,16
-1,15
-1,16
9606,15
3850,16
6226,17
-1,17
-1,17
909,16
9220,15
9341,17
-1,15
-1,15
9312,15
2185,16
4293,17
-1,16
-1,16
6089,16
9580,16
97,16
6786,17
-1,15
9781,15
9747,15
-1,15
-1,14
-1,17
1262,17
2233,16
-1,15
4101,15
-1,14
3533,15
-1,15
-1,16
1809,16
191,15
120,16
4304,15
-1,16
-1,15
-1,15
-1,15
3336,16
-1,15
-1,15
-1,15
2474,14
3510,16
-1,16
5470,15
2645,15
3989,16
699,16
-1,14
2537,17
4822,15
9213,16
6520,15
-1,16
-1,15
-1,15
-1,15
-1,18
-1,16
4117,15
-1,15
-1,16
7458,15
-1,16
3357,16
8206,15
1620,15
-1,14
-1,14
4830,17
-1,14
4525,16
-1,14
-1,16
9037,14
-1,15
-1,14
8881,15
2865,16
6908,17
-1,15
4842,15
6528,16
-1,15
1060,16
7986,18
243,16
-1,16
-1,15
-1,15
3321,17
-1,15
-1,16
4276,14
-1,15
-1,16
3875,16
5288,15
6481,16
9860,14
-1,16
8573,16
317,15
-1,16
-1,16
6276,15
5802,16
-1,15
-1,15
-1,16
1302,16
7692,15
8334,14
-1,16
3760,17
8071,14
-1,15
-1,15
3598,16
4515,15
-1,14
-1,15
1880,16
9305,16
-1,16
2099,16
3841,16
3217,16
663,16
1513,17
1662,15
-1,15
6437,15
-1,14
-1,15
2840,15
1493,15
5279,17
-1,16
9289,15
-1,17
-1,15
7895,15
-1,14
-1,15
2336,15
8254,16
-1,17
-1,16
-1,15
8723,15
-1,14
-1,15
2628,15
3857,15
-1,15
-1,15
1085,16
-1,15
1858,15
2477,15
2643,17
-1,14
-1,15
6426,15
-1,15
-1,16
-1,15
4728,16
7481,19
1845,18
-1,14
9793,18
-1,15
-1,16
362,16
2185,17
-1,16
6222,17
4557,16
-1,14
7859,17
4354,17
-1,16
6011,17
-1,16
3391,15
4789,16
6949,17
-1,15
-1,16
-1,17
5044,16
7512,18
3960,14
7625,17
-1,15
-1,15
-1,15
3686,15
-1,16
-1,16
7641,16
8899,16
1529,15
-1,17
-1,16
-1,16
-1,15
-1,16
6588,16
4746,16
-1,17
5350,14
-1,15
-1,15
1082,16
4246,16
4785,14
-1,16
7054,16
9202,17
7950,17
-1,16
-1,14
-1,16
3208,15
-1,15
-1,17
-1,15
-1,15
3868,15
-1,15
-1,15
-1,15
-1,15
-1,14
-1,15
3012,15
-1,16
-1,15
3721,16
8034,15
6167,17
-1,15
7365,18
3515,16
-1,15
-1,14
7676,15
3128,17
4209,15
9521,15
6920,15
878,15
-1,15
-1,15
-1,15
-1,15
9172,15
7816,14
-1,15
-1,14
9969,15
-1,15
3934,15
9060,16
-1,15
5129,14
2100,17
-1,16
8270,15
-1,15
6386,16
-1,14
-1,14
-1,16
-1,15
8993,15
-1,15
2290,19
-1,15
855,17
-1,14
3710,16
7531,16
-1,16
-1,15
-1,14
-1,14
49,15
-1,15
3717,16
9357,16
-1,15
9999,17
6350,16
-1,15
8639,15
-1,17
-1,16
1637,15
-1,14
9875,15
-1,15
-1,15
525,16
-1,16
8140,16
-1,15
-1,16
5250,14
7246,15
6192,15
-1,15
283,16
-1,15
2244,17
293,15
2259,16
6088,15
5186,14
8607,15
8062,17
-1,17
5298,16
5588,17
1478,15
8475,15
3482,18
-1,16
3955,18
7469,16
-1,16
2269,16
14,17
6535,16
8100,16
-1,16
-1,15
2662,16
-1,15
-1,16
-1,15
606,14
7133,15
-1,17
1177,15
-1,15
9603,15
4539,18
-1,14
-1,15
9159,17
3278,15
-1,15
6701,16
-1,15
8092,16
3748,18
4724,15
-1,16
2039,15
-1,16
-1,15
5470,15
-1,14
-1,16
-1,14
-1,15
7723,16
6199,16
-1,15
-1,15
-1,15
6994,15
9832,15
-1,15
-1,15
213,16
-1,15
-1,16
-1,15
3292,16
3235,15
4497,16
4281,17
-1,17
-1,15
1196,17
9450,17
6634,15
2989,15
8224,15
4481,16
-1,15
-1,16
4635,16
9424,17
-1,15
4668,16
8530,15
4454,17
1666,16
4109,16
-1,16
3800,17
-1,16
1605,16
-1,16
4227,16
-1,15
-1,15
-1,15
-1,15
-1,15
2333,16
7798,17
-1,14
-1,15
-1,15
-1,16
-1,15
-1,16
9655,15
-1,15
8708,17
-1,16
-1,15
-1,14
-1,14
-1,16
-1,14
-1,16
-1,16
7234,15
7889,16
8886,15
-1,15
5330,16
-1,16
-1,17
9614,16
5717,16
561,15
7338,15
-1,15
-1,15
-1,15
-1,16
-1,14
-1,14
-1,15
9416,15
9381,16
-1,16
5908,17
7047,16
2922,15
3307,16
5703,15
4843,16
7622,17
9285,16
2226,16
-1,16
-1,15
3834,16
610,15
7373,15
6571,16
-1,15
9810,15
1825,16
6200,16
-1,14
6041,16
7262,15
7266,16
4031,15
-1,15
6822,15
-1,15
5995,16
-1,16
-1,16
-1,14
-1,16
-1,16
-1,15
2,15
-1,15
-1,16
7463,15
-1,15
-1,15
3092,17
-1,14
-1,15
5309,17
-1,16
8931,15
-1,15
-1,16
8612,16
7128,16
7044,16
9246,15
-1,18
5253,16
9699,17
-1,16
1560,16
-1,15
-1,15
-1,17
3069,17
-1,15
8274,16
4725,15
3334,15
-1,15
-1,14
7158,16
-1,16
7087,16
5924,16
-1,16
-1,14
63,15
7891,17
8354,16
-1,16
7662,16
-1,15
3055,17
5708,16
2879,15
-1,14
-1,16
6481,16
6541,16
-1,16
9925,15
-1,15
-1,16
-1,15
8089,14
6086,17
-1,16
979,16
-1,15
-1,15
9712,15
-1,15
-1,15
4569,16
3274,16
-1,15
-1,15
7132,17
-1,15
-1,16
-1,14
5284,16
-1,15
-1,16
3196,15
4739,15
356,16
-1,15
4132,18
2164,16
8273,15
-1,16
7785,15
2663,16
4630,15
-1,15
-1,16
4695,15
-1,15
-1,15
-1,16
7321,15
4596,17
7498,17
7675,15
-1,15
-1,15
-1,15
-1,15
-1,15
7931,17
3207,15
-1,16
7835,17
-1,15
-1,14
-1,14
3602,16
-1,16
9569,15
-1,17
-1,14
2870,16
7875,15
-1,14
2222,16
5911,15
-1,15
-1,14
1269,15
2385,16
156,16
8227,14
4623,18
-1,14
937,17
-1,16
6239,16
701,15
-1,15
-1,15
4082,16
3540,16
3331,16
-1,17
3856,15
-1,15
7381,15
2348,18
7659,16
1479,16
-1,16
-1,15
-1,15
7335,16
3044,16
-1,14
188,16
138,14
6403,16
1554,15
3014,15
-1,14
2830,16
8016,15
9717,16
6490,16
-1,16
-1,15
7120,16
8264,15
2599,15
-1,16
5715,14
3572,15
2081,16
-1,15
-1,14
-1,15
-1,15
2860,15
3805,15
4575,17
3395,15
2230,15
4998,15
1342,15
3816,18
-1,15
-1,15
341,17
109,17
-1,16
-1,14
9181,14
-1,14
-1,15
7271,16
-1,15
6786,16
3519,18
-1,15
9354,16
9494,16
7653,17
8533,16
-1,16
-1,16
3662,15
-1,14
-1,16
62,16
-1,16
5903,15
7698,15
-1,15
-1,13
9516,16
-1,15
-1,15
-1,15
-1,17
530,15
9472,16
3549,17
1507,16
-1,15
-1,16
-1,16
-1,16
-1,16
-1,14
687,15
686,15
-1,15
5304,15
-1,16
9163,15
-1,16
-1,15
-1,16
6135,17
653,15
1751,15
2817,14
3942,17
-1,16
-1,15
8616,15
3261,15
-1,16
-1,16
-1,16
4156,15
2634,16
-1,16
3774,15
-1,14
-1,16
2750,15
-1,16
-1,15
-1,15
-1,16
-1,16
5215,17
-1,15
5805,15
8382,16
9838,14
-1,15
-1,16
9050,16
-1,15
-1,15
-1,16
4427,16
-1,15
6830,16
-1,15
-1,15
-1,14
-1,16
523,15
-1,15
-1,15
9208,16
-1,15
-1,14
3664,16
-1,15
-1,14
2032,16
-1,16
-1,15
-1,16
2098,15
2411,16
5512,15
2505,15
-1,15
3790,16
-1,16
-1,15
1192,17
3379,16
-1,17
6436,19
8697,17
-1,16
-1,14
9226,17
7382,16
9053,16
-1,17
4402,15
427,14
-1,15
-1,15
4131,15
1527,15
3743,15
-1,16
-1,16
-1,15
-1,16
1688,14
-1,15
-1,15
1473,17
5594,17
1305,16
9517,15
3207,15
4188,15
8572,16
6523,16
2748,16
-1,15
-1,16
-1,15
-1,15
6769,18
7129,16
5636,16
-1,15
8890,15
8263,15
9134,16
6694,15
-1,15
1857,17
-1,16
-1,16
-1,15
4408,17
-1,15
9590,15
-1,17
-1,18
-1,15
1877,15
4216,16
-1,15
-1,16
-1,16
1321,16
3229,16
9643,16
8330,15
3803,17
8215,17
-1,14
-1,16
-1,17
8643,17
1127,17
-1,15
2600,17
4457,16
-1,14
-1,15
-1,15
9686,14
457,15
-1,14
-1,17
-1,16
5591,16
2387,16
5932,15
-1,16
-1,15
5582,15
-1,15
3281,15
6999,15
-1,16
3568,15
-1,15
-1,17
4687,16
-1,16
3236,16
9499,16
-1,14
-1,16
9844,15
5044,16
-1,15
-1,16
8536,16
1434,17
-1,16
3403,16
-1,15
1910,16
7324,15
-1,16
-1,15
-1,15
8659,15
4209,19
-1,14
9922,15
-1,15
9292,15
-1,16
-1,15
1934,18
-1,16
-1,15
-1,16
-1,17
-1,16
4687,15
-1,14
4953,17
4227,16
4653,16
9503,15
-1,14
-1,17
-1,16
7603,16
-1,16
5658,16
1060,16
-1,15
4636,15
-1,14
5870,17
-1,16
-1,16
-1,16
-1,15
1164,16
-1,16
-1,16
4028,15
-1,15
-1,16
7033,15
2680,16
-1,16
-1,15
-1,14
9061,17
634,16
-1,16
3125,16
8262,15
-1,15
5363,15
-1,15
2369,16
-1,16
-1,16
2700,16
4037,16
2529,16
5888,15
-1,14
4001,17
4600,15
-1,15
-1,16
-1,16
2373,15
-1,15
-1,16
8436,15
3353,16
4239,16
1786,15
-1,16
-1,15
1590,16
6764,15
3358,15
-1,16
1952,17
-1,16
6635,15
9900,18
8316,16
-1,16
-1,16
2768,15
-1,16
6534,17
-1,14
-1,16
4730,15
6767,17
8636,14
-1,17
4952,15
6498,16
-1,16
-1,15
-1,16
-1,15
8159,15
-1,15
7693,17
-1,15
-1,15
-1,15
4706,15
-1,16
-1,15
-1,14
-1,15
529,16
-1,16
1499,15
5948,18
6679,16
-1,16
-1,15
-1,16
-1,16
7539,16
3322,16
5387,15
5325,16
8605,18
2021,16
8723,15
-1,16
7789,17
-1,17
6450,17
311,15
5281,16
-1,15
6288,16
7168,16
-1,16
-1,16
8002,16
6518,16
-1,16
-1,15
-1,15
4461,16
-1,15
-1,15
2530,15
-1,18
-1,16
4917,16
3783,14
-1,15
9207,15
4934,14
-1,16
-1,14
-1,15
7769,15
-1,14
-1,16
6664,16
-1,16
-1,15
3906,15
-1,14
1487,15
-1,15
325,18
792,16
-1,16
-1,16
8308,16
-1,15
-1,14
9603,16
7852,17
-1,15
-1,14
1974,15
-1,17
-1,15
-1,16
7188,15
8082,16
-1,18
-1,15
-1,15
-1,15
-1,16
7807,17
-1,16
6448,16
-1,17
-1,15
-1,14
-1,15
-1,15
-1,15
696,15
7792,16
9448,16
2870,15
-1,15
4105,17
6025,16
-1,15
-1,15
9281,15
8189,17
-1,16
9137,15
3064,15
-1,14
-1,15
-1,15
-1,14
6241,14
5113,15
1510,17
3003,17
-1,15
-1,17
-1,15
5,16
2249,15
5724,15
882,17
949,15
-1,15
679,16
-1,14
-1,15
6461,15
-1,15
5145,16
-1,14
5526,17
-1,15
-1,15
-1,15
-1,16
3353,16
-1,15
8311,17
3682,14
6558,16
-1,15
-1,17
-1,15
-1,15
2776,18
6210,16
-1,15
6700,16
4996,16
-1,17
-1,16
6327,16
-1,16
1842,15
-1,16
-1,14
5666,15
7477,16
6298,16
-1,15
-1,16
5805,15
-1,16
-1,15
-1,15
950,17
-1,15
6179,17
-1,15
6833,16
-1,15
-1,15
-1,14
524,15
8405,16
9558,14
-1,16
8378,15
-1,15
-1,17
-1,16
-1,16
-1,15
4484,15
-1,15
2227,16
-1,14
-1,16
3981,17
4606,15
-1,16
1208,16
-1,16
3584,17
-1,15
-1,15
-1,17
-1,15
-1,15
-1,16
8047,16
-1,14
5438,17
-1,16
-1,15
3215,17
-1,15
-1,15
7974,17
-1,15
1672,15
-1,15
-1,14
1702,15
-1,15
-1,15
-1,16
-1,16
4214,15
7991,15
-1,15
-1,15
7885,16
-1,15
-1,16
-1,16
-1,15
8492,15
1695,16
3035,14
-1,15
-1,15
-1,15
-1,16
7299,17
-1,15
-1,15
-1,15
-1,16
3322,16
6999,16
8359,16
7561,15
2088,16
1648,16
-1,15
9770,16
7997,16
5303,16
-1,16
1897,16
-1,17
4563,15
-1,16
3838,16
9743,16
9532,16
-1,15
-1,15
-1,15
3841,16
2613,15
-1,15
3990,15
-1,15
7392,16
6376,15
-1,15
4448,16
8100,15
-1,15
-1,15
6823,17
-1,14
5038,18
1458,17
9650,15
5959,16
-1,18
8802,15
-1,15
-1,15
-1,15
0,15
-1,15
-1,16
-1,15
-1,15
166,15
1296,14
-1,16
-1,17
5905,15
7394,15
5637,16
-1,16
-1,14
-1,15
-1,15
9388,16
8305,17
-1,16
8545,16
3822,16
6783,17
9573,16
-1,15
-1,15
4630,17
-1,15
6100,15
8429,16
1286,16
240,17
-1,15
9470,19
-1,15
8924,16
7289,15
7019,16
378,16
-1,16
-1,15
5686,15
2896,15
-1,17
-1,15
-1,17
-1,15
5229,17
-1,15
1398,15
-1,17
2549,16
-1,14
-1,15
507,17
7544,19
8354,14
-1,15
9624,15
-1,16
-1,16
-1,16
-1,15
1385,16
969,17
-1,15
-1,15
-1,15
9111,15
-1,15
-1,16
-1,16
-1,17
-1,16
9142,15
9987,16
-1,15
-1,15
-1,16
4204,16
-1,16
-1,16
-1,15
3469,15
-1,14
8157,16
-1,14
3342,15
-1,16
-1,16
-1,15
-1,15
-1,15
9069,16
-1,16
2435,15
-1,15
-1,15
8912,17
-1,14
-1,15
-1,15
9576,16
8798,15
2363,15
7743,17
-1,15
2446,15
6477,14
-1,16
-1,16
3115,15
8640,16
4253,14
2888,15
-1,15
5224,17
-1,16
6616,18
4579,16
7943,16
7389,17
766,16
3292,16
-1,15
436,18
-1,15
-1,16
8109,17
-1,15
1099,15
-1,15
2839,15
-1,15
-1,15
8459,16
2070,16
-1,16
-1,18
-1,15
-1,14
1055,17
-1,15
2375,15
784,16
2621,15
9637,16
6648,15
2608,16
-1,15
8384,16
-1,14
9440,18
1052,15
8613,15
5059,15
-1,16
-1,15
3329,17
509,15
-1,15
4838,15
5224,16
-1,15
-1,15
8083,17
-1,15
7224,16
-1,15
5867,16
-1,19
1358,16
-1,16
-1,15
-1,15
-1,15
-1,15
2289,16
4189,15
-1,16
-1,15
-1,15
4989,15
9986,17
6561,15
1517,17
1686,16
-1,14
2101,16
5006,17
9118,16
741,14
3138,16
6440,16
-1,16
6955,15
-1,16
-1,16
5536,16
2880,17
-1,15
558,16
4599,16
6911,17
9663,17
6702,17
-1,14
-1,15
-1,16
7245,15
6905,16
-1,16
6107,17
1119,16
4173,15
-1,16
-1,16
-1,16
-1,16
-1,15
1235,16
-1,16
-1,15
-1,15
3337,15
3430,16
-1,15
-1,15
6378,16
-1,16
-1,15
2035,16
468,16
-1,16
-1,15
5185,15
6693,15
3696,17
2379,16
-1,16
4333,15
-1,15
6168,16
-1,16
-1,15
248,16
-1,16
1566,15
-1,15
7857,15
3804,16
3431,15
-1,15
6516,15
4421,16
1028,16
-1,14
1189,15
2851,17
-1,15
7964,15
-1,17
1292,15
-1,15
-1,17
1342,15
-1,15
-1,16
-1,15
-1,17
4703,16
2884,17
9551,15
7195,15
1361,15
4342,17
2893,16
-1,16
9347,15
7272,15
-1,16
1652,15
8145,16
9000,15
-1,15
8212,16
-1,15
-1,15
5143,16
-1,15
-1,17
-1,15
7623,16
-1,13
1792,16
-1,14
1330,16
3487,16
-1,16
9870,15
9754,16
-1,15
8516,15
2971,15
5706,15
5847,17
7402,15
6863,16
1954,16
-1,16
-1,15
7727,15
-1,16
9712,17
-1,16
-1,15
-1,16
-1,16
9236,15
2759,16
1663,16
6871,15
2284,14
-1,15
-1,17
-1,17
-1,17
-1,14
-1,16
-1,15
2385,16
821,17
5767,17
8515,15
9171,17
-1,16
-1,15
5798,16
-1,16
-1,16
-1,15
5163,16
7022,17
1548,16
-1,15
-1,14
-1,14
9681,16
1503,15
-1,16
3567,15
-1,16
-1,17
-1,16
598,18
-1,15
-1,17
-1,15
-1,17
-1,18
2986,18
7556,16
-1,15
-1,16
9113,16
8706,15
3527,16
-1,15
4230,14
1321,16
-1,15
8458,14
-1,15
-1,15
1919,16
6611,16
-1,15
-1,15
4025,16
-1,17
-1,15
157,16
2320,17
-1,16
-1,16
-1,16
7977,17
-1,15
7285,15
-1,16
75,17
-1,16
3712,14
6535,15
-1,15
9224,16
1182,14
-1,14
115,17
-1,16
-1,16
4781,16
723,17
5231,17
-1,14
446,15
-1,15
5952,15
-1,15
-1,16
-1,14
-1,16
-1,15
-1,16
1483,14
-1,15
-1,14
-1,17
4571,15
5547,15
9638,14
-1,15
7410,19
-1,16
-1,15
4014,15
7545,15
-1,15
-1,15
5113,15
-1,16
619,17
-1,15
-1,14
-1,15
-1,15
-1,14
7685,15
1537,15
-1,15
-1,15
6191,16
-1,15
-1,15
89,15
7539,16
-1,15
5524,17
-1,16
8100,16
-1,15
8578,16
6047,16
-1,14
3884,15
687,16
6322,16
7453,15
9362,14
-1,16
-1,15
3200,15
5082,15
5865,15
-1,14
8061,15
-1,15
7645,15
-1,15
-1,15
1330,16
-1,15
8132,16
9254,17
2552,16
-1,15
-1,15
-1,15
-1,16
-1,16
2113,16
3401,15
2778,15
-1,15
-1,15
-1,14
-1,15
-1,17
7764,15
-1,16
-1,15
-1,15
-1,15
3049,15
-1,16
-1,16
1620,15
7134,14
-1,15
-1,15
-1,15
163,17
705,17
-1,15
-1,18
-1,15
-1,15
4424,16
-1,16
7277,16
6574,16
5523,14
1126,16
-1,15
-1,15
-1,16
6702,16
-1,15
-1,17
-1,17
-1,16
8108,17
-1,16
9006,15
-1,16
9853,16
6992,16
7716,14
6780,14
3554,15
4759,16
8955,15
1999,15
91,14
1787,16
7224,17
-1,16
-1,16
-1,14
-1,16
-1,17
4291,16
922,17
4781,16
-1,16
-1,15
4744,14
7522,16
-1,16
2702,16
-1,14
1888,16
806,17
4630,17
-1,15
-1,16
-1,16
-1,16
730,16
5469,15
6114,15
-1,15
-1,15
-1,15
8263,16
-1,14
7663,16
8317,15
-1,15
9533,17
166,16
-1,15
-1,15
-1,15
1572,16
-1,15
7459,16
6941,15
-1,17
611,15
1962,15
866,15
7461,15
-1,16
-1,16
-1,15
-1,15
2828,18
-1,15
8611,16
2840,15
7795,15
-1,16
-1,15
9037,15
-1,15
-1,14
-1,15
-1,16
7565,16
3340,14
-1,17
5400,15
-1,15
5360,17
-1,14
8887,15
3970,15
6697,15
3372,16
-1,16
-1,15
4060,15
2664,15
9976,17
-1,16
-1,15
585,17
-1,15
-1,15
1230,14
-1,16
1579,17
-1,15
-1,18
-1,14
8197,16
-1,16
-1,16
6911,14
-1,16
-1,16
834,16
1756,17
7394,15
-1,16
-1,15
8054,16
-1,16
-1,15
1509,16
8708,17
2057,19
5015,15
6195,17
-1,15
-1,15
162,15
1724,17
-1,15
-1,14
7410,15
3718,16
-1,16
7792,16
750,16
-1,14
-1,15
-1,15
-1,14
-1,17
-1,15
8246,14
-1,15
4816,18
3478,15
-1,15
-1,15
2204,15
-1,14
-1,16
8816,16
-1,15
-1,16
-1,15
3104,14
-1,16
3879,16
575,16
6365,15
3670,15
6403,15
3296,18
1534,15
387,18
-1,16
-1,15
3099,16
-1,15
-1,17
2708,15
-1,15
-1,16
-1,15
-1,16
-1,14
-1,16
3635,15
-1,15
9026,18
-1,15
6025,17
-1,14
3108,16
-1,15
806,17
5555,15
3287,17
4855,15
8792,16
-1,15
3231,15
7734,16
8448,17
-1,15
5457,17
7868,16
1336,16
1267,16
8974,15
4265,14
-1,16
277,18
8750,16
2925,14
4302,16
-1,15
1355,16
2695,16
-1,16
-1,16
7390,16
4502,15
9141,16
1951,16
7899,16
-1,15
-1,15
-1,15
8138,15
4555,16
-1,15
-1,15
-1,15
-1,15
-1,15
587,15
7943,15
3641,15
-1,16
-1,14
9145,16
5157,15
2218,16
5901,16
1676,16
846,16
-1,16
-1,15
605,15
7429,15
4914,15
-1,15
-1,16
-1,15
9210,18
5966,15
8723,16
-1,16
1562,16
781,15
8358,16
4825,15
4050,16
1233,17
-1,14
-1,14
-1,15
7331,16
-1,15
-1,15
-1,15
-1,16
9385,16
8916,15
8414,16
2785,15
-1,15
4425,17
-1,14
2851,17
-1,14
5345,15
2656,15
5343,15
8066,17
-1,15
5242,14
6050,15
1519,15
5402,15
-1,16
2053,16
-1,15
-1,15
5416,17
-1,15
-1,15
9060,16
6211,16
7898,16
-1,15
5822,16
7961,17
5292,15
8078,15
-1,16
-1,15
-1,16
1044,17
-1,14
1633,15
-1,15
4948,15
-1,14
6453,16
2958,16
6029,16
-1,16
-1,15
9372,17
4368,15
-1,15
-1,15
5055,15
5819,16
-1,16
7110,14
-1,16
1222,17
-1,15
-1,17
6597,16
8849,15
-1,16
4359,17
9121,17
7673,16
-1,17
-1,15
4112,14
-1,16
6548,16
6321,16
8617,16
-1,15
-1,17
-1,15
-1,15
3375,16
-1,14
-1,15
-1,15
-1,15
790,16
-1,15
-1,15
-1,15
-1,14
720,15
-1,15
1134,16
8345,15
1227,14
-1,15
3674,16
310,17
2664,14
5421,16
5515,15
-1,16
8131,16
-1,14
2163,16
-1,15
-1,15
-1,16
8451,16
6493,17
-1,17
-1,14
9544,16
519,16
1751,15
6097,15
3085,16
4843,14
-1,15
2622,17
3977,14
6232,15
6219,16
-1,14
8442,18
746,16
6683,16
-1,15
6571,16
3033,14
6222,16
6298,16
-1,15
270,16
3296,16
4921,16
-1,15
1318,16
-1,14
3073,15
8462,15
-1,16
5276,16
-1,14
-1,15
1361,18
-1,16
-1,16
-1,16
7119,16
-1,17
9406,16
-1,16
-1,15
-1,15
-1,16
-1,15
-1,15
3468,16
-1,15
-1,15
2400,15
-1,14
-1,14
-1,15
-1,16
1619,15
-1,15
9441,17
-1,14
-1,15
8141,16
-1,15
-1,16
6374,16
89,16
-1,16
1661,15
-1,17
-1,14
-1,14
1442,16
-1,18
-1,15
5767,15
9069,16
-1,15
-1,15
3221,15
2021,18
6119,16
-1,14
4736,15
-1,16
-1,14
7308,16
-1,17
4043,16
5516,16
-1,15
7879,18
8427,15
-1,15
-1,16
9982,16
-1,16
-1,16
-1,15
2582,16
5895,17
5892,15
-1,15
-1,16
-1,14
2988,16
-1,15
5753,17
-1,14
-1,14
934,16
5723,16
-1,16
-1,16
3051,16
5892,16
-1,14
7214,16
1629,17
6045,16
2752,18
5166,15
-1,15
-1,15
6784,17
3088,15
-1,15
646,16
-1,15
5091,15
6821,18
2261,16
2930,16
-1,16
-1,16
-1,15
-1,15
8878,17
-1,14
3221,16
-1,15
-1,16
9990,15
-1,14
6605,16
-1,15
9610,16
4862,16
9627,15
5181,16
-1,15
-1,15
8622,15
-1,15
7820,18
-1,15
-1,16
-1,15
6806,16
-1,15
5285,16
759,17
-1,14
-1,15
5804,16
8979,15
-1,15
1935,17
9216,16
2883,16
-1,16
-1,15
3746,16
-1,15
7172,17
7158,15
2376,17
6181,16
-1,15
-1,15
431,16
-1,16
9909,15
-1,15
619,15
4905,17
9617,16
5169,15
8155,17
-1,15
-1,16
1567,17
4028,15
-1,17
4649,15
7226,17
4790,16
-1,14
-1,16
8613,17
-1,15
2713,16
-1,15
-1,15
-1,17
-1,15
-1,15
7324,16
-1,15
-1,16
-1,16
-1,15
232,16
4372,15
3639,14
-1,16
-1,16
9649,15
3319,17
397,15
-1,14
-1,15
-1,15
-1,16
6566,17
-1,15
8531,16
7000,15
-1,15
5731,15
-1,14
2836,16
-1,17
6267,16
-1,15
4010,16
4710,17
-1,16
-1,14
-1,16
-1,16
-1,15
-1,15
-1,16
5991,15
3808,16
6379,17
520,15
2239,17
7265,15
9494,15
-1,14
-1,15
-1,15
5548,16
-1,16
4695,16
4388,15
-1,16
-1,15
-1,15
6896,15
2936,15
-1,16
6420,16
1356,15
-1,16
958,18
-1,16
1752,14
5638,17
2116,15
-1,15
-1,14
-1,15
-1,15
717,17
4605,14
5866,15
-1,15
-1,17
-1,17
2363,16
-1,15
236,14
-1,15
9761,17
9918,16
8402,15
-1,15
-1,15
-1,15
-1,15
-1,15
-1,15
-1,15
-1,15
-1,16
9519,16
-1,17
-1,16
4505,16
-1,15
-1,15
4740,15
9410,16
-1,16
-1,14
-1,14
-1,14
5603,15
-1,16
-1,15
-1,16
3451,15
-1,14
-1,15
5548,16
476,17
-1,16
-1,16
-1,15
-1,15
-1,15
-1,14
3269,15
6511,16
-1,15
-1,16
-1,16
-1,15
-1,15
-1,14
1259,17
-1,14
-1,15
-1,14
9416,17
4313,16
5961,17
2178,18
-1,14
-1,15
8410,15
-1,16
2655,17
-1,15
-1,14
8869,15
-1,17
-1,16
-1,15
-1,17
8160,16
6845,17
8009,15
4497,16
-1,16
4067,16
-1,15
-1,16
-1,15
-1,14
8511,17
2249,17
7646,17
5675,17
-1,15
-1,14
-1,15
-1,16
-1,15
2177,16
8855,16
8636,18
-1,16
5799,16
1463,14
410,16
-1,15
5481,16
4923,17
-1,15
9247,15
4761,16
5004,15
-1,15
-1,14
7491,16
-1,16
8437,16
-1,15
2174,16
-1,16
4384,16
-1,16
-1,14
-1,16
1657,15
-1,15
-1,16
-1,15
3379,15
4859,18
-1,16
-1,15
3240,15
-1,15
-1,16
5200,16
-1,15
-1,14
-1,14
5082,15
8559,15
4125,15
-1,14
7847,15
5194,17
4957,15
-1,15
-1,16
-1,15
-1,14
-1,14
-1,14
-1,15
-1,14
-1,15
-1,16
8149,17
9361,16
-1,15
939,17
5110,18
-1,15
2732,15
-1,16
7846,16
1812,18
-1,15
-1,14
3789,16
-1,17
-1,15
6856,15
3192,16
-1,16
-1,15
-1,15
7903,16
9435,15
6678,15
4208,16
-1,15
2143,16
8254,15
6012,15
-1,15
4785,14
-1,15
-1,16
4128,16
8190,17
-1,14
-1,15
-1,16
-1,16
597,16
-1,14
-1,17
1667,15
-1,15
8659,15
-1,15
6500,16
463,15
9792,17
6416,15
6999,17
8303,18
7551,15
-1,15
-1,15
5215,16
-1,15
3845,16
5072,15
4229,15
1218,16
3327,16
-1,16
1309,16
5090,18
4802,16
7833,15
-1,16
7480,15
9922,17
-1,15
-1,14
-1,16
4754,15
-1,17
2534,15
-1,15
4058,16
1160,16
-1,15
8962,16
2435,15
-1,15
7192,15
3191,17
-1,14
-1,15
-1,16
-1,16
-1,16
-1,16
-1,16
-1,15
7660,14
7823,16
7874,16
-1,16
9074,15
1132,15
-1,17
1240,15
-1,17
-1,16
-1,15
4330,16
-1,16
5080,16
-1,14
410,15
-1,15
8646,15
2754,17
-1,15
-1,15
-1,16
-1,15
5346,16
9204,14
-1,16
1363,17
6754,15
3448,17
-1,16
-1,14
-1,15
8468,15
-1,15
2300,16
4604,16
-1,16
9775,18
-1,15
2855,16
2995,16
7736,15
-1,16
9885,15
-1,14
-1,16
2147,15
-1,14
5100,15
-1,16
5264,15
-1,14
-1,16
-1,17
6950,18
-1,15
-1,15
2023,17
3507,17
-1,15
8343,15
327,15
4035,15
688,15
2675,16
-1,14
-1,15
1906,17
567,16
-1,16
822,16
8710,16
6825,15
8396,16
9393,16
7875,15
-1,16
7272,15
-1,16
6726,17
-1,17
-1,16
-1,15
-1,16
9800,15
-1,15
-1,15
6863,15
-1,14
3574,17
-1,16
-1,16
-1,15
1998,16
3120,17
4256,15
117,15
-1,16
-1,16
797,15
-1,16
-1,15
1624,16
3337,15
6179,16
-1,15
-1,16
3415,15
-1,15
-1,15
1942,14
4870,17
-1,16
8292,15
-1,15
6524,17
-1,16
8285,16
5142,16
-1,15
2835,16
-1,14
-1,15
6343,17
-1,16
-1,15
-1,15
2028,16
4735,16
-1,15
-1,14
9618,15
3341,17
9215,16
9300,16
9309,15
9632,16
3366,15
-1,16
5291,15
1305,16
-1,15
8009,16
-1,16
-1,16
4525,16
-1,15
9820,16
3590,16
-1,15
5875,15
-1,15
-1,16
-1,16
952,16
-1,15
-1,15
-1,15
-1,15
8022,17
-1,16
117,17
-1,15
-1,15
-1,16
-1,15
6168,15
-1,15
-1,15
-1,15
8535,15
-1,14
991,15
9978,16
9699,16
-1,16
-1,16
5525,16
4834,17
605,15
1636,18
-1,15
6939,17
-1,16
-1,15
-1,14
-1,15
-1,15
7878,16
7454,15
2545,15
-1,16
7928,15
7466,15
5993,15
-1,15
-1,16
-1,15
2072,17
3995,16
8194,17
-1,15
-1,17
-1,16
-1,15
-1,14
1759,15
-1,16
2756,16
1076,15
2791,17
3592,16
-1,15
1199,16
1855,17
-1,16
-1,14
951,16
-1,14
-1,15
-1,15
5033,16
5945,18
-1,15
-1,15
-1,15
734,16
3639,15
3770,15
-1,15
9134,15
-1,16
3533,15
9691,15
2731,15
-1,15
4476,16
-1,15
1633,15
-1,14
-1,17
1184,15
-1,17
3953,15
-1,16
-1,15
8408,17
-1,16
8973,15
-1,14
-1,15
803,16
-1,15
9937,15
1620,17
-1,15
-1,15
-1,16
-1,15
7386,19
-1,16
-1,16
5988,16
-1,15
9766,15
-1,15
-1,17
-1,16
7068,16
-1,15
-1,17
619,15
-1,15
7417,16
-1,15
-1,15
-1,14
3017,17
3899,17
9554,15
-1,15
8575,14
52,17
8673,17
8561,14
-1,14
-1,15
4721,15
6051,15
-1,15
-1,15
5079,17
7135,18
4964,16
-1,14
3444,14
-1,15
-1,16
7282,16
-1,15
4431,17
-1,15
-1,15
4638,16
-1,16
-1,16
-1,14
4939,17
6296,15
-1,16
5628,15
-1,15
-1,15
-1,14
-1,15
9215,14
5095,17
-1,16
-1,15
-1,14
8740,16
-1,15
-1,15
-1,15
-1,15
-1,15
-1,16
-1,15
4958,16
-1,15
-1,17
2830,15
-1,16
4682,15
8731,15
299,17
6537,16
9315,15
-1,16
-1,15
-1,16
1643,15
-1,16
2598,14
-1,14
7796,15
-1,15
5681,15
212,15
-1,16
7239,16
2262,16
-1,16
9214,17
6655,16
-1,17
331,16
-1,16
-1,15
4230,17
-1,15
-1,16
6639,16
8607,14
628,15
822,16
-1,15
-1,15
6575,16
-1,15
-1,15
-1,14
-1,16
7488,15
-1,16
-1,17
4211,15
8836,17
4898,15
-1,16
3856,16
-1,16
-1,17
-1,15
-1,15
-1,15
-1,15
-1,16
-1,14
-1,16
-1,15
-1,15
-1,15
-1,15
920,16
-1,15
1384,16
-1,16
-1,16
9076,16
5758,15
9603,15
1211,15
6987,16
5495,14
4298,16
6133,16
-1,14
5796,16
-1,14
33,15
-1,14
-1,16
-1,15
8444,15
-1,15
-1,15
-1,16
-1,18
9259,15
9090,16
9658,15
8714,15
-1,15
-1,16
8754,16
4001,15
2328,15
-1,15
9985,15
-1,16
-1,15
-1,15
-1,16
3619,15
1479,14
-1,14
8941,17
-1,17
331,16
5980,16
-1,16
1129,16
-1,14
6800,15
-1,15
2706,15
-1,16
-1,16
1650,16
7127,14
-1,17
1324,15
-1,15
8529,16
1563,15
-1,16
-1,15
3729,15
3094,14
587,14
8504,15
-1,17
4196,16
-1,15
-1,16
2561,15
5001,15
-1,16
611,15
3172,16
3530,17
269,16
-1,15
2534,16
-1,15
9960,14
-1,15
2565,16
-1,15
7060,15
2669,16
-1,14
-1,17
8070,15
-1,17
-1,15
-1,14
-1,15
-1,18
8894,18
130,15
48,14
-1,15
4020,16
-1,15
-1,15
2113,15
-1,15
6405,17
9754,16
-1,16
6381,17
-1,15
-1,15
-1,15
-1,16
-1,15
6175,15
5435,15
3847,15
-1,15
4593,16
2172,16
4967,16
-1,15
6599,16
-1,15
-1,16
166,16
9243,16
3648,15
8469,16
-1,16
3633,16
-1,16
994,15
-1,15
-1,15
3251,18
-1,16
-1,14
-1,16
-1,15
6159,18
950,15
-1,15
-1,15
8176,16
7364,16
-1,15
-1,17
2004,15
-1,14
4441,15
3433,16
-1,16
1507,15
-1,15
3230,15
7426,16
5542,15
5465,16
1140,15
2381,16
-1,15
9855,17
-1,16
-1,15
-1,14
-1,15
-1,16
-1,15
2033,17
9680,15
-1,15
-1,16
-1,16
9696,14
-1,15
-1,16
-1,15
2241,16
-1,15
7119,16
5198,15
-1,15
149,14
7615,15
-1,16
4697,17
-1,14
-1,15
178,15
-1,15
-1,15
9399,15
7059,16
3210,15
-1,15
-1,16
1776,17
-1,15
1277,16
-1,14
2875,16
-1,15
-1,15
6991,15
3933,16
-1,16
-1,15
-1,14
7638,15
7910,17
8324,17
-1,16
-1,15
4857,15
7655,16
6166,16
-1,16
-1,17
4779,16
-1,17
541,15
7977,17
2125,17
-1,14
-1,15
794,15
5998,15
2900,15
711,18
-1,15
-1,14
1256,15
-1,17
-1,16
2885,17
-1,15
-1,16
9445,16
9081,17
3097,16
-1,14
6254,15
-1,16
2735,15
8043,17
4511,15
-1,16
9257,16
-1,15
1434,17
4169,16
4141,16
-1,15
-1,15
3764,17
-1,16
-1,15
-1,14
9314,15
1281,16
4582,16
-1,16
2722,15
6204,15
-1,15
-1,16
-1,15
-1,16
-1,15
9066,17
84,16
4954,17
5788,17
6954,16
-1,14
8460,16
-1,16
5365,15
7596,15
5793,17
-1,15
-1,15
5174,15
4286,16
4667,15
-1,15
-1,16
-1,14
5853,15
-1,16
7607,16
1418,15
-1,15
-1,17
-1,15
-1,15
4735,15
-1,15
6397,15
-1,15
-1,15
-1,15
-1,15
6631,14
7668,16
-1,15
-1,15
7790,16
-1,16
1273,16
-1,17
5097,18
-1,15
-1,15
5604,17
-1,15
-1,16
-1,14
6889,15
855,17
183,16
9462,16
5361,18
4980,16
4240,15
1335,17
-1,15
737,16
-1,16
-1,15
3365,15
5308,15
-1,16
3133,16
3659,16
-1,16
9748,15
6001,15
8561,15
-1,15
2070,18
6673,16
8245,16
-1,15
6988,15
-1,14
4528,16
-1,16
-1,16
-1,15
-1,18
5437,16
-1,16
8265,15
3619,16
-1,15
-1,15
-1,16
2772,16
-1,16
-1,16
-1,15
9502,14
6310,15
2671,16
7687,17
8421,15
2772,17
-1,15
4552,15
-1,16
1612,17
-1,15
8933,18
-1,14
-1,15
-1,14
-1,14
5822,15
958,14
6327,16
3176,15
4390,16
5159,16
1689,17
9575,18
3315,16
-1,14
-1,16
8768,16
-1,16
-1,16
-1,14
-1,14
-1,16
6704,15
8202,14
3116,16
-1,15
-1,15
-1,16
-1,15
-1,15
-1,15
7327,16
-1,14
8080,16
3771,15
-1,15
4608,15
1285,17
6930,15
1420,16
-1,14
8855,16
637,15
8898,15
-1,15
6994,17
-1,14
-1,15
-1,16
2708,16
7444,15
-1,15
4513,15
-1,16
-1,16
6719,15
-1,15
-1,17
-1,16
-1,15
4969,16
9632,15
-1,15
1182,14
832,16
-1,14
-1,16
5203,16
-1,16
9443,15
-1,15
-1,17
1867,16
-1,14
6457,16
-1,16
-1,14
7490,17
72,16
-1,15
3785,15
-1,15
-1,15
2093,15
7983,17
3428,15
4257,15
-1,16
4060,15
-1,16
8709,16
2154,15
5730,15
-1,15
9471,16
-1,15
-1,16
-1,16
-1,17
5666,16
6913,14
4406,18
3768,15
6059,17
-1,15
8276,16
-1,14
6234,17
5989,16
-1,15
-1,15
4468,16
7874,16
-1,16
648,16
702,16
5644,15
3761,17
-1,14
2321,15
3168,17
3178,17
-1,14
1664,17
9684,17
67,18
-1,15
-1,16
-1,18
78,15
-1,16
-1,14
-1,15
-1,15
-1,15
-1,15
3351,16
-1,16
-1,14
6884,16
8399,15
-1,14
-1,15
-1,16
9873,16
2690,15
3559,16
-1,14
4831,16
7489,16
6389,16
-1,15
-1,14
-1,17
2841,15
-1,15
-1,14
1334,16
2022,17
3532,17
-1,15
-1,15
1913,17
5980,16
-1,16
1764,15
-1,14
7888,16
5742,16
346,15
419,16
4733,15
-1,15
6585,15
5980,16
-1,15
-1,14
1975,14
9268,16
-1,15
2351,14
848,17
-1,16
-1,16
-1,16
-1,15
-1,15
-1,17
-1,16
-1,15
-1,16
7466,16
4337,14
-1,16
3189,16
1744,17
5369,15
-1,16
-1,14
166,15
-1,16
3776,16
-1,15
3211,16
8969,15
-1,15
6768,18
-1,14
3504,17
-1,15
1442,15
-1,17
-1,16
-1,16
-1,15
-1,15
6112,16
-1,15
6168,17
-1,16
396,15
-1,15
-1,17
-1,16
6431,16
5455,17
-1,17
1440,15
-1,17
-1,16
-1,16
9313,15
6202,15
286,14
-1,15
-1,15
8184,16
-1,16
9112,15
6365,18
-1,15
9868,15
-1,15
9883,16
-1,16
9732,15
-1,16
7590,17
-1,14
145,16
8622,15
-1,15
-1,16
-1,16
6514,15
4295,16
-1,15
114,14
8547,16
-1,16
-1,15
-1,16
8142,16
-1,15
4638,16
-1,15
-1,15
4357,16
1508,15
6664,18
2571,19
-1,13
7846,16
4767,15
1817,16
9255,15
7370,15
4668,15
8366,17
-1,15
5301,15
9697,16
-1,15
-1,15
1088,17
3790,16
-1,14
9312,15
-1,15
6700,15
-1,15
1061,18
6989,15
-1,16
7793,16
6801,15
2246,14
-1,14
-1,15
-1,15
-1,15
-1,14
-1,16
-1,16
924,16
-1,14
2184,16
4430,15
-1,15
6389,16
6445,17
1425,15
-1,15
-1,14
-1,14
-1,15
9821,16
6597,16
1774,16
383,15
9939,15
-1,15
8013,16
1679,15
9615,15
-1,14
9149,16
-1,15
-1,15
8311,15
1335,15
-1,14
6400,16
5275,14
-1,15
-1,15
-1,16
-1,17
9081,16
6060,19
8624,15
-1,15
-1,15
4099,18
-1,15
-1,15
4991,16
3968,15
-1,15
1203,17
4263,16
9869,15
-1,15
6335,16
-1,16
542,16
-1,14
-1,15
-1,14
1602,16
7632,17
4133,15
-1,14
-1,15
1460,16
-1,15
-1,16
1605,18
-1,15
1643,16
-1,16
6874,17
807,16
3877,17
1382,16
7191,14
4383,16
6380,15
-1,15
-1,15
-1,15
-1,17
1290,16
-1,17
-1,14
-1,15
-1,14
-1,15
3710,15
-1,17
9709,15
-1,14
8189,15
9665,15
-1,16
-1,15
-1,16
-1,16
-1,14
6440,16
-1,15
-1,16
-1,15
-1,16
-1,15
-1,15
4814,15
-1,15
5394,14
2251,15
-1,16
4107,16
-1,17
1536,16
-1,16
-1,15
-1,16
1615,16
8684,15
3691,16
5248,16
1322,16
-1,16
5843,15
-1,15
-1,15
9425,16
8763,14
-1,14
-1,15
3801,15
-1,16
8891,15
4279,15
-1,15
9718,17
-1,15
-1,14
7013,16
-1,16
-1,14
-1,14
-1,15
-1,17
-1,15
7296,15
3138,17
3671,17
-1,15
-1,15
-1,15
4179,15
737,17
-1,16
4585,15
5308,16
-1,16
8857,15
6097,16
-1,15
2927,17
-1,15
3463,17
-1,15
6657,16
-1,16
4186,17
9382,16
1031,16
-1,15
-1,15
4713,16
7844,15
806,15
-1,17
-1,15
-1,16
-1,16
673,15
-1,17
-1,16
3180,15
1078,15
-1,14
5398,17
-1,15
-1,14
7316,15
3809,16
-1,15
3263,17
2590,16
-1,14
-1,17
1650,15
-1,15
-1,15
-1,16
4808,16
-1,15
1517,16
5717,17
7441,16
2363,16
-1,14
2593,15
5034,18
9973,15
3290,18
3035,16
-1,15
3360,15
-1,16
2198,17
3731,16
-1,15
1732,15
-1,15
-1,15
6633,15
-1,15
6569,16
3761,16
-1,15
-1,14
-1,16
8233,17
-1,14
-1,17
6511,16
3818,16
-1,15
-1,17
8595,16
4051,15
-1,17
-1,16
7063,17
-1,16
5633,17
2150,15
-1,15
5398,15
8347,16
1495,16
-1,15
-1,15
-1,15
1791,15
8902,17
-1,15
-1,14
9954,17
-1,14
-1,15
-1,14
7168,15
-1,16
2351,16
9049,16
-1,14
1691,16
-1,16
2255,16
-1,18
-1,15
-1,15
-1,15
5746,15
3666,16
-1,16
8849,16
4767,16
-1,16
6650,15
-1,15
-1,16
-1,16
-1,15
-1,15
3847,16
-1,16
-1,16
2124,14
-1,15
-1,15
-1,14
1744,16
-1,15
6859,16
-1,14
7494,16
-1,14
-1,16
1837,16
445,15
-1,17
50,16
5962,17
-1,15
7259,16
1003,14
4667,14
4751,16
-1,15
2143,16
7783,16
-1,15
-1,15
-1,14
-1,16
-1,15
8300,14
-1,17
-1,16
4371,16
-1,15
-1,15
8532,16
7980,15
3215,15
7686,16
9419,15
-1,14
-1,16
-1,16
-1,15
-1,17
6096,15
5556,16
-1,14
-1,16
-1,17
-1,14
8541,15
8437,16
7633,16
9022,16
-1,15
-1,15
5347,15
-1,16
-1,15
8090,16
-1,15
9394,15
2846,15
9732,17
7471,16
4509,17
4431,17
2733,16
9793,15
1760,16
-1,16
3889,15
-1,15
4257,15
-1,15
-1,16
-1,14
-1,14
-1,15
1289,15
7569,15
-1,15
-1,15
3651,15
-1,15
-1,14
-1,16
-1,16
2601,16
2261,16
8153,14
2484,16
6904,17
-1,16
-1,14
-1,15
-1,15
-1,16
1090,16
-1,15
6070,15
-1,16
-1,15
282,15
5974,17
-1,17
2224,18
-1,15
1363,15
7329,15
3307,15
5979,16
7571,15
-1,15
-1,16
-1,14
-1,15
-1,15
1981,15
7265,16
-1,16
6313,15
-1,14
-1,17
-1,16
-1,15
5208,18
2384,16
2958,16
-1,16
-1,14
670,15
7875,15
2054,18
7015,16
8557,16
9212,15
6442,17
-1,16
4995,17
-1,15
1325,15
9923,16
905,17
-1,14
-1,15
6187,16
2238,15
-1,16
884,17
-1,16
-1,15
-1,18
5892,16
394,15
-1,15
1745,16
-1,16
-1,15
8800,17
-1,16
-1,14
5175,16
-1,14
-1,14
2737,16
-1,14
6283,16
6288,15
9749,15
-1,15
1890,16
-1,15
-1,15
-1,15
-1,15
6883,15
-1,14
-1,15
9258,16
7808,15
2787,16
7584,14
-1,16
-1,15
2428,16
-1,15
8197,16
9161,17
-1,14
6463,17
-1,17
7219,16
7348,17
-1,15
-1,14
2978,14
3580,16
9334,16
-1,15
-1,15
9667,15
-1,15
2629,15
2582,15
8607,14
-1,16
3283,18
-1,15
9089,15
930,15
-1,16
-1,15
-1,16
-1,17
-1,15
4733,15
-1,15
2019,16
2042,15
1253,18
-1,15
9772,15
-1,18
-1,17
8317,17
3311,15
5804,17
2783,14
-1,16
-1,15
-1,17
908,14
-1,17
6366,14
9948,15
-1,14
7008,18
8845,16
33,15
-1,15
7095,16
-1,16
7549,15
-1,17
-1,17
491,17
3068,16
-1,15
-1,16
136,15
7393,16
5210,16
-1,18
-1,14
-1,15
-1,15
-1,15
-1,15
-1,16
6951,17
47,15
-1,15
1116,15
-1,15
-1,16
-1,15
-1,15
-1,15
8147,17
3772,16
2345,16
6975,15
6571,15
-1,15
-1,15
-1,16
2984,15
6256,16
-1,16
37,17
850,15
7436,15
3125,17
1555,16
1235,16
-1,14
-1,16
-1,17
6312,16
-1,16
-1,16
2522,16
3500,18
-1,16
7535,17
-1,16
3702,16
-1,16
-1,15
-1,17
-1,15
9267,15
-1,16
2210,15
6655,16
-1,16
-1,15
-1,15
4281,15
5288,15
6122,16
-1,17
-1,16
-1,14
7035,14
5158,16
5558,16
2168,16
-1,15
6747,17
-1,14
-1,16
-1,18
-1,16
3134,16
-1,14
926,17
-1,14
2877,15
-1,15
-1,15
-1,15
-1,15
9603,15
6728,16
-1,14
801,14
-1,15
-1,15
-1,15
-1,16
3694,18
6734,16
3377,16
7119,17
4778,16
-1,16
5706,15
6735,15
787,15
6689,15
-1,15
9003,15
-1,15
9420,15
9322,16
-1,16
-1,14
-1,15
-1,16
-1,14
-1,14
5332,15
2695,17
-1,16
-1,15
-1,15
-1,15
-1,15
878,16
-1,16
3147,15
-1,14
-1,15
-1,15
6079,17
-1,15
-1,16
-1,17
-1,15
-1,15
-1,14
-1,15
2056,16
-1,16
-1,15
-1,15
4137,15
5277,14
2663,15
-1,15
-1,14
5923,15
-1,17
9884,16
-1,16
-1,17
-1,15
-1,16
482,15
-1,16
-1,15
-1,16
6627,18
-1,15
1539,16
-1,15
-1,16
6531,15
4680,17
-1,15
9959,16
-1,16
-1,15
8519,15
-1,16
-1,16
9352,15
241,15
-1,15
-1,16
-1,15
9003,16
-1,15
2078,17
3778,16
7259,18
5070,15
-1,15
9602,15
-1,14
604,14
-1,14
8075,16
-1,16
-1,17
-1,15
49,16
8853,16
-1,16
-1,16
-1,15
487,15
5368,16
-1,15
-1,15
-1,15
500,15
4956,16
984,17
-1,14
-1,14
11,16
-1,16
9561,15
-1,16
-1,14
-1,15
108,16
7802,16
5375,15
-1,15
-1,15
-1,16
-1,16
3009,16
-1,16
7599,15
-1,15
-1,15
2218,15
-1,15
1803,15
8871,16
8309,15
8323,15
3376,15
-1,16
1264,16
6174,15
9807,14
-1,16
-1,15
-1,14
-1,16
7397,15
6409,17
1221,15
-1,17
-1,16
74,15
-1,16
-1,14
2270,16
-1,16
9558,17
4188,14
9614,16
-1,17
-1,15
9408,15
2658,15
426,16
4118,17
2141,15
-1,15
1255,16
4560,15
4245,15
-1,15
-1,15
-1,16
-1,15
-1,15
-1,15
3106,17
-1,15
-1,15
-1,15
-1,15
-1,16
-1,15
-1,15
8521,16
-1,16
-1,15
-1,15
-1,15
-1,16
7723,15
-1,15
1619,17
6516,15
875,16
-1,14
-1,15
-1,16
4926,16
9022,16
188,14
4565,16
-1,16
9121,14
-1,16
-1,15
-1,15
-1,16
-1,16
-1,15
1359,14
4053,15
-1,15
-1,16
-1,15
-1,14
8500,17
8477,16
5154,16
9413,16
2395,16
-1,16
-1,15
-1,15
-1,15
-1,15
-1,15
-1,15
-1,15
1413,16
4672,16
9878,18
311,15
-1,16
8948,15
8075,15
-1,15
6572,16
-1,16
9327,15
6187,16
-1,14
-1,15
4064,16
1518,14
7549,16
4746,15
524,17
3630,18
-1,15
-1,14
9967,16
-1,15
-1,15
-1,14
2413,15
-1,15
-1,16
-1,16
817,16
-1,15
-1,17
-1,15
1353,16
9974,15
-1,16
1127,17
-1,15
4699,15
-1,15
9682,16
-1,14
-1,15
-1,14
4105,16
6442,17
-1,15
1,16
-1,14
-1,14
2588,17
-1,16
9818,16
-1,15
8984,15
7134,16
2245,15
538,16
-1,15
-1,15
-1,15
-1,15
-1,16
9833,15
6988,16
6819,16
5383,15
9112,16
4473,15
6661,16
-1,15
6329,16
7637,16
620,17
3333,16
9770,16
-1,14
5022,17
8122,16
-1,14
-1,15
-1,14
-1,16
837,15
1607,15
8280,16
-1,15
6083,15
-1,15
6441,15
-1,16
8611,16
-1,14
8791,16
-1,15
-1,15
-1,16
7765,16
-1,16
-1,15
3938,17
2468,15
6433,15
-1,15
8066,15
8823,17
-1,15
7999,17
8072,15
-1,15
-1,15
8004,17
6844,16
3139,17
4719,18
-1,16
-1,15
-1,15
-1,15
-1,16
9069,15
25,15
9196,15
3223,17
-1,15
-1,15
9597,16
-1,14
-1,15
4653,16
3367,16
9405,15
-1,15
1356,17
4732,15
2623,15
-1,16
9446,16
-1,16
3932,16
2084,17
-1,14
-1,16
2430,15
-1,16
9899,16
3092,16
6506,17
-1,15
6954,18
368,16
-1,17
4703,15
-1,15
6924,17
-1,16
-1,15
-1,16
7736,16
2390,17
9127,18
8263,16
1717,15
-1,16
9284,15
-1,15
7878,16
-1,16
-1,17
-1,15
9052,15
6985,15
1619,16
156,15
8074,15
-1,14
6661,15
-1,15
8593,17
-1,16
9362,15
2226,14
3480,16
2482,17
655,16
6286,15
-1,15
-1,15
3421,16
-1,16
4166,15
-1,16
-1,16
-1,15
413,16
-1,14
-1,14
-1,14
9515,15
-1,16
6722,15
8337,15
-1,15
8835,15
1479,15
8789,17
451,17
5639,16
-1,15
-1,15
3545,16
7195,16
3799,17
-1,15
-1,15
-1,15
130,15
9001,16
7510,15
-1,14
-1,15
-1,17
-1,15
-1,15
9376,14
-1,15
-1,15
835,16
-1,15
-1,15
6152,15
-1,16
4082,14
7240,15
-1,14
5362,16
9221,14
-1,14
3115,15
5513,15
-1,16
-1,16
-1,15
-1,15
-1,15
7442,18
8199,17
2771,18
-1,15
-1,16
-1,15
7216,14
-1,16
-1,16
2234,15
-1,16
4401,18
80,15
656,17
-1,15
9046,16
-1,16
8841,18
5838,16
-1,14
-1,16
-1,15
1748,16
-1,17
-1,15
-1,15
-1,15
9909,16
-1,15
-1,15
8914,15
6683,16
-1,15
2344,16
-1,17
8521,16
9786,16
-1,15
-1,15
1931,17
8291,15
-1,14
-1,15
4912,15
38,16
7608,14
7489,15
-1,15
-1,16
-1,16
-1,15
-1,16
-1,15
-1,16
1527,15
2053,14
808,15
-1,16
-1,15
5919,14
7584,15
9616,16
1535,16
7376,15
-1,15
1687,16
-1,14
5158,17
-1,15
4884,15
2504,15
5776,16
9783,15
7684,16
-1,17
-1,14
-1,16
4765,18
-1,15
2369,17
6344,15
-1,14
-1,16
6909,15
5449,15
4986,15
-1,15
4314,17
-1,15
5337,15
1398,17
9513,15
1909,17
-1,15
1972,16
9961,16
-1,14
5625,17
3344,16
-1,16
2326,17
900,16
8792,16
3357,18
9128,15
321,16
3317,16
-1,16
-1,15
6557,15
5644,15
-1,15
704,16
-1,15
8705,17
-1,15
-1,16
2492,16
7004,16
6978,15
3238,16
975,17
6967,14
-1,15
-1,15
6754,15
-1,15
-1,14
2962,17
-1,16
8891,15
9318,14
1020,16
-1,15
-1,16
-1,14
4788,15
5379,16
-1,15
3004,17
9903,16
8904,14
6443,16
1859,17
-1,17
-1,16
-1,15
9452,16
-1,16
5046,17
3222,15
1824,16
1574,14
-1,14
-1,15
3847,16
498,16
-1,15
-1,15
2536,14
4189,14
-1,15
8440,15
-1,14
4592,14
-1,15
-1,15
-1,17
6483,17
-1,16
-1,15
1543,15
8243,17
875,16
471,16
-1,17
1423,15
3088,16
7403,15
-1,15
9865,15
8919,17
3625,15
1587,16
-1,16
8153,16
-1,16
1127,17
3112,15
7081,16
-1,14
-1,15
1597,16
1093,16
-1,16
7880,16
9388,15
-1,15
-1,15
-1,16
4893,17
-1,15
-1,15
-1,18
2976,16
9191,15
7526,16
3805,15
3384,14
-1,16
6419,14
8905,15
-1,17
5309,17
-1,15
7246,17
-1,16
-1,15
-1,15
458,15
-1,14
-1,16
4585,15
7179,16
5509,16
-1,15
-1,15
-1,14
9710,15
6318,16
-1,16
8208,15
1161,15
-1,14
2772,15
-1,15
-1,15
-1,15
2499,16
-1,16
-1,15
9814,16
6422,15
-1,15
-1,16
4293,16
5363,16
8116,16
7861,14
-1,16
-1,14
-1,16
6031,15
-1,16
1034,15
8393,16
4498,16
9616,15
7866,16
-1,16
5718,16
-1,15
165,17
6033,16
-1,15
-1,15
9898,17
5255,16
-1,15
3063,15
-1,17
-1,15
5419,18
-1,16
1020,15
-1,15
1132,16
7878,16
1757,15
-1,15
-1,15
8402,17
3277,14
-1,16
4275,15
8308,16
8799,16
5769,15
-1,15
9613,14
8206,15
-1,15
5801,15
9130,16
-1,15
-1,17
-1,16
-1,15
9753,14
1833,15
7444,15
-1,16
-1,17
-1,16
-1,16
-1,15
1692,16
-1,15
-1,16
7241,16
5723,15
-1,16
-1,14
-1,15
9507,17
8075,15
2964,16
2491,15
5893,17
-1,15
8458,16
-1,15
-1,16
-1,16
3458,18
-1,15
-1,16
6432,17
6017,15
-1,15
7343,15
-1,15
4322,15
4633,16
-1,15
-1,16
3958,16
-1,15
-1,17
-1,16
-1,15
-1,16
7378,15
-1,15
-1,16
3248,14
-1,17
5059,18
6896,14
7754,15
-1,15
4244,18
9171,17
9495,15
-1,15
-1,15
-1,16
7291,17
6705,15
3593,16
-1,16
-1,14
1119,15
9278,16
-1,15
7103,16
-1,16
837,16
-1,14
2469,15
9543,15
2064,16
-1,16
4293,15
-1,15
-1,15
5742,16
-1,17
666,17
8276,15
9008,16
-1,15
-1,16
-1,14
-1,15
-1,13
-1,15
4544,16
7886,16
4963,15
-1,17
2216,16
1334,15
6000,16
5990,16
2411,14
-1,15
911,15
-1,16
2399,16
-1,15
-1,14
1707,16
9529,15
-1,15
-1,13
2081,16
-1,15
4488,15
-1,16
412,16
6001,15
2717,15
5455,15
-1,16
7392,15
9416,17
619,15
-1,16
-1,16
4525,15
1640,15
2263,16
-1,14
-1,16
-1,16
586,17
-1,15
-1,15
-1,15
-1,15
-1,15
8331,16
41,14
1634,17
3774,17
-1,15
-1,14
-1,16
-1,15
224,15
-1,17
-1,15
5048,18
-1,15
5744,15
-1,14
-1,14
-1,15
8082,16
3496,15
8183,15
-1,15
-1,15
-1,15
5822,16
-1,15
8494,17
-1,16
5549,15
701,15
-1,15
5193,17
1749,16
-1,15
-1,15
-1,17
6329,16
-1,15
-1,16
-1,15
-1,15
5573,16
-1,15
8539,14
-1,15
-1,15
-1,15
-1,16
1769,15
-1,16
-1,15
2897,15
4261,16
5770,15
-1,16
6922,15
2421,18
-1,15
8913,16
8472,18
-1,14
-1,15
-1,15
-1,16
1276,17
-1,15
8991,17
2653,17
4378,16
-1,15
-1,15
-1,15
6568,16
9944,16
-1,16
4821,16
-1,15
4002,17
539,15
7256,16
9423,15
8137,16
9042,15
4722,16
6712,15
-1,15
-1,17
8943,15
-1,17
808,16
-1,15
-1,16
-1,17
6349,17
-1,14
6480,17
9535,16
-1,15
-1,16
-1,14
-1,15
-1,15
-1,16
-1,15
875,15
-1,15
9766,17
-1,14
-1,15
-1,15
-1,15
-1,16
8984,16
3217,15
429,15
-1,16
-1,14
-1,17
1188,15
2987,16
7615,15
8200,15
-1,15
-1,16
-1,15
-1,14
-1,14
-1,15
-1,16
7588,15
-1,15
-1,15
-1,15
9220,17
1078,16
7956,16
6059,17
-1,16
-1,15
3605,16
8597,15
8019,16
4360,15
-1,15
281,15
4685,15
-1,16
-1,16
2330,17
5427,17
9918,15
-1,15
9420,17
-1,16
-1,15
7923,17
7528,16
-1,15
1860,17
3060,15
3777,15
-1,16
-1,16
7200,15
4441,15
-1,16
7019,17
-1,15
-1,15
-1,16
-1,15
-1,15
7622,15
-1,15
-1,17
-1,16
8612,15
4294,15
1309,16
9764,15
-1,15
-1,14
-1,15
-1,15
4635,15
1431,16
4337,17
-1,15
-1,15
6151,15
-1,16
-1,16
2167,17
4400,16
9323,16
-1,15
-1,16
3834,16
5991,17
-1,15
4526,16
-1,15
-1,15
6990,17
2296,15
1440,16
9672,15
6874,16
549,14
7015,16
-1,14
7153,16
-1,16
5499,16
-1,15
-1,16
5568,15
5054,16
-1,15
-1,14
8471,16
-1,16
-1,16
9353,15
9478,14
7391,16
-1,15
-1,18
-1,15
7736,15
-1,17
4899,16
-1,16
3167,16
-1,15
5157,15
-1,14
-1,16
4229,14
-1,16
-1,15
-1,14
-1,15
9277,16
8767,15
-1,16
-1,15
7580,15
-1,14
4794,16
8178,15
-1,15
-1,15
-1,16
-1,15
-1,14
-1,16
7336,15
3905,16
8761,14
5754,16
-1,14
-1,15
9584,15
2316,15
8143,16
-1,16
-1,15
7691,16
1245,16
3700,16
6389,14
920,16
9081,17
-1,16
-1,15
-1,17
8789,17
-1,14
-1,16
1571,16
4307,17
-1,15
7281,16
4137,16
4647,15
1738,17
9875,17
3552,15
-1,15
-1,15
-1,14
-1,16
-1,15
-1,16
-1,15
-1,15
476,15
-1,14
-1,15
80,15
-1,16
1869,16
5196,16
2091,15
-1,16
-1,15
9348,15
7892,16
-1,16
2916,15
-1,16
4279,17
-1,15
-1,15
-1,17
8095,15
4153,16
-1,15
5862,15
7607,16
-1,14
9395,17
6931,15
4504,16
3007,16
1917,16
822,15
-1,15
3663,15
3058,15
-1,15
674,16
-1,15
9329,14
-1,15
-1,15
1613,16
8884,14
-1,15
-1,15
-1,16
7112,17
1388,16
1484,16
9377,16
8318,15
5572,16
3199,15
-1,15
1688,16
-1,18
-1,17
-1,15
6767,16
-1,16
-1,16
-1,18
-1,15
-1,17
-1,15
-1,14
-1,16
1153,17
3128,16
-1,16
-1,15
-1,16
-1,15
3802,16
6942,17
-1,15
3490,17
9609,14
-1,15
4404,15
-1,15
4427,16
-1,16
-1,16
3424,15
-1,14
3840,15
3734,16
8474,15
6406,16
-1,16
-1,15
7716,15
2368,16
9160,16
2074,16
-1,14
9616,17
5231,15
7062,16
-1,14
-1,15
-1,15
2682,17
1459,15
-1,14
-1,15
-1,15
8825,17
-1,14
9660,15
-1,15
3545,16
-1,16
7904,15
-1,16
-1,15
5115,15
-1,15
-1,16
9484,15
-1,15
-1,15
-1,15
-1,16
5282,15
3916,15
-1,15
1664,15
-1,15
-1,16
3875,16
-1,15
-1,15
-1,14
-1,15
-1,14
7787,15
3968,15
-1,13
5434,16
4551,16
-1,16
2247,15
-1,15
-1,14
5780,16
-1,16
-1,16
-1,14
3610,14
8283,15
8710,17
-1,15
-1,15
-1,15
8243,16
-1,15
2048,16
-1,16
220,15
4729,16
1230,17
-1,16
5808,16
-1,14
3768,17
-1,15
1207,16
9343,15
-1,16
-1,15
3856,16
-1,14
8003,16
-1,15
7449,16
2703,17
9602,15
-1,16
4246,15
7170,15
-1,15
-1,16
-1,15
-1,16
815,17
-1,14
8969,16
7307,15
-1,15
1557,15
3643,15
-1,15
3350,16
-1,15
1877,17
6831,15
-1,17
-1,15
-1,17
6015,16
-1,15
2736,17
-1,15
-1,15
7443,18
-1,16
-1,15
7916,17
-1,16
-1,15
9285,16
9500,16
8603,17
-1,16
7352,16
-1,16
-1,16
4619,15
2097,15
-1,14
-1,16
-1,14
-1,15
2615,16
-1,16
-1,15
2338,16
-1,14
1398,17
-1,17
-1,15
6702,15
9486,15
7579,15
-1,15
-1,14
8511,15
-1,17
-1,15
-1,15
1787,16
1521,15
-1,16
182,16
5397,17
4687,17
-1,15
4099,15
3778,16
-1,16
-1,14
-1,16
-1,16
720,15
2565,16
6711,17
-1,15
69,17
-1,16
6868,15
-1,15
-1,15
2286,15
9436,15
6797,15
-1,16
1969,15
395,16
-1,15
-1,17
-1,17
-1,15
-1,16
270,17
-1,16
8644,14
-1,15
-1,15
4790,15
1064,16
-1,16
-1,15
6021,15
1939,16
-1,15
-1,15
-1,15
-1,15
2277,15
-1,16
-1,15
6976,16
6683,16
-1,16
-1,15
-1,16
-1,15
-1,16
7857,15
-1,14
1469,16
4173,17
-1,14
6760,15
-1,15
-1,15
-1,16
-1,15
3807,17
-1,14
6079,15
2606,16
2662,18
-1,15
-1,15
-1,16
-1,16
-1,14
-1,16
7071,16
-1,14
1672,16
9318,17
3582,18
566,16
-1,15
-1,16
3373,17
-1,15
3022,16
5665,15
-1,15
-1,15
4101,15
-1,15
2787,16
8470,15
-1,15
943,17
-1,15
4772,16
-1,16
-1,14
-1,16
3472,17
9789,16
-1,16
5391,15
9364,16
5227,15
2177,15
985,16
-1,16
8801,14
-1,15
8826,16
-1,17
-1,14
385,16
-1,16
5250,15
7274,16
-1,15
9491,16
-1,14
-1,15
-1,15
4747,14
-1,14
-1,17
-1,16
1541,15
-1,15
-1,16
9782,15
4151,16
-1,15
2911,17
-1,17
2801,16
-1,15
-1,15
2861,16
7490,16
5528,16
538,16
9907,15
-1,15
6947,17
-1,16
-1,14
3777,17
5922,15
-1,15
3623,15
6361,14
9173,16
-1,16
-1,15
-1,16
-1,15
-1,14
2021,16
9502,16
6201,15
-1,16
2000,14
8476,15
-1,15
5365,15
4243,16
4480,16
2895,16
-1,14
1653,16
7437,16
8955,17
5115,17
4644,18
3022,16
8410,16
8802,15
4492,15
4592,14
-1,15
-1,14
7255,15
-1,15
8576,16
-1,14
-1,15
2346,15
1677,15
3271,15
5424,15
8339,16
-1,15
9750,17
4707,17
4234,15
1048,16
1236,15
2443,17
-1,15
2685,15
-1,15
-1,15
1564,15
7619,14
2964,14
-1,14
4696,16
-1,15
8911,16
5459,15
-1,15
2080,16
-1,14
-1,16
-1,15
2547,16
-1,15
687,16
165,16
8524,17
-1,15
-1,17
-1,16
-1,16
2564,15
-1,15
-1,14
-1,15
370,16
-1,14
-1,15
1465,16
-1,15
2653,15
3687,16
2770,16
-1,16
-1,14
1293,17
-1,15
-1,15
3354,15
9262,16
-1,15
-1,14
3679,17
-1,14
3948,15
-1,15
9901,15
-1,16
-1,14
-1,15
6147,17
-1,17
-1,15
4430,15
-1,15
-1,15
-1,14
-1,14
-1,15
3867,15
8604,15
3523,16
5259,15
5166,15
1446,16
8161,15
-1,15
-1,14
1589,16
-1,16
-1,16
2683,15
2218,16
-1,16
-1,16
-1,16
-1,16
-1,14
-1,16
1909,15
-1,14
3046,17
1722,15
-1,17
6029,16
-1,15
2228,16
-1,14
6,15
-1,17
3244,14
-1,15
-1,15
2437,16
-1,15
-1,15
-1,15
-1,15
8590,15
6092,16
-1,15
7992,15
1552,17
4398,18
-1,16
-1,16
4348,17
-1,14
-1,16
8759,14
6706,17
2927,16
1623,17
-1,15
-1,15
-1,16
5569,17
-1,15
8607,16
-1,14
-1,15
3636,16
-1,16
4329,16
6734,16
8718,15
7613,15
-1,15
604,15
-1,16
4825,16
3918,14
3557,16
6304,18
233,16
884,17
5264,15
9380,16
7373,15
9661,15
-1,16
-1,15
-1,15
5024,16
-1,15
784,15
1032,16
-1,14
5821,14
3372,17
5789,17
8902,15
-1,15
-1,15
1657,15
-1,16
-1,15
3930,16
-1,15
9515,15
-1,15
-1,16
6532,15
8824,16
-1,15
-1,16
-1,15
-1,15
8982,16
-1,14
-1,14
5206,17
-1,15
-1,16
-1,16
-1,16
9479,15
-1,16
-1,17
2106,15
267,15
-1,16
6847,15
2488,17
5885,15
-1,15
7341,16
407,15
7349,14
-1,15
-1,15
-1,15
-1,15
-1,15
-1,17
-1,14
1103,15
-1,15
-1,15
3970,16
-1,16
-1,16
87,16
-1,15
6355,16
5724,16
4742,16
9390,14
-1,16
-1,16
5624,16
729,16
2235,16
5634,16
-1,15
-1,15
3610,15
-1,17
2001,15
-1,17
-1,14
-1,15
-1,15
-1,15
3500,16
-1,15
805,15
-1,15
4508,15
3821,16
-1,15
4222,16
1215,16
7644,15
4134,15
-1,16
1972,15
-1,15
-1,15
4090,15
-1,15
4025,17
-1,15
-1,17
-1,15
-1,15
-1,16
-1,14
6944,17
7814,16
9218,15
-1,15
-1,14
239,16
-1,17
1585,16
-1,16
5738,17
-1,15
-1,13
1244,17
4838,16
-1,15
3932,15
-1,15
7278,15
-1,15
-1,15
-1,16
-1,14
4332,14
9993,16
2894,16
7806,16
4687,16
-1,14
2020,18
-1,14
6320,15
-1,16
3128,16
-1,15
6240,18
-1,16
-1,14
9362,15
7957,15
-1,15
3302,16
-1,15
-1,15
-1,16
-1,15
8707,14
8393,15
-1,17
-1,14
-1,15
2576,15
-1,16
-1,14
8085,16
-1,16
-1,16
1209,16
-1,15
2544,15
-1,15
-1,14
-1,15
7977,16
-1,14
-1,15
-1,15
-1,16
-1,14
181,16
7010,16
5606,15
-1,16
-1,15
3761,16
2600,15
-1,14
-1,16
2750,15
-1,15
6002,16
-1,16
7630,15
-1,15
1929,15
5440,16
-1,16
1534,15
1606,16
3223,16
119,16
-1,17
-1,15
5006,17
-1,16
-1,16
4351,17
6168,16
-1,14
2064,16
7821,15
-1,16
-1,14
7271,15
-1,14
-1,16
-1,15
4971,16
9536,15
-1,15
-1,15
-1,17
1252,15
-1,17
-1,15
-1,16
-1,16
1778,15
-1,15
-1,16
7957,16
7796,16
4187,16
-1,15
-1,15
7348,14
1765,15
-1,15
7619,16
-1,15
-1,16
-1,16
-1,15
4242,16
-1,15
-1,15
3297,15
6641,17
-1,14
2991,16
3218,15
2736,15
-1,15
1973,17
9750,16
3836,15
8744,15
797,14
-1,15
7146,16
1561,16
-1,15
-1,14
-1,16
9150,16
280,14
5038,16
-1,16
3032,16
5927,16
-1,16
3323,15
-1,15
-1,15
4346,15
-1,16
9458,15
2759,17
-1,15
-1,15
1934,15
-1,14
3426,15
-1,15
-1,17
-1,18
-1,14
-1,16
-1,16
-1,14
-1,17
2844,16
-1,16
4423,16
1959,18
7835,15
7191,14
9524,15
6871,16
7956,17
6608,16
5967,17
-1,16
-1,16
-1,16
8688,15
3440,15
-1,15
991,15
-1,15
-1,15
-1,15
5950,16
-1,17
-1,16
-1,14
7261,17
-1,14
-1,15
-1,16
742,16
-1,16
-1,16
-1,17
-1,15
-1,15
-1,15
-1,15
6648,16
-1,15
750,15
5681,16
9091,16
-1,17
-1,16
6988,16
6640,16
3198,14
-1,15
2680,16
-1,15
-1,16
-1,17
-1,15
-1,16
-1,17
1587,15
-1,15
7844,17
8692,15
1465,16
-1,16
7577,16
-1,14
4306,16
2636,16
2725,16
751,17
6468,16
2489,16
-1,15
3435,16
-1,16
744,15
-1,15
6501,15
5340,15
-1,16
1907,16
-1,17
8159,16
1294,15
5421,15
-1,15
2561,15
5949,16
49,15
-1,15
-1,16
4346,15
4955,15
1183,16
2543,16
8737,16
-1,15
-1,16
9697,16
4606,17
182,15
-1,16
-1,15
-1,16
-1,16
7504,15
-1,15
5289,16
-1,15
-1,15
-1,15
-1,15
-1,15
-1,16
4276,15
-1,17
-1,15
673,17
3953,15
5817,16
910,17
4514,16
3980,17
5786,16
-1,15
2980,15
-1,15
1377,15
-1,16
2091,15
6984,16
-1,15
4098,15
-1,15
-1,15
-1,16
5684,15
9723,16
3714,17
-1,15
-1,15
-1,15
5250,15
9823,16
7203,16
3183,17
-1,15
-1,16
-1,15
4393,17
-1,15
9478,15
-1,15
-1,15
5623,18
-1,15
-1,16
6442,15
7878,15
-1,15
3038,15
-1,15
-1,16
-1,15
-1,15
-1,15
-1,16
-1,15
165,16
7858,16
-1,15
-1,16
-1,15
-1,17
7880,17
4993,15
-1,15
-1,15
3632,16
5694,15
-1,16
7015,16
6475,14
-1,15
6581,17
3242,14
1842,15
-1,16
1265,17
4710,17
-1,15
-1,15
2456,15
-1,15
3741,17
-1,15
-1,15
803,18
-1,14
21,17
8682,15
1168,16
4234,16
-1,15
3730,17
7157,17
-1,17
6415,16
-1,14
8665,15
2371,17
-1,15
-1,15
-1,15
-1,16
3658,15
749,17
-1,15
5354,14
-1,15
4025,16
-1,16
2731,16
-1,16
6407,15
-1,16
1631,16
2100,15
-1,15
254,16
-1,17
9293,16
-1,17
5635,16
955,15
-1,16
-1,14
-1,15
-1,17
-1,17
-1,15
1660,17
641,16
-1,16
6472,17
-1,16
5748,17
3381,16
5200,14
5895,15
-1,15
907,17
-1,14
9255,18
-1,15
-1,17
-1,16
1545,14
7956,16
133,15
-1,15
3791,17
4451,16
-1,15
8762,15
6434,15
-1,16
813,15
-1,16
4996,16
2373,15
5682,15
7110,15
-1,15
5324,16
6844,14
-1,15
-1,15
-1,15
-1,14
5267,15
2226,17
3231,16
-1,16
-1,16
-1,14
3089,16
5779,17
-1,16
6477,15
1609,16
-1,14
5847,15
6158,15
7116,16
56,16
-1,14
5821,17
6830,16
4749,18
-1,17
-1,15
-1,15
-1,17
997,17
-1,15
5459,14
9661,14
1960,15
2762,16
-1,17
-1,15
-1,15
-1,14
7830,15
9332,16
5390,16
-1,15
-1,17
-1,15
227,15
-1,14
7494,16
-1,15
4158,16
-1,16
-1,15
-1,16
-1,15
-1,16
8867,16
-1,16
9098,16
-1,16
3500,18
-1,14
3225,15
5522,15
7980,16
2397,15
7331,16
8709,15
-1,15
9996,15
-1,14
9898,16
-1,16
4712,17
-1,15
6387,16
-1,16
-1,16
-1,15
9092,16
3119,14
1686,18
-1,16
8143,15
5638,15
-1,16
1505,17
3523,17
3776,15
5815,15
9638,18
-1,18
4868,15
-1,15
3456,16
2487,18
-1,15
6470,16
-1,15
5368,15
-1,15
7237,18
-1,15
5528,16
3435,17
2569,14
-1,14
2370,17
7776,15
8563,15
-1,15
-1,16
-1,15
-1,15
1221,15
5861,15
-1,15
-1,14
2862,16
1733,16
6606,15
5067,16
-1,15
1482,17
-1,15
7875,16
5010,16
-1,15
5129,16
-1,16
9954,15
2895,17
7814,18
1682,15
9974,16
-1,14
8710,16
-1,15
7070,15
-1,16
6284,15
358,15
4240,16
7726,15
-1,17
-1,15
2918,16
-1,16
-1,17
9649,15
-1,15
-1,15
9065,16
-1,15
9101,15
5445,18
-1,17
-1,15
-1,15
-1,17
-1,16
-1,15
-1,14
-1,16
5892,15
-1,14
-1,14
5118,16
2060,15
7526,17
309,16
-1,15
-1,16
-1,16
8851,16
-1,15
4372,15
-1,16
-1,15
363,17
4109,16
-1,17
9994,16
-1,16
3460,15
-1,15
-1,17
-1,14
-1,15
-1,14
2989,17
2287,16
-1,16
-1,16
-1,16
7385,17
-1,15
2828,16
-1,15
-1,14
-1,16
6570,16
-1,15
9622,16
128,16
-1,16
1413,15
8582,15
-1,15
2314,15
-1,17
-1,15
8142,15
8328,15
1805,15
5724,15
-1,14
1488,16
-1,16
-1,15
9929,15
9416,16
-1,15
2759,16
9311,15
-1,16
-1,15
1513,14
4715,16
-1,15
-1,15
-1,17
-1,15
491,16
4310,16
1337,15
-1,15
9361,17
-1,15
-1,16
4142,17
1615,15
-1,16
-1,15
-1,16
-1,15
5577,16
2960,15
-1,16
-1,16
-1,16
-1,15
-1,15
-1,16
-1,15
7068,15
42,16
6150,17
-1,17
9448,15
94,16
-1,15
-1,15
822,15
-1,15
-1,16
9670,17
380,16
9270,15
4798,17
8054,15
-1,15
-1,17
5522,17
-1,17
3218,15
9714,17
6831,16
7331,18
-1,15
8718,15
-1,16
-1,15
7816,15
-1,14
-1,15
-1,15
-1,15
-1,17
9344,16
-1,14
-1,15
1366,15
4534,15
3465,15
3582,16
503,16
-1,16
5737,17
-1,15
-1,15
-1,14
-1,15
-1,18
7848,15
113,16
-1,17
2331,17
-1,15
5544,15
3717,14
4042,16
3350,14
6920,17
3753,17
9354,16
387,16
4797,16
9435,15
-1,15
213,15
-1,14
-1,16
-1,15
-1,14
-1,14
5763,16
-1,16
-1,15
2189,16
-1,17
-1,15
1424,15
-1,16
-1,16
-1,15
-1,15
8585,15
1051,16
9799,17
-1,15
-1,15
-1,16
319,17
4667,16
-1,17
-1,15
1889,16
7553,16
4241,16
7741,15
-1,15
-1,15
-1,16
-1,16
6107,17
-1,17
4874,15
-1,15
-1,14
5956,17
5221,16
9540,16
-1,15
5364,15
8064,15
7870,15
-1,17
-1,15
8810,17
-1,15
-1,16
-1,16
3899,17
-1,16
-1,15
-1,15
7586,16
-1,15
4902,17
1331,16
9559,17
-1,15
7616,16
-1,14
-1,15
3558,16
9779,17
-1,15
6070,16
-1,15
-1,15
-1,15
3437,16
-1,14
8791,16
2237,15
-1,15
5742,17
-1,15
-1,15
-1,15
-1,16
-1,14
7903,16
183,15
9003,15
8537,15
2948,16
-1,15
-1,14
6992,15
649,15
4592,16
8964,17
-1,15
9244,16
-1,15
3665,16
1745,16
6144,16
-1,15
2546,16
-1,14
-1,15
-1,15
-1,15
2140,17
779,15
1094,17
-1,16
7804,16
2777,14
-1,15
-1,15
-1,15
-1,14
5571,16
-1,15
2087,17
3583,16
3280,15
5759,15
5340,15
-1,14
-1,15
5900,15
-1,16
-1,16
-1,15
-1,17
-1,14
-1,15
-1,16
3996,16
2274,15
-1,15
-1,15
3013,16
5418,14
750,16
2364,16
2141,15
-1,15
-1,17
-1,16
-1,15
-1,14
-1,16
-1,15
-1,15
8765,16
-1,16
3462,16
7651,16
-1,15
-1,15
9327,16
831,16
-1,15
5732,14
-1,15
230,17
2653,17
-1,15
6101,15
-1,16
-1,16
-1,16
-1,16
-1,15
4813,16
-1,17
-1,16
-1,15
7270,15
4773,16
-1,15
6276,14
-1,15
-1,15
-1,15
-1,15
-1,15
-1,15
-1,14
5467,16
5435,15
8141,17
-1,16
3106,15
-1,16
-1,17
1123,18
-1,15
6637,14
-1,14
-1,14
8952,15
-1,16
499,17
-1,16
8558,16
9335,15
-1,15
4107,15
-1,14
-1,15
-1,15
3354,15
-1,17
9065,15
328,16
-1,17
9143,15
-1,15
-1,18
1481,16
4046,16
-1,15
3479,15
3796,16
7345,16
-1,14
2989,16
5665,16
4477,15
2417,16
7862,15
-1,16
-1,16
-1,16
170,17
-1,15
4264,16
470,15
1059,15
-1,15
8381,16
-1,16
-1,16
1601,15
-1,14
7140,16
-1,15
1818,16
1006,16
6258,16
4544,16
2376,15
-1,15
3188,15
-1,15
1624,15
5181,17
9732,16
-1,15
-1,17
5730,15
3430,17
1756,16
-1,16
-1,15
1515,15
-1,15
8831,15
-1,15
5831,17
5817,17
-1,16
-1,14
-1,15
8153,17
-1,16
-1,15
4204,15
-1,14
3057,15
-1,16
6763,15
-1,15
-1,15
56,15
288,16
7559,17
3861,16
-1,15
-1,15
-1,16
1748,15
-1,16
7149,16
-1,15
-1,14
-1,14
5998,15
1362,16
6019,15
-1,15
-1,15
4923,15
9571,16
8525,18
-1,17
-1,16
-1,16
3462,14
-1,15
-1,15
3439,18
-1,15
-1,14
-1,15
4466,14
9508,16
6403,17
3759,15
1786,15
9996,15
-1,17
1667,17
-1,16
179,17
598,18
2980,16
-1,15
6207,19
-1,15
-1,15
8252,16
6447,15
-1,14
7191,15
6980,17
-1,15
1898,16
-1,14
-1,16
1355,15
4779,17
-1,14
-1,15
3059,14
3972,18
177,17
7646,16
-1,15
-1,15
6259,15
-1,15
8520,15
-1,15
-1,15
-1,17
-1,15
6132,15
1494,15
3449,15
5356,16
-1,15
-1,14
7386,15
-1,15
-1,15
6204,16
-1,14
-1,14
8647,14
9513,15
2418,18
9527,15
9815,16
6288,16
-1,14
-1,16
3318,15
-1,15
2223,15
-1,15
-1,14
7330,15
4117,17
-1,15
78,15
-1,15
-1,15
86,16
-1,17
9303,15
-1,16
5687,16
5115,16
1738,15
-1,17
8827,15
-1,16
6003,17
324,17
8871,16
5112,16
1003,15
590,16
-1,15
1498,17
-1,15
-1,17
-1,15
-1,16
-1,16
5220,17
7614,16
629,16
-1,15
-1,15
4088,15
7052,16
9627,16
7037,15
6102,15
-1,15
4639,15
1159,15
9156,15
4915,16
1332,16
-1,14
1316,16
-1,16
8695,16
1454,17
3840,17
-1,15
4967,15
-1,15
-1,15
7138,16
-1,16
8533,15
-1,15
9079,16
-1,17
5186,16
9598,17
9791,14
-1,15
4548,15
4593,16
9913,16
-1,15
9240,17
-1,16
7820,18
6543,16
5675,16
8862,16
-1,17
-1,15
-1,15
-1,15
-1,15
-1,15
5354,16
-1,15
-1,15
-1,15
-1,16
3826,16
680,15
2786,19
-1,15
3113,17
-1,15
1653,16
-1,14
8811,16
9115,16
2780,16
8390,16
-1,15
-1,15
-1,16
-1,15
7483,15
-1,15
277,16
-1,15
8446,14
-1,15
2196,16
-1,16
9602,17
-1,18
-1,16
-1,14
666,17
5347,16
2299,15
268,17
-1,16
4519,15
4035,15
-1,16
4987,16
-1,15
-1,18
4178,15
-1,14
-1,15
-1,15
2957,15
7302,17
-1,16
7589,17
-1,16
-1,16
5119,16
4215,16
-1,16
-1,15
4165,15
-1,15
-1,17
6926,15
3185,17
5484,15
-1,16
7959,15
8412,15
-1,15
8975,15
1344,16
4881,18
7732,16
1662,15
-1,15
-1,15
6428,16
-1,16
7756,17
-1,15
927,16
3223,16
-1,15
-1,15
-1,16
3932,14
2,17
-1,16
-1,15
4215,16
-1,14
-1,16
-1,15
4085,16
-1,16
-1,15
2861,16
-1,16
-1,16
8471,17
-1,16
-1,15
-1,15
2948,15
-1,15
-1,16
9069,16
-1,16
-1,15
9090,17
-1,16
-1,16
2513,15
7953,15
-1,15
8157,16
-1,16
-1,18
-1,15
8593,15
6887,15
-1,15
2441,16
-1,15
530,17
5432,18
-1,15
1151,15
9581,15
2869,15
4879,15
4678,16
-1,15
2134,16
-1,15
8580,15
5242,16
7472,18
-1,16
-1,15
-1,14
245,15
-1,16
-1,15
-1,14
3608,16
5362,15
1534,15
9380,16
-1,16
-1,15
-1,15
-1,15
2087,16
-1,16
-1,15
9318,15
-1,15
-1,14
-1,16
2887,15
-1,15
-1,16
6683,16
3465,17
-1,15
-1,16
2857,16
-1,16
822,15
8182,16
-1,16
1488,15
6346,15
-1,15
5029,16
2009,16
-1,15
-1,16
-1,14
-1,15
7348,16
-1,16
3585,15
-1,14
8239,17
2925,16
6958,17
-1,15
3742,17
7399,16
2106,15
-1,14
-1,15
-1,15
9609,14
-1,15
-1,14
4078,15
-1,17
-1,15
-1,15
1336,16
-1,16
-1,15
2943,16
-1,15
-1,16
-1,16
8297,17
1896,16
-1,16
5375,15
3175,16
-1,15
1977,14
1409,14
8818,15
2598,17
-1,14
-1,17
-1,15
-1,17
8309,17
-1,18
-1,15
-1,15
6856,15
-1,15
-1,16
2164,16
8949,16
-1,15
6822,15
-1,15
7186,17
-1,15
-1,15
8018,15
-1,15
958,16
-1,15
-1,15
-1,16
5265,15
7303,16
-1,15
-1,15
7238,17
2351,14
4713,17
-1,15
1988,18
-1,16
9855,17
6292,17
4276,16
3122,16
-1,15
1150,15
1279,14
8670,18
9501,15
-1,14
9445,15
743,16
2168,16
-1,15
-1,16
1514,16
-1,15
4091,15
113,16
3521,16
-1,15
-1,14
9302,16
-1,16
-1,16
4799,16
8524,16
-1,15
-1,16
-1,14
-1,15
8464,15
-1,15
-1,16
-1,16
-1,15
7468,16
4778,15
6005,16
-1,16
-1,16
-1,14
939,14
6745,17
-1,15
904,15
9896,16
256,15
6948,15
6721,16
-1,16
-1,14
-1,16
4680,15
6010,16
6556,15
5518,16
-1,16
694,16
-1,15
7926,14
2526,15
5195,17
-1,15
1430,15
2539,14
1643,17
4523,17
-1,14
8918,15
-1,15
3171,15
-1,16
840,14
7065,15
3510,16
-1,15
8746,15
-1,15
-1,16
3878,17
-1,15
-1,14
5915,16
8676,16
-1,16
-1,16
8371,15
8084,15
6226,16
-1,17
6809,17
1108,16
5519,15
3475,15
-1,14
-1,15
9747,15
-1,16
-1,16
-1,15
-1,15
1100,14
4002,18
4363,15
8816,16
6852,15
-1,15
4728,17
6329,16
-1,15
-1,15
-1,15
9359,15
-1,16
8535,17
-1,15
7309,16
-1,15
4396,16
1811,15
549,16
-1,15
-1,17
-1,15
-1,16
-1,16
-1,15
-1,14
4993,16
8518,15
5014,17
-1,15
-1,15
-1,15
-1,15
-1,15
-1,14
-1,14
6888,15
-1,16
679,14
3117,16
592,15
-1,17
-1,15
-1,15
637,15
-1,15
3369,17
-1,15
3472,17
-1,17
-1,15
-1,16
-1,15
-1,15
3449,13
7777,16
-1,15
6181,17
9805,18
4510,16
-1,16
-1,16
-1,16
-1,15
-1,15
4021,15
8308,15
-1,15
-1,14
-1,14
2106,17
7556,15
-1,14
-1,16
5249,16
-1,16
3207,16
-1,15
7193,16
9449,15
-1,15
4509,16
-1,16
5985,16
-1,16
8832,17
6515,15
-1,15
-1,16
3335,16
6383,15
-1,15
1775,14
-1,16
-1,15
7160,16
-1,16
-1,16
6730,16
4834,16
6726,16
5796,16
3852,15
-1,15
-1,15
6902,17
-1,16
3536,16
-1,15
-1,15
-1,15
4267,14
9654,16
-1,15
-1,14
-1,14
9063,15
-1,15
7063,17
1647,16
-1,16
435,16
5412,15
9425,17
6426,15
-1,15
-1,15
-1,16
-1,16
3928,17
-1,15
3109,17
7596,18
-1,14
-1,16
6431,15
-1,14
1630,15
3551,15
575,16
4698,16
-1,16
-1,15
7839,17
-1,16
-1,14
-1,16
1056,15
8399,16
4242,16
3326,16
-1,16
-1,16
3792,14
-1,15
5201,15
-1,15
6421,15
-1,16
-1,15
-1,16
5226,17
-1,17
-1,14
-1,16
-1,15
1862,16
792,19
1734,14
-1,14
-1,15
-1,15
6663,15
7114,16
-1,16
8932,16
-1,15
-1,15
-1,15
649,16
2078,16
-1,14
-1,15
2146,16
7802,16
-1,16
6623,16
8731,16
-1,15
3911,15
7861,15
1038,15
5961,16
5137,15
-1,16
6831,18
-1,15
-1,15
2662,17
9075,14
7156,16
-1,17
-1,15
3591,15
-1,15
7141,16
-1,15
-1,15
-1,15
762,16
-1,15
-1,15
-1,15
4144,15
3270,15
6106,15
-1,15
-1,17
-1,14
-1,14
4927,16
8488,14
-1,16
-1,16
-1,15
-1,16
3202,16
-1,14
-1,15
4005,16
-1,16
-1,15
-1,14
3411,17
-1,15
-1,15
1011,15
-1,15
-1,16
-1,16
251,16
9119,16
-1,15
4174,16
376,16
693,15
8939,15
-1,15
-1,15
6301,17
-1,16
-1,15
-1,15
2702,15
-1,14
-1,15
1299,15
-1,16
-1,16
-1,15
3969,15
9337,15
-1,15
8383,15
6186,16
3306,15
9591,15
2894,15
2154,15
6445,14
-1,15
6347,15
-1,14
4062,17
905,15
8599,16
4713,16
2337,19
-1,15
4353,16
2983,16
-1,15
8859,16
-1,15
-1,16
3349,15
-1,16
7324,16
-1,16
2208,15
-1,15
6013,16
-1,15
-1,17
-1,15
-1,15
240,17
5537,17
-1,15
1374,16
8343,16
-1,15
-1,15
360,16
2318,15
-1,15
-1,16
7041,16
5390,16
7762,16
-1,15
5701,15
7638,18
4643,16
244,15
-1,15
4719,15
6889,16
-1,15
-1,15
-1,15
3399,17
454,16
-1,15
898,15
-1,15
8711,18
-1,15
-1,14
-1,14
1941,16
-1,15
-1,15
-1,14
5087,14
5700,15
1668,16
-1,14
7139,15
4616,15
7771,16
5531,15
7716,15
7804,16
5356,16
676,16
-1,15
1025,16
-1,15
6333,15
4203,15
428,16
-1,17
-1,16
-1,16
1426,16
2691,15
-1,16
-1,16
1497,17
-1,15
-1,15
-1,16
1802,14
1869,15
-1,15
-1,15
-1,15
-1,15
2968,16
-1,16
-1,15
-1,15
-1,15
7860,17
-1,16
6312,17
-1,14
-1,14
6970,16
7749,14
386,15
-1,15
8271,15
1157,17
4950,15
2430,15
5915,15
-1,15
5783,16
967,16
3355,16
7531,15
-1,16
6415,15
4449,16
-1,14
8118,15
7212,16
9338,16
8612,16
1613,16
-1,16
-1,14
7131,16
-1,16
-1,16
-1,15
-1,15
2954,16
8694,15
-1,16
-1,15
-1,16
9241,15
-1,16
-1,16
-1,15
-1,16
6386,16
-1,14
-1,15
5044,15
-1,15
7622,14
-1,15
1438,17
1706,16
3446,15
630,15
5538,16
9560,16
-1,15
9665,16
-1,15
-1,16
-1,16
7914,16
-1,15
1169,17
4604,14
-1,15
-1,16
2069,15
897,15
5260,16
6748,16
474,15
387,16
897,16
1362,15
-1,15
1625,15
-1,16
-1,15
-1,14
-1,16
8493,15
-1,16
-1,15
9010,16
-1,14
-1,15
-1,16
7672,16
9067,15
-1,15
3189,16
-1,15
5235,15
601,16
-1,17
5425,16
-1,15
-1,15
-1,15
-1,16
-1,14
9936,17
1906,15
-1,15
-1,15
4743,16
-1,15
4328,17
4137,15
8462,15
2189,15
4610,17
9069,15
-1,15
8980,15
-1,15
2469,16
-1,16
-1,17
1976,15
1332,16
8858,17
5234,15
-1,15
4744,18
-1,16
894,16
-1,16
3825,15
-1,16
-1,16
-1,15
-1,16
8863,16
-1,14
998,14
-1,16
8661,16
5077,16
8453,15
-1,16
1044,15
5238,16
-1,15
2257,15
-1,15
3975,15
-1,16
2209,17
-1,16
3069,16
9207,16
-1,17
2512,15
4287,16
1153,15
8272,15
-1,15
-1,16
3769,16
3116,17
-1,15
5511,16
3092,16
8002,16
-1,17
6107,15
5637,17
-1,15
-1,16
-1,15
6994,16
-1,15
8293,17
-1,17
-1,16
-1,15
1556,15
-1,15
5757,16
-1,16
-1,16
-1,15
6495,18
1749,16
7277,14
361,16
-1,15
2612,16
-1,16
-1,15
2075,15
1954,16
-1,14
8736,15
-1,16
-1,15
7817,15
5811,15
4307,16
-1,15
846,16
-1,15
-1,15
-1,15
-1,16
656,14
-1,15
-1,15
618,16
-1,15
1645,14
360,17
9255,18
7573,15
-1,16
-1,14
-1,16
-1,17
6029,16
-1,14
474,16
-1,14
9001,19
7962,15
3318,14
-1,16
-1,16
-1,15
-1,15
-1,15
-1,14
-1,16
-1,15
-1,16
-1,16
4372,14
-1,15
9319,16
-1,16
-1,15
-1,16
8236,16
2118,15
-1,16
878,17
-1,17
3218,16
9031,18
-1,15
-1,16
6250,15
8280,14
1746,15
-1,15
3122,16
289,15
-1,16
-1,15
3810,17
-1,16
8564,17
5007,15
-1,17
-1,15
9716,17
8329,16
-1,14
3694,14
8332,15
-1,15
2116,18
3440,15
-1,16
6558,16
-1,14
-1,14
-1,15
6632,16
-1,15
-1,15
1195,15
5173,16
-1,16
-1,14
1670,16
-1,14
-1,15
-1,14
-1,16
6874,15
-1,15
9009,16
4328,17
-1,16
-1,16
3367,16
4651,17
5773,16
4007,18
-1,15
-1,16
-1,16
-1,15
-1,16
6169,17
-1,14
1350,14
3216,15
2327,16
3241,15
-1,16
-1,15
-1,16
-1,16
-1,15
-1,16
4516,15
-1,16
-1,15
2326,15
9121,16
-1,15
-1,15
8914,18
-1,14
-1,15
-1,16
276,15
9831,16
1513,16
3581,17
-1,16
-1,15
-1,15
3659,16
-1,14
-1,16
3219,16
4669,19
5156,16
-1,16
4674,20
-1,15
-1,16
8134,16
5543,16
3600,16
-1,16
4833,16
2476,17
9204,17
4724,16
2195,16
-1,16
-1,17
-1,16
6016,16
-1,15
8764,16
3324,15
9821,16
2568,16
-1,15
2503,16
-1,15
-1,14
-1,15
-1,15
7428,15
9776,17
-1,16
7266,15
-1,15
3517,16
6321,15
845,15
5492,16
-1,16
2404,17
-1,15
2357,16
9971,17
-1,16
6862,14
-1,15
-1,16
6081,14
-1,16
7959,15
9818,15
-1,15
-1,16
3765,16
4412,16
-1,15
-1,17
2961,15
-1,15
1386,15
6464,16
583,17
390,16
5222,15
-1,15
2976,14
7776,15
-1,15
4459,16
9937,16
4909,15
-1,15
7674,15
-1,14
4765,17
-1,16
4778,15
-1,16
2361,16
7363,14
7540,15
4245,15
-1,15
-1,15
-1,17
5707,16
-1,16
6428,15
3415,15
-1,15
275,16
7038,15
5133,15
-1,14
3615,16
-1,15
-1,15
-1,15
9168,15
-1,15
8863,16
-1,15
2562,15
3298,15
8607,14
3496,15
2059,15
3402,16
-1,16
9436,16
-1,14
-1,14
-1,15
6535,15
7341,16
4657,15
-1,17
3859,17
3849,16
121,15
5876,15
8053,15
3411,15
6022,15
-1,15
-1,15
-1,15
-1,15
-1,15
4185,15
1135,16
3401,16
3535,17
8126,16
-1,16
-1,16
1820,16
5818,16
-1,15
-1,15
-1,17
1648,16
-1,15
443,14
7469,15
3349,16
-1,15
-1,15
3115,16
265,15
-1,14
-1,16
3218,15
-1,15
-1,15
-1,15
983,16
8857,15
-1,16
-1,16
-1,16
4464,15
4853,14
4946,16
-1,16
990,15
-1,16
-1,15
-1,14
7523,16
-1,15
-1,16
6806,16
9766,14
4741,15
-1,14
7875,17
5758,15
83,18
-1,16
3358,15
-1,15
2527,17
6198,16
-1,15
6564,15
-1,15
-1,15
-1,16
-1,15
6637,17
7566,17
-1,18
2212,15
5480,16
6407,16
-1,16
4796,17
8465,16
-1,14
6333,15
3245,15
7491,15
-1,17
9600,15
-1,15
7401,16
-1,15
2923,16
-1,16
1991,16
3027,14
-1,15
-1,14
-1,16
-1,15
6963,16
4963,16
-1,15
-1,15
5737,15
-1,15
-1,15
-1,16
8513,16
2989,17
-1,16
-1,16
-1,16
4399,15
7394,16
-1,16
6529,16
4407,18
-1,14
-1,15
7128,16
-1,15
-1,16
6150,17
-1,16
-1,16
-1,15
7879,15
-1,16
-1,14
838,16
8695,14
-1,15
3818,17
-1,16
-1,15
-1,14
-1,14
-1,15
3626,15
-1,15
-1,16
694,15
-1,17
8002,16
2031,16
1962,16
9993,16
2815,17
-1,16
3858,16
1032,17
-1,16
3911,17
-1,15
-1,15
-1,14
-1,15
-1,14
-1,15
2015,17
1593,16
-1,14
9083,15
8301,16
2092,16
509,16
1120,15
-1,15
2675,16
6687,16
467,15
9556,14
7996,15
-1,15
-1,15
6845,17
-1,17
8787,15
-1,15
-1,15
4347,15
-1,16
4179,17
6611,16
5151,16
1822,15
5725,15
1281,16
-1,16
-1,16
-1,15
-1,15
9665,15
4545,15
-1,15
5818,16
-1,15
-1,15
-1,16
3120,16
-1,15
7558,16
4311,16
9105,16
3216,15
-1,14
201,16
-1,15
-1,14
-1,16
-1,15
508,16
-1,15
-1,16
8120,16
-1,15
58,15
9211,14
-1,17
2735,15
6513,16
-1,15
-1,15
-1,15
4029,16
-1,16
-1,15
-1,16
-1,15
8832,16
9217,16
-1,15
-1,15
-1,16
-1,15
7532,15
-1,17
3651,15
5727,16
8297,15
-1,15
8739,16
-1,16
2895,16
-1,15
7394,15
-1,16
6964,15
3049,14
1276,15
-1,16
1705,15
-1,14
-1,15
-1,17
-1,16
-1,15
-1,16
8057,18
-1,15
-1,15
9941,16
-1,16
-1,15
-1,15
9831,17
-1,16
-1,16
-1,15
7851,15
6760,15
-1,16
-1,15
762,16
-1,14
5851,16
-1,17
-1,14
8765,15
-1,15
9409,14
-1,14
-1,15
6595,15
2312,18
6970,16
-1,15
-1,15
-1,14
502,17
4062,18
-1,15
2604,16
-1,15
4253,17
-1,16
-1,14
3471,16
-1,15
-1,15
-1,15
-1,15
-1,15
-1,14
2212,15
9197,15
-1,15
4048,16
-1,15
6439,15
-1,16
-1,14
-1,14
5858,15
-1,18
9201,16
8635,16
-1,15
3200,15
-1,14
1487,16
1159,16
485,14
9509,15
3976,15
6884,15
8696,16
-1,16
4222,16
348,17
9608,14
5002,15
6693,17
4225,16
-1,16
-1,15
5051,17
-1,16
2835,17
7764,15
-1,15
1234,17
-1,16
8660,16
-1,16
-1,14
-1,14
-1,15
8635,16
959,16
-1,15
6158,16
4387,16
3648,14
-1,16
-1,15
5905,16
-1,16
-1,15
5161,17
-1,15
-1,16
8243,15
-1,16
5829,16
-1,15
-1,16
-1,16
-1,15
5041,16
-1,15
4439,15
2432,16
5759,17
-1,15
-1,15
-1,15
6934,16
-1,14
-1,14
1121,16
4146,16
3035,16
6483,14
-1,15
-1,14
-1,17
-1,15
-1,15
-1,16
-1,15
-1,15
9660,16
-1,16
1,17
7744,16
5276,15
5088,15
1994,15
-1,16
-1,15
5601,16
9466,16
1452,16
-1,16
8618,15
6706,17
5620,15
2954,14
7279,17
-1,15
2222,15
4380,15
7967,15
-1,16
-1,16
-1,14
-1,15
817,16
861,16
2759,16
9119,16
380,18
-1,14
2844,17
5748,15
2533,15
3026,16
6197,16
-1,16
2022,17
-1,14
-1,15
-1,16
-1,15
2774,15
-1,15
-1,15
7579,16
-1,15
-1,14
-1,15
-1,14
-1,14
1783,16
2074,15
4441,16
9683,15
-1,15
6571,16
-1,15
1194,15
9476,15
-1,15
-1,15
2603,16
4859,17
1692,15
1268,15
7142,15
-1,16
4639,17
-1,14
-1,15
5760,16
5905,16
8477,17
-1,16
2229,15
9276,15
-1,15
7050,15
6534,16
8886,15
-1,15
-1,16
9908,15
1368,17
7512,15
-1,14
7474,15
-1,15
-1,15
3364,16
-1,16
8496,17
1880,16
6930,15
366,18
-1,16
5948,16
8845,16
-1,16
-1,15
2043,15
7631,15
-1,17
-1,15
-1,15
-1,16
-1,15
3974,16
7060,15
615,16
-1,15
1637,18
6054,15
3930,15
5168,16
8627,14
-1,16
-1,16
-1,15
-1,14
-1,15
8717,16
-1,16
3264,15
-1,15
2515,16
-1,15
-1,14
-1,15
-1,16
-1,15
942,17
9986,17
-1,15
-1,15
-1,16
-1,15
4796,17
-1,15
-1,15
6321,15
227,16
7567,15
-1,15
7903,14
9074,15
8792,15
1270,14
5804,17
4981,15
-1,16
7008,15
-1,14
3030,16
7486,15
807,16
612,16
-1,16
6580,16
9000,15
-1,15
-1,15
-1,15
7349,15
-1,16
-1,14
-1,15
-1,15
6803,16
7616,16
8765,16
9609,16
-1,16
-1,16
7094,15
3566,16
7791,16
-1,17
-1,17
-1,15
7006,16
5513,17
5028,15
-1,16
-1,14
3667,16
295,15
5048,18
3924,15
540,16
2005,15
4851,15
-1,15
-1,15
6975,15
-1,17
7510,15
-1,16
5458,17
9865,16
6964,17
-1,16
-1,17
4473,16
-1,15
3039,16
8591,15
-1,14
-1,16
7886,15
8627,16
-1,16
-1,16
3792,14
-1,17
1546,16
4284,15
-1,16
-1,16
-1,14
5994,15
3731,16
387,15
-1,17
-1,14
8149,15
-1,15
-1,14
-1,17
5420,16
8183,15
-1,14
8591,16
3219,16
-1,16
737,17
8133,16
-1,14
8850,15
3576,15
-1,16
3540,16
1112,14
706,16
-1,15
6083,16
1592,15
1937,15
8219,15
-1,14
3016,15
7352,16
292,16
-1,15
-1,16
8661,16
2762,16
-1,16
-1,15
-1,15
7458,15
49,15
9930,15
-1,15
9070,15
-1,14
1121,16
-1,15
-1,15
5882,16
-1,15
-1,16
3196,17
-1,15
4899,15
8262,16
-1,16
-1,14
4224,16
1252,16
-1,15
-1,14
7014,16
-1,14
8813,18
-1,15
4988,17
-1,16
1048,16
3560,16
-1,15
7472,16
-1,15
6109,15
-1,15
420,15
-1,14
5638,16
4593,16
-1,16
6945,16
458,15
-1,16
5715,15
-1,16
7981,16
-1,16
1562,16
-1,15
-1,16
-1,15
-1,17
4180,15
-1,15
233,17
1444,15
-1,15
5484,15
-1,14
-1,15
-1,15
9444,16
-1,17
6034,16
-1,15
-1,16
-1,14
-1,15
-1,15
-1,14
-1,15
4541,15
-1,15
2482,16
-1,15
-1,17
82,14
9880,17
-1,16
-1,15
1664,16
-1,15
-1,14
-1,16
-1,15
9329,15
-1,17
8002,15
-1,15
-1,15
8311,15
-1,15
-1,16
-1,16
7067,14
-1,15
1662,16
6292,15
-1,15
5131,15
5514,15
6082,16
8580,16
7773,16
-1,15
-1,16
-1,15
-1,16
4908,16
9819,16
6720,15
-1,15
9436,16
-1,15
3962,15
-1,15
7622,16
-1,15
-1,16
-1,15
3571,16
-1,14
4743,18
4581,16
-1,16
9163,15
8501,16
901,15
-1,16
2394,14
8316,18
-1,14
3310,16
-1,14
-1,15
8977,16
-1,16
4376,15
-1,16
-1,15
2194,16
4991,16
-1,15
5697,17
7138,15
8104,14
6239,15
8009,16
-1,15
3290,16
6616,18
-1,15
-1,16
6816,15
-1,15
7458,15
4306,17
-1,15
-1,15
3748,15
-1,15
-1,15
4389,16
-1,15
5462,15
5915,14
33,15
4648,17
3113,16
7237,16
-1,14
-1,15
-1,14
1930,16
-1,15
-1,15
-1,18
6357,15
-1,17
-1,15
9509,14
-1,15
9876,16
4723,15
-1,15
8538,17
1514,17
-1,15
5809,15
6725,15
-1,15
6544,16
9618,15
-1,15
3805,17
9614,15
2933,17
4242,16
-1,15
1640,15
1776,16
-1,15
-1,14
3600,15
-1,15
-1,15
512,15
6322,15
-1,14
-1,15
6499,16
8778,18
5621,16
-1,14
-1,14
9189,15
-1,15
-1,16
-1,15
6006,16
-1,15
4441,16
4914,16
-1,16
6878,15
-1,16
4361,17
-1,15
-1,17
-1,16
1856,15
7278,16
1258,17
-1,15
6305,15
-1,16
-1,17
7526,15
-1,16
8275,17
8557,16
761,16
4364,15
3663,16
8273,16
-1,16
-1,14
-1,16
4615,17
-1,17
384,15
7976,15
558,17
-1,16
7857,17
1702,14
-1,15
7436,16
985,16
1527,16
603,15
-1,16
6213,15
6126,16
2126,16
-1,14
2898,15
-1,15
9088,17
-1,15
3133,15
406,15
-1,14
-1,16
8864,17
2745,14
1648,17
2084,17
6833,17
6631,16
5934,16
3487,16
-1,14
-1,15
-1,15
3824,16
8826,15
9871,15
-1,15
-1,15
3999,15
-1,16
3935,15
6002,16
-1,16
-1,14
-1,14
4763,15
2377,14
-1,15
8391,15
6390,16
9854,15
8915,14
-1,16
-1,17
2810,16
1277,17
-1,15
4169,16
-1,15
3703,16
-1,16
6289,15
-1,15
9257,16
-1,16
6129,14
-1,16
1027,16
882,15
6725,16
-1,15
3661,15
-1,15
956,14
3929,16
-1,15
4345,15
-1,15
9223,16
3943,15
-1,17
-1,16
6167,16
9914,15
6160,15
-1,15
-1,15
-1,16
-1,15
1614,16
-1,15
8013,17
-1,15
-1,17
2458,16
-1,15
6732,15
6241,14
-1,16
1693,17
-1,15
6466,17
229,15
-1,15
-1,15
-1,15
-1,15
-1,16
-1,14
-1,15
-1,15
6395,16
-1,15
-1,14
-1,14
317,16
8203,16
3671,15
6445,16
1291,15
-1,14
290,15
7294,15
2631,15
1028,15
-1,16
-1,16
1720,16
-1,15
2445,17
-1,15
-1,16
9749,15
-1,15
2715,16
233,18
-1,16
-1,15
-1,14
9308,14
1403,17
5298,17
2499,15
7730,16
-1,14
-1,15
1534,17
9625,17
4297,14
-1,14
8595,15
-1,15
-1,16
-1,14
-1,15
-1,16
5210,16
-1,15
2421,17
-1,15
5027,16
-1,15
-1,16
3502,15
7068,16
4709,16
5765,16
-1,16
-1,17
8453,15
-1,14
-1,16
3356,15
-1,15
-1,15
-1,15
-1,14
-1,15
-1,17
7777,17
8312,15
6459,16
-1,16
-1,15
8099,15
-1,15
8309,15
-1,15
-1,15
-1,16
3413,16
-1,16
7509,16
-1,15
6380,15
2923,15
-1,17
-1,15
9107,15
-1,16
8607,15
-1,15
-1,15
1386,16
-1,15
9811,18
6726,15
-1,15
6134,16
-1,16
-1,15
-1,16
1962,16
9802,16
4068,16
2562,17
-1,13
-1,15
-1,15
6103,15
-1,15
-1,15
8516,16
-1,15
-1,15
-1,16
5651,16
-1,15
-1,15
-1,15
-1,15
-1,15
-1,15
-1,15
4900,16
6588,15
9922,16
-1,15
6846,14
9402,16
-1,16
9103,16
9526,17
-1,15
-1,15
-1,16
-1,16
-1,15
3963,16
-1,14
-1,15
2353,15
8534,17
3102,15
-1,16
2145,16
8590,15
1116,15
-1,15
-1,15
8055,15
1977,16
3967,16
6928,16
-1,15
-1,15
-1,14
4667,18
7384,16
-1,16
-1,16
1780,16
-1,16
-1,15
715,16
-1,16
2112,15
1606,16
9572,15
3331,17
579,16
4492,16
-1,15
2184,14
-1,16
-1,16
6521,15
-1,14
-1,15
-1,14
4898,15
-1,14
-1,16
-1,15
6757,16
-1,14
-1,16
9121,16
-1,16
-1,16
5213,17
-1,15
-1,15
803,15
-1,15
4999,14
-1,15
1726,17
3417,15
9704,16
8808,16
-1,14
626,16
617,17
-1,16
-1,15
9257,17
-1,16
-1,15
-1,16
8714,15
-1,18
4745,15
-1,17
-1,15
-1,15
-1,16
-1,15
-1,15
-1,14
-1,15
5421,15
-1,15
1899,15
-1,16
-1,16
-1,17
-1,16
9165,17
-1,16
-1,14
-1,15
5752,18
-1,17
6784,16
-1,15
9315,15
-1,15
-1,16
1349,15
-1,16
-1,15
-1,17
9871,16
-1,16
-1,15
198,15
6034,15
-1,15
9254,15
3120,16
-1,15
-1,14
7654,16
2410,15
-1,15
1362,15
7809,15
-1,16
9770,18
-1,15
6538,16
7537,16
-1,15
3057,16
5812,16
-1,16
-1,16
-1,15
5853,15
1936,16
9643,16
1683,16
8859,16
-1,15
1645,18
8271,15
6473,16
-1,17
-1,15
-1,16
3935,16
-1,16
5593,15
157,17
7485,15
7200,17
3531,16
-1,16
-1,14
5061,15
6712,15
-1,14
-1,15
4048,16
2438,15
8158,16
8286,15
7996,15
-1,15
7913,16
4586,16
7882,16
-1,16
1166,16
-1,15
2408,17
-1,15
1790,16
4740,15
9667,16
1652,14
1593,18
-1,16
8112,15
-1,14
-1,17
3686,14
-1,15
7337,17
8536,16
-1,15
-1,15
3863,16
-1,16
479,15
6699,15
120,17
2987,16
-1,15
-1,16
5703,16
-1,14
-1,16
-1,16
101,15
8809,17
2162,16
8903,16
2767,15
9708,15
-1,15
-1,16
-1,14
621,18
2798,16
-1,15
8556,15
-1,16
1838,14
-1,17
5222,15
9548,15
-1,15
9662,14
7351,15
-1,15
6152,16
-1,16
9753,17
5055,16
7767,15
6124,16
-1,15
-1,16
191,16
5525,15
1974,16
-1,15
1187,16
-1,15
4066,15
-1,16
4582,17
3145,16
-1,14
-1,15
4663,15
6821,18
5712,15
5579,16
784,15
-1,17
-1,15
-1,15
-1,15
2046,15
-1,15
-1,16
-1,16
-1,15
-1,15
8664,16
-1,14
-1,15
-1,16
9909,16
6334,15
-1,16
-1,16
7923,16
-1,15
-1,15
3805,16
-1,16
-1,16
2149,16
7143,16
800,17
-1,15
9992,16
3155,15
6470,16
-1,15
5133,16
7760,16
4279,16
7268,16
-1,17
5705,18
-1,15
1713,16
1307,16
7717,16
-1,15
1438,15
8287,15
6802,15
7422,17
4688,16
1070,17
4363,16
679,15
4621,15
356,17
5993,15
1390,16
3420,17
-1,15
8312,15
-1,16
-1,15
6317,15
5793,16
2803,15
6141,16
-1,16
3507,16
8316,16
8856,16
-1,15
3976,16
2267,18
4084,16
4775,16
535,15
2120,15
-1,15
-1,15
555,15
2075,15
-1,15
-1,14
-1,16
5431,14
-1,15
5329,16
-1,15
-1,15
3699,14
-1,15
-1,15
4367,15
8596,17
-1,14
6021,17
7880,15
-1,16
-1,15
8893,15
7369,16
5482,16
5956,15
3847,14
-1,15
-1,16
7024,16
-1,15
8492,16
-1,16
-1,15
2201,17
-1,16
-1,15
2649,16
-1,15
9634,15
-1,16
8206,15
8991,15
1838,17
4205,15
8728,15
-1,14
-1,16
-1,15
1989,16
5331,16
-1,15
5235,15
5320,16
2917,14
7755,15
-1,15
-1,15
-1,16
2301,16
-1,15
-1,15
-1,15
9883,16
-1,15
526,17
3108,16
-1,16
-1,15
-1,15
-1,15
-1,15
1254,17
-1,15
-1,15
2391,16
8942,16
6760,16
3293,15
2459,14
-1,15
-1,15
3931,16
3501,16
5896,15
-1,15
9046,15
8156,14
-1,16
3508,16
9029,15
2639,15
-1,16
-1,14
-1,15
-1,16
3259,15
3435,15
6200,16
-1,15
-1,16
4165,15
9003,15
5556,16
3718,15
761,15
3543,18
5691,17
-1,14
7677,15
3570,17
6448,17
8392,16
1644,16
8953,15
992,16
-1,16
4635,16
-1,15
6090,15
-1,15
4165,15
-1,15
3479,14
9984,15
-1,15
-1,16
4056,15
6806,15
-1,16
-1,16
-1,15
3952,16
-1,15
8857,15
-1,15
-1,14
-1,16
-1,14
7791,16
9015,16
8351,16
6318,16
4264,16
-1,16
7016,15
-1,15
3185,17
-1,16
-1,15
3879,15
-1,15
-1,15
6169,16
7463,17
8219,15
2256,16
-1,15
-1,16
455,16
-1,16
5690,15
227,15
-1,16
5790,16
-1,16
859,15
-1,14
126,15
4688,15
4108,17
-1,16
2436,15
-1,14
389,15
-1,15
3946,16
-1,16
-1,16
-1,15
8271,16
5307,15
7379,16
-1,15
-1,16
-1,16
-1,15
-1,15
3010,16
-1,16
-1,16
1464,15
-1,14
4410,16
165,15
-1,16
-1,15
2336,15
-1,16
-1,15
-1,15
5257,18
6496,15
8493,16
4376,15
-1,16
-1,15
-1,15
6534,16
-1,15
366,16
9458,16
79,15
-1,15
-1,15
1108,15
9232,16
5132,14
-1,16
5799,16
9068,15
-1,15
3026,16
-1,14
7755,15
7428,15
5467,16
-1,15
-1,15
-1,15
848,13
388,16
1800,17
-1,15
-1,15
-1,14
-1,15
-1,18
7530,15
9144,18
8292,14
1450,15
1596,15
-1,14
-1,16
-1,16
121,16
7903,17
-1,16
-1,16
3253,14
7812,17
6221,15
5003,15
-1,16
929,16
4487,15
7330,15
4337,14
-1,16
-1,15
-1,15
2942,15
6295,16
-1,15
-1,15
-1,14
-1,15
3425,15
1152,15
-1,15
2512,16
-1,15
-1,15
9045,17
-1,14
-1,15
7636,14
-1,15
1283,15
-1,15
-1,15
-1,15
-1,16
-1,16
2119,15
-1,16
-1,16
-1,15
-1,15
716,15
-1,16
8292,15
8464,16
-1,16
-1,15
-1,16
-1,15
5888,15
-1,16
-1,15
8368,15
2906,16
2625,17
4781,16
8423,15
-1,15
-1,17
-1,18
6539,15
5939,15
-1,16
5527,15
4618,16
5419,16
3236,15
-1,15
-1,15
-1,15
3130,15
-1,14
9400,17
-1,16
-1,15
6877,15
6416,15
7620,15
6818,15
8470,16
4282,15
-1,16
-1,16
8798,17
6174,16
-1,15
936,15
-1,16
-1,15
-1,16
8290,16
7310,16
337,16
-1,15
3725,15
-1,15
6289,14
5122,17
-1,17
657,16
-1,15
907,15
9490,16
-1,15
-1,16
4226,17
2512,16
7150,16
3482,16
-1,16
9143,16
2195,15
7879,14
-1,16
9952,15
-1,16
-1,15
2737,16
-1,15
6195,17
6511,14
5457,17
8863,16
-1,16
4530,16
-1,15
-1,16
2750,16
-1,17
-1,14
-1,16
9016,15
5079,17
-1,15
509,15
9201,14
-1,16
-1,17
436,18
-1,15
-1,15
-1,15
2251,15
-1,15
-1,16
-1,15
-1,16
-1,15
407,16
-1,16
2685,16
-1,17
-1,17
-1,16
1286,16
-1,15
2565,14
8346,15
4723,16
5224,17
2576,15
2888,16
1640,16
-1,15
-1,17
3340,16
8283,15
-1,15
9323,16
-1,15
9384,16
-1,15
2577,15
-1,15
-1,15
7123,16
-1,14
1248,16
9424,14
1747,18
-1,15
-1,15
-1,16
4509,16
8607,15
8923,17
3013,17
-1,16
7295,15
-1,16
3576,15
-1,15
-1,16
-1,15
-1,15
-1,15
8539,14
-1,15
1183,17
-1,15
2982,16
2915,16
4973,16
-1,15
-1,15
-1,14
-1,15
2189,17
-1,15
7957,15
8476,15
8865,17
7951,16
2786,17
8083,17
249,15
-1,15
-1,16
-1,14
-1,17
-1,15
4706,18
2889,15
3474,15
-1,16
7037,16
167,15
4203,16
-1,15
-1,14
7515,16
-1,15
-1,16
-1,15
9811,15
7020,14
9390,16
-1,16
2939,15
3824,16
5659,16
2532,17
-1,16
-1,15
1857,18
-1,17
-1,15
-1,14
-1,15
1961,15
1647,16
950,14
-1,16
234,16
-1,15
4822,17
1255,15
5200,15
-1,17
7683,16
1551,16
989,15
6527,15
-1,14
-1,14
7938,17
-1,16
-1,15
4053,16
-1,15
2209,15
4670,17
7259,15
-1,15
-1,16
5237,17
-1,16
-1,15
500,17
5386,15
9875,16
3449,17
9669,16
-1,14
-1,15
931,16
2235,16
-1,16
2118,15
-1,15
-1,16
639,16
796,18
-1,15
1850,16
-1,15
-1,15
4058,15
1479,16
-1,15
8833,15
-1,15
-1,15
-1,14
-1,17
5169,16
-1,15
-1,16
2125,17
3839,15
-1,16
897,15
-1,15
3183,16
-1,14
-1,16
7794,16
-1,15
-1,16
9024,15
-1,15
4930,17
-1,15
-1,15
-1,16
-1,14
-1,16
8033,15
4646,15
-1,15
6601,14
-1,15
-1,16
933,17
-1,16
-1,15
-1,15
2268,15
-1,15
4213,15
3819,16
-1,16
2964,16
9531,14
9112,18
8766,15
-1,15
7902,16
-1,15
-1,16
-1,15
7105,14
-1,15
-1,15
8028,17
-1,15
-1,16
2065,15
-1,16
257,15
-1,14
4585,16
-1,16
-1,15
-1,15
-1,14
6595,15
-1,15
7597,14
-1,15
5435,14
-1,15
-1,16
-1,15
-1,15
8078,16
-1,14
-1,16
-1,15
985,15
-1,15
-1,16
8427,15
-1,15
9893,15
-1,15
-1,16
1417,16
-1,15
3217,15
-1,14
3035,15
3595,16
1848,16
3107,17
8648,16
5392,15
2158,14
-1,15
-1,16
-1,15
2403,16
6413,15
-1,15
8876,17
1200,17
-1,16
-1,16
-1,15
-1,15
-1,16
5847,15
1376,15
-1,14
974,16
8626,16
-1,16
7159,16
-1,15
1308,16
-1,15
8140,15
-1,16
-1,15
5522,15
5392,16
-1,16
4458,16
2598,15
744,15
-1,15
2971,15
-1,17
4616,17
4721,15
4359,16
1408,16
6863,15
5805,17
9180,14
-1,15
8709,15
-1,14
6038,15
9755,17
7696,15
2577,15
4283,16
7213,15
5707,15
-1,16
-1,15
-1,16
-1,14
2941,15
-1,15
-1,15
6710,15
6813,15
-1,16
3202,16
-1,16
-1,15
-1,15
9880,16
4092,15
858,17
9690,15
1941,15
9807,15
-1,16
-1,16
-1,16
-1,15
5634,17
1857,15
3095,17
-1,16
-1,14
8069,16
9868,15
-1,15
-1,15
9658,17
-1,15
-1,15
-1,16
-1,14
-1,15
-1,16
-1,15
6521,16
9829,16
8190,16
3459,15
3502,15
2643,14
-1,15
-1,15
-1,15
-1,16
-1,15
9740,17
7797,17
7016,16
-1,14
-1,16
-1,14
6541,16
5055,16
-1,16
6289,14
-1,13
-1,16
-1,16
-1,16
-1,15
-1,15
-1,15
5656,16
-1,15
-1,16
-1,17
-1,14
-1,14
-1,15
-1,15
-1,15
-1,15
9431,17
25,15
-1,14
-1,15
9617,17
1066,15
-1,16
-1,16
9326,17
8315,16
7289,16
-1,14
707,17
-1,17
6966,15
2565,16
-1,15
2163,16
-1,16
-1,16
9425,16
3649,15
-1,16
-1,15
-1,16
9190,17
-1,15
-1,15
9765,16
3517,15
-1,16
-1,16
7226,14
-1,16
8382,15
5589,15
-1,16
-1,14
5818,16
2289,17
-1,15
-1,15
-1,15
-1,15
-1,15
-1,15
1163,14
-1,15
-1,16
3961,16
-1,15
1353,17
1207,15
6204,16
9993,17
1286,16
519,16
1558,15
-1,15
3730,15
-1,15
9364,15
-1,16
-1,15
6885,16
4483,15
2057,16
5285,15
-1,17
9684,16
9702,16
-1,14
-1,15
-1,18
-1,14
-1,15
-1,15
-1,15
-1,14
-1,14
-1,16
3027,18
3108,19
-1,15
-1,16
7999,16
-1,14
-1,14
-1,14
8917,14
887,15
8908,16
-1,15
-1,16
-1,15
-1,15
-1,16
-1,17
1273,16
2753,16
-1,16
-1,15
-1,14
7255,16
-1,14
-1,15
9957,17
692,15
1505,15
-1,14
-1,15
3324,17
2074,15
7246,17
-1,15
2488,16
6698,18
-1,15
-1,15
-1,15
-1,16
-1,15
7448,17
-1,14
9317,15
-1,15
1657,15
5780,16
-1,16
-1,16
-1,15
-1,15
-1,15
-1,15
-1,16
-1,16
-1,16
-1,15
4380,16
3456,14
-1,15
-1,15
9003,15
-1,15
7526,15
7011,14
-1,16
723,17
8582,14
-1,15
6478,15
5562,18
-1,16
-1,15
3034,17
-1,15
-1,15
6780,16
-1,15
1098,16
3270,15
-1,16
4175,16
6194,15
-1,16
-1,16
-1,14
-1,16
3278,15
-1,15
5821,14
5089,14
-1,15
4078,15
-1,16
5622,14
-1,15
9721,16
-1,16
4512,15
2499,17
-1,15
192,17
-1,16
-1,15
9803,15
-1,16
-1,15
-1,15
4028,15
-1,15
1418,15
-1,15
-1,16
3785,15
5636,16
5338,18
9932,16
7904,15
3635,15
6622,15
-1,14
2,15
-1,15
-1,15
-1,16
7645,15
-1,14
-1,15
-1,16
148,14
5533,15
-1,16
540,15
-1,15
9031,14
-1,15
-1,15
-1,17
7427,16
6511,15
5087,16
-1,15
5896,16
242,16
4267,17
1270,14
1434,16
-1,17
5159,17
4183,17
-1,15
3705,17
-1,15
-1,15
-1,16
8128,17
-1,15
-1,14
2116,15
-1,15
5347,15
-1,17
7822,15
-1,14
5558,16
-1,16
-1,16
-1,16
4306,15
-1,14
8138,17
-1,15
-1,15
-1,14
-1,16
4488,15
-1,15
4607,15
-1,16
2743,16
-1,15
-1,16
7133,16
3486,15
4489,15
4719,17
-1,16
-1,15
2900,16
-1,15
-1,15
5556,16
-1,15
6097,16
3683,15
-1,15
9004,14
-1,15
-1,15
6133,16
2089,16
-1,15
5355,16
-1,16
9388,16
5759,15
-1,15
3171,17
-1,16
-1,16
-1,16
-1,15
-1,16
2412,14
-1,15
811,16
9103,15
4560,17
4275,16
-1,15
2239,17
-1,15
-1,14
-1,16
-1,14
-1,15
6360,16
-1,15
5472,16
5477,15
8713,15
-1,16
-1,15
-1,15
-1,16
5087,17
9097,16
-1,15
1615,15
4896,17
-1,15
-1,14
-1,15
9814,17
597,15
-1,15
7376,15
-1,15
-1,14
9964,16
-1,16
7538,14
-1,16
-1,16
-1,16
2267,16
3361,16
8166,18
-1,15
-1,15
-1,15
9842,15
3102,15
1480,16
6611,16
2902,16
1125,15
-1,15
1120,15
-1,16
-1,16
-1,14
8000,16
958,16
-1,15
7081,16
2505,16
-1,16
-1,15
-1,15
4614,15
-1,16
842,17
7866,16
-1,16
8409,16
9751,15
-1,16
5343,15
-1,16
-1,15
-1,15
-1,16
3550,16
-1,15
8131,16
-1,15
-1,14
-1,14
-1,16
137,15
-1,15
-1,16
799,19
4138,15
4485,16
-1,15
862,14
-1,15
-1,16
-1,14
2400,16
6324,17
-1,14
-1,15
-1,15
-1,15
614,16
-1,15
-1,17
-1,15
-1,16
3471,16
-1,15
8499,16
-1,15
3003,16
9038,16
7338,15
3116,16
5137,16
-1,16
3010,16
1855,16
2931,18
6574,15
9211,15
9505,16
-1,15
5777,16
8696,16
-1,15
3034,16
7294,16
-1,15
4828,15
6736,15
9705,15
5710,16
-1,17
8407,16
-1,15
-1,15
8553,15
83,15
9758,15
-1,16
4292,15
-1,15
6874,17
8858,15
941,15
-1,17
8487,16
708,15
-1,15
4164,15
-1,14
-1,15
4477,15
-1,15
289,15
-1,16
7522,16
6635,16
-1,15
9138,14
-1,14
-1,15
-1,16
3619,17
-1,16
-1,16
6486,15
-1,15
-1,15
-1,16
-1,15
8768,16
503,15
9954,18
6879,15
-1,15
-1,15
-1,14
3004,16
-1,15
6754,17
3372,16
-1,15
4481,15
-1,15
-1,15
6544,15
-1,14
696,14
9860,17
-1,15
-1,15
70,16
-1,15
-1,17
775,16
5393,15
-1,15
1041,14
5822,16
4413,15
2376,17
-1,16
-1,17
7184,16
-1,16
-1,15
-1,15
-1,15
-1,15
-1,15
7123,16
8659,15
4265,16
2034,15
-1,14
-1,14
8874,17
5183,15
-1,16
-1,15
1584,16
-1,14
-1,15
438,15
3774,17
-1,15
8524,16
-1,15
7845,19
6208,16
8954,16
9974,15
-1,15
2816,15
8787,15
-1,14
-1,16
9358,16
17,18
-1,16
-1,15
-1,15
-1,16
8996,16
-1,15
4813,16
-1,16
-1,16
8120,16
-1,15
26,16
8328,16
-1,15
8375,17
8448,17
-1,15
5597,17
-1,15
6369,16
9968,15
-1,17
5487,17
3375,17
5593,17
8355,16
4807,16
-1,14
4013,15
4279,15
1353,16
-1,16
-1,16
3147,16
-1,14
9683,16
6009,16
9595,15
-1,15
6885,16
-1,15
-1,15
4426,19
3998,16
-1,16
-1,15
2818,16
-1,15
2075,15
-1,16
-1,18
-1,16
-1,15
3750,15
9932,15
-1,16
8775,15
7541,15
2930,18
-1,16
5323,16
2802,15
-1,15
220,15
4115,15
4635,16
-1,16
-1,14
-1,15
-1,15
585,17
8911,17
-1,16
-1,16
9636,16
-1,15
6870,16
-1,16
-1,16
6300,16
-1,16
4469,16
-1,15
-1,17
5563,14
-1,17
9262,17
6330,16
-1,18
-1,16
4071,15
-1,15
-1,14
-1,18
1738,14
2494,18
-1,15
9073,15
7054,16
1276,17
-1,16
-1,16
8152,17
-1,16
-1,16
-1,16
-1,15
8718,15
-1,16
-1,15
9008,16
4485,16
-1,16
-1,15
6617,15
7585,16
-1,15
-1,15
9383,14
6813,15
234,16
-1,16
-1,15
729,15
-1,16
9387,15
2472,16
3804,16
-1,17
3338,18
-1,14
-1,15
5503,15
-1,15
4396,16
7295,15
3217,15
-1,15
-1,14
8753,16
2994,14
7406,15
4243,15
1605,18
9487,15
-1,15
9011,16
6556,15
7803,17
9617,16
-1,15
8004,18
2893,15
7386,17
-1,16
-1,16
-1,15
-1,15
-1,15
1230,15
-1,15
9316,17
4284,16
-1,15
-1,16
-1,15
8575,14
8597,16
-1,16
9808,15
2900,16
9091,15
5630,16
-1,15
8643,15
-1,15
5981,15
-1,15
-1,15
-1,15
6376,15
3835,15
-1,15
2651,15
-1,14
-1,15
3364,14
3796,16
58,17
5968,15
4990,15
3724,16
157,17
-1,15
-1,14
-1,15
-1,15
1341,15
3633,16
-1,15
-1,16
5449,15
-1,15
-1,16
1561,15
-1,16
-1,16
369,15
1872,15
-1,16
681,16
-1,15
-1,15
8360,15
1991,16
-1,14
7629,16
-1,15
4588,16
-1,15
-1,16
-1,15
2941,17
4064,16
-1,15
-1,15
-1,16
-1,15
3842,15
-1,16
9957,16
-1,15
-1,15
-1,16
3353,16
-1,15
6988,14
5560,16
-1,16
8006,15
-1,16
-1,16
4988,15
7822,16
-1,16
8501,15
-1,15
-1,14
3648,14
-1,15
-1,16
-1,15
7567,15
-1,16
-1,17
-1,15
-1,16
-1,15
-1,16
2326,15
-1,14
8625,16
3084,15
-1,15
8869,16
-1,13
-1,15
702,14
3887,15
-1,16
7966,16
-1,17
-1,15
-1,15
812,15
6755,17
-1,16
-1,15
1617,15
9966,16
-1,15
2334,14
1297,17
-1,16
-1,15
-1,16
5455,15
-1,15
8840,16
8594,15
1957,16
4743,16
7884,15
4187,16
-1,15
-1,15
9248,16
9057,16
6050,17
111,16
8924,15
3873,17
7675,16
6322,15
8559,15
-1,16
9449,15
8385,15
-1,16
1075,16
-1,16
-1,16
7561,15
2318,17
7796,15
-1,17
8079,15
-1,15
1996,15
-1,15
3828,16
-1,14
7615,15
-1,15
-1,14
-1,15
9017,15
-1,16
-1,15
6976,15
2491,17
-1,16
3020,14
4183,16
-1,18
7006,16
9093,15
7423,15
4334,16
560,15
3265,17
4391,17
7444,15
-1,15
830,15
6666,15
-1,14
4175,15
722,16
-1,16
3512,15
-1,15
-1,15
-1,15
7555,16
3228,16
4784,17
942,17
7111,14
-1,14
6532,16
-1,16
-1,17
-1,15
-1,16
-1,16
6145,18
6853,15
-1,16
9523,16
-1,15
-1,15
-1,16
9939,16
-1,16
-1,15
1928,17
-1,15
-1,14
9596,15
5713,14
2485,17
279,15
5594,16
-1,17
-1,16
1370,16
4953,16
9591,15
-1,14
5360,15
613,16
8764,15
-1,15
5440,16
-1,15
2955,14
2976,16
-1,15
741,14
-1,15
2925,16
-1,16
1109,15
-1,15
3448,17
-1,17
-1,16
4328,15
-1,15
-1,15
8920,15
6769,18
2476,16
2505,18
7895,15
-1,14
-1,15
-1,16
1920,15
-1,14
1528,15
-1,16
-1,15
9605,15
8091,15
-1,16
-1,17
1299,16
5888,16
-1,15
7535,15
9451,15
8536,16
6308,15
-1,15
-1,15
-1,16
-1,15
750,16
329,15
1026,18
2480,14
-1,18
1541,15
3632,15
-1,15
-1,15
-1,15
6691,17
-1,15
3512,16
-1,16
-1,14
-1,16
4688,15
2348,18
6663,16
2397,17
8419,17
3626,15
-1,16
4354,17
5601,16
2351,16
-1,15
-1,15
2268,16
-1,17
9832,15
-1,16
8875,17
-1,15
-1,15
1273,17
7434,17
4648,16
-1,15
-1,15
6468,16
-1,15
6449,14
-1,15
4162,16
6648,16
8400,15
6938,16
1149,18
9209,17
-1,14
4735,16
4674,16
-1,15
-1,16
1750,15
-1,17
4075,15
-1,15
-1,16
-1,15
-1,15
4904,15
383,15
7780,15
4624,16
4508,16
3899,15
9856,16
7420,17
-1,16
-1,14
-1,15
-1,15
-1,14
-1,17
6283,16
2960,16
-1,17
8867,15
-1,16
-1,15
-1,15
-1,16
3841,17
6090,16
-1,16
8069,16
-1,15
4142,17
1655,15
-1,15
-1,15
7367,16
8872,16
-1,16
961,15
7576,15
5079,16
-1,15
-1,15
9834,16
3523,15
1910,15
-1,15
-1,14
930,16
5138,15
352,15
-1,15
5965,14
3969,14
-1,15
3997,15
7691,17
-1,17
-1,15
-1,15
-1,15
1819,17
7875,15
-1,17
-1,16
7091,15
-1,15
7895,16
6887,16
-1,16
3758,16
-1,16
-1,14
4938,15
6277,16
-1,15
54,17
3501,15
-1,14
-1,14
-1,16
-1,15
3208,16
-1,14
-1,15
809,15
-1,15
8330,17
-1,19
5220,15
-1,16
-1,15
4084,16
-1,14
-1,15
269,16
-1,16
-1,15
-1,14
1410,14
1773,15
4839,16
7540,15
-1,15
-1,16
6293,14
-1,15
3433,15
2355,16
3697,16
2457,17
-1,15
-1,15
-1,15
-1,15
-1,15
2116,16
7760,15
-1,15
7440,15
3834,17
3996,17
-1,15
4542,16
-1,15
-1,16
-1,16
2978,17
-1,14
8712,14
4983,16
-1,16
6124,17
-1,17
1342,15
-1,16
-1,14
-1,14
-1,15
1079,16
-1,15
7616,16
3707,18
-1,17
-1,15
-1,14
7323,17
7389,15
-1,14
-1,16
-1,16
-1,15
-1,16
19,17
-1,16
-1,15
3921,19
-1,17
7449,15
-1,16
3663,16
-1,15
5763,16
-1,16
5549,17
-1,16
1786,15
1684,17
-1,15
9825,17
8902,17
1119,16
3471,15
4486,16
-1,14
4334,15
8450,15
-1,15
-1,15
-1,16
-1,15
891,15
-1,16
-1,16
2247,15
2436,15
-1,14
-1,17
1840,16
1013,16
-1,16
4315,17
6724,15
5032,16
7623,18
8966,17
-1,16
-1,15
5806,16
2745,16
-1,15
-1,16
6049,15
1408,17
-1,16
2973,16
7883,17
-1,16
6857,17
-1,15
546,16
-1,15
-1,18
-1,16
-1,15
6785,16
6784,16
4785,14
-1,15
-1,16
-1,15
-1,14
-1,15
-1,16
-1,18
-1,15
3400,15
6302,17
4945,18
-1,16
-1,14
-1,14
-1,15
3648,16
-1,14
-1,15
-1,14
-1,17
-1,16
-1,15
-1,16
-1,16
-1,16
5620,15
228,15
2846,15
-1,16
-1,15
7758,18
-1,15
-1,15
7202,15
3926,15
-1,17
9788,14
-1,16
-1,15
-1,15
4473,15
-1,17
-1,15
2125,17
-1,15
7807,16
-1,15
6735,15
9117,16
-1,16
6805,17
6242,14
-1,16
-1,15
2170,15
-1,17
7576,16
8302,15
-1,15
4496,16
-1,15
-1,15
2693,17
4964,16
2603,14
6763,16
-1,14
5501,15
4637,16
7441,15
-1,16
-1,16
-1,15
-1,15
130,16
9255,16
-1,16
-1,15
685,15
8194,19
-1,15
4910,15
3176,17
7036,17
799,16
1455,15
9434,17
2918,15
5795,17
3843,15
1564,15
-1,16
7793,16
6458,15
1530,16
2171,17
-1,14
-1,15
-1,15
8192,15
8465,16
5971,18
-1,17
-1,15
8817,15
4767,15
2726,17
7525,15
-1,15
5922,17
9902,16
5689,16
-1,16
8595,16
3865,17
-1,15
1437,17
-1,15
9045,17
9091,16
1722,15
5310,15
-1,15
-1,16
-1,15
-1,15
-1,14
-1,15
5192,15
9323,15
-1,16
-1,15
7725,17
-1,14
7483,16
-1,17
3153,16
-1,16
-1,16
1055,15
3865,17
-1,15
4619,16
4932,15
-1,14
-1,15
-1,15
4473,16
-1,16
3629,18
9094,16
-1,15
1832,17
8761,14
-1,15
-1,14
-1,16
-1,16
-1,15
9453,16
-1,14
3738,17
-1,15
-1,15
-1,14
8082,16
6309,15
-1,14
-1,15
-1,15
-1,16
17,15
-1,16
972,16
-1,16
-1,15
262,15
1278,15
-1,15
-1,15
-1,16
-1,15
-1,16
1963,16
-1,16
-1,15
9160,16
-1,16
9507,16
-1,16
5360,16
5044,15
-1,16
3898,16
888,16
4784,14
6048,15
-1,15
3600,17
51,17
5484,15
1192,16
-1,15
5573,15
-1,15
-1,15
-1,15
-1,15
8329,15
-1,16
-1,14
1157,17
-1,14
6962,15
-1,15
9430,14
9561,16
6217,16
1954,16
6624,15
-1,15
-1,15
-1,14
9041,16
-1,16
-1,15
-1,14
2761,15
4054,17
-1,16
-1,15
-1,15
-1,15
1221,15
627,15
-1,16
-1,16
-1,16
4512,16
2873,15
6523,17
-1,16
7674,16
-1,15
-1,14
2780,15
-1,15
-1,16
-1,16
-1,15
7306,16
5311,15
9754,16
-1,15
-1,18
-1,15
-1,15
8904,16
2156,16
-1,14
2134,16
-1,14
-1,16
-1,15
7087,15
5214,15
7743,17
725,15
5528,16
6527,15
2617,16
-1,15
7332,16
-1,16
-1,15
4197,17
5007,15
2884,15
3556,17
8322,15
2514,17
6228,15
-1,16
8817,15
4012,16
-1,15
2744,15
8756,15
6569,16
-1,15
5677,16
4476,17
3964,15
-1,15
4495,17
-1,15
-1,15
-1,14
-1,15
5181,15
-1,15
-1,15
3379,15
2385,15
-1,16
5040,15
-1,15
-1,15
6028,17
1296,15
5533,16
3197,15
5499,15
3557,17
-1,15
-1,15
-1,15
9761,15
-1,15
8489,15
-1,17
-1,15
7607,16
4240,16
-1,15
-1,17
-1,15
1557,17
-1,15
3266,15
2692,15
4701,16
8770,15
-1,15
-1,16
6860,15
506,16
2350,18
-1,16
-1,16
-1,15
9345,16
3796,16
2934,17
1842,15
5043,16
-1,15
1302,17
6063,16
3406,17
9190,14
9211,16
-1,17
-1,14
5351,17
-1,15
-1,15
-1,14
-1,15
6636,17
3304,15
-1,15
-1,19
5110,16
-1,15
2259,15
-1,17
882,17
-1,15
9860,15
3301,15
2538,18
5099,15
3538,17
-1,15
3782,15
-1,15
5014,16
267,15
7052,15
7571,15
4022,16
-1,15
7032,16
-1,15
1121,19
2862,15
5768,15
3793,16
-1,16
-1,15
-1,16
7403,16
-1,15
7216,16
2275,15
-1,16
3347,15
-1,15
944,17
-1,15
-1,14
5057,15
-1,15
721,15
-1,15
2469,15
2359,15
-1,16
9736,15
1192,16
1382,16
-1,16
2317,15
881,17
-1,16
-1,14
2959,15
9052,17
-1,16
-1,16
-1,16
-1,14
4517,15
-1,15
8836,16
8836,15
2371,16
3159,16
-1,16
1512,18
-1,15
-1,15
3673,16
-1,15
5326,16
515,16
-1,14
-1,16
-1,15
1696,15
-1,14
-1,16
-1,14
1004,14
-1,15
59,15
2004,16
-1,16
3636,15
-1,15
-1,15
9642,15
-1,15
-1,14
9269,16
4864,15
5570,15
-1,16
4506,15
-1,14
8006,15
-1,16
-1,16
1169,17
6549,17
8004,15
-1,15
8800,15
-1,15
3699,16
8635,14
-1,16
4059,16
-1,15
3490,17
3068,16
-1,15
-1,16
5333,15
7480,17
9616,14
8786,16
1157,16
-1,14
-1,15
-1,15
-1,15
8400,15
-1,15
-1,15
-1,15
6526,16
2390,16
-1,15
-1,16
-1,15
-1,16
7428,16
-1,15
-1,14
8686,17
-1,17
-1,15
837,16
-1,15
6978,17
8807,16
4420,15
-1,14
-1,16
-1,15
-1,16
-1,16
-1,16
-1,15
6947,16
9473,15
-1,15
-1,15
-1,15
8429,15
-1,16
-1,15
-1,16
8182,16
2096,15
-1,15
7751,17
4345,15
6933,18
6372,15
-1,16
8618,17
-1,15
-1,16
6851,18
6326,17
3118,16
-1,15
4590,15
-1,18
-1,16
-1,15
-1,15
4176,18
1520,17
5722,16
5106,17
-1,17
-1,15
2667,14
-1,16
690,17
1953,16
3211,16
-1,16
-1,16
-1,15
6315,18
2225,17
7382,16
8662,16
-1,15
4302,14
-1,14
-1,15
-1,18
4384,16
-1,15
-1,16
8864,16
-1,15
5470,15
-1,15
-1,14
-1,16
-1,16
-1,15
530,17
-1,15
-1,15
-1,15
9910,15
-1,15
-1,16
-1,14
-1,14
9307,16
3560,14
-1,14
-1,15
-1,15
9332,17
-1,16
-1,15
-1,15
-1,16
8828,15
-1,16
2807,15
8104,16
-1,15
2379,15
5537,16
382,17
6468,17
-1,16
-1,15
5065,15
-1,15
-1,17
7170,15
-1,15
3792,14
-1,15
-1,15
4681,16
8656,15
1678,16
9528,15
8795,18
9331,17
-1,16
1126,18
-1,16
-1,14
-1,15
-1,16
7112,17
3113,15
-1,15
-1,16
9105,15
1283,15
2695,16
-1,16
-1,15
-1,16
-1,15
7001,15
-1,16
-1,15
-1,16
4364,16
-1,15
1273,16
-1,15
2571,16
5927,16
-1,15
8282,17
2151,14
7247,17
8338,17
-1,15
-1,15
-1,16
-1,17
-1,16
-1,15
-1,15
804,17
-1,15
-1,15
-1,15
5943,15
3642,15
3291,18
-1,15
995,15
2669,16
70,15
-1,15
9790,15
5725,15
-1,15
-1,16
-1,14
5827,17
6053,16
-1,15
-1,15
13,16
-1,15
5723,15
7345,16
8451,16
-1,14
4065,16
5789,17
-1,14
-1,15
865,15
-1,16
-1,15
3116,16
-1,16
-1,17
-1,15
-1,16
-1,15
-1,15
-1,15
3686,15
-1,16
-1,15
-1,16
4090,16
-1,15
-1,15
-1,15
-1,15
9616,15
-1,15
3055,17
-1,15
-1,15
-1,15
-1,15
-1,16
1379,15
4551,17
-1,16
-1,16
1959,17
-1,15
-1,16
8902,15
7389,15
-1,16
5171,16
-1,16
-1,15
-1,16
4053,15
3710,15
-1,15
8195,16
-1,15
3391,16
-1,14
2197,16
8247,16
-1,15
7831,17
-1,16
-1,16
-1,16
9176,16
-1,15
5847,16
-1,15
-1,17
9290,19
-1,15
9829,15
-1,15
9709,15
1243,17
-1,15
8680,15
5523,16
2900,16
1456,16
-1,14
-1,16
-1,16
6640,16
6606,17
-1,16
2630,16
-1,15
-1,15
-1,15
-1,14
2647,16
5229,16
-1,15
826,19
6863,16
4341,16
-1,16
4667,16
-1,16
-1,15
7567,16
9045,16
946,16
-1,17
6227,15
154,16
8364,17
-1,14
1210,15
1055,15
1569,16
-1,16
-1,15
-1,16
6475,16
-1,14
4317,18
9675,15
2841,16
6377,16
-1,15
-1,15
-1,14
3196,14
9209,17
925,15
-1,14
215,16
-1,14
-1,14
-1,18
-1,15
-1,16
-1,16
-1,15
-1,16
6155,16
8774,15
5719,17
9632,14
-1,15
3475,16
-1,16
-1,16
-1,15
3546,15
-1,16
-1,15
6014,17
-1,16
1477,16
29,16
6249,16
8492,16
7505,17
4721,16
-1,16
6504,16
2640,14
9812,16
-1,13
-1,14
6101,15
4696,15
7978,16
-1,15
-1,16
1716,18
-1,15
479,15
-1,16
-1,15
-1,16
-1,15
7344,15
-1,16
4976,16
3319,16
-1,14
-1,16
-1,15
3797,15
5701,16
2595,14
6917,18
-1,14
5688,17
-1,15
-1,15
-1,16
4753,16
1574,16
2847,15
8667,18
-1,16
5455,17
7537,15
-1,15
-1,15
-1,15
-1,16
4145,18
-1,15
-1,15
2296,16
-1,15
-1,16
1973,16
-1,14
4025,15
2499,15
-1,15
9602,18
-1,16
-1,14
-1,16
3918,14
718,16
-1,15
5992,16
-1,14
3548,17
-1,15
3209,14
-1,15
8193,16
6702,17
2278,16
2161,16
9706,15
7731,15
2604,17
8867,16
-1,16
3922,18
8655,16
-1,15
1057,14
9850,16
1600,17
5898,15
-1,15
1935,16
-1,15
9820,16
6342,16
-1,15
-1,16
7061,15
-1,14
7071,15
6317,16
-1,16
-1,16
-1,14
-1,16
-1,17
-1,15
9886,15
817,16
5820,17
6428,15
7404,17
-1,14
9300,17
-1,15
484,15
-1,15
-1,15
-1,16
4305,17
7341,17
2984,17
2485,19
687,17
-1,13
1427,16
-1,14
1498,17
-1,15
9221,17
-1,14
-1,16
-1,15
1603,16
7781,15
8479,15
1127,16
2009,15
8079,15
8532,14
-1,16
-1,17
9040,15
4446,14
9771,15
-1,15
4306,17
1452,16
-1,14
2235,15
7935,17
4975,17
1462,16
-1,16
9943,15
9383,16
5394,15
3210,17
-1,15
9818,16
4210,15
4778,16
4396,16
-1,15
-1,15
-1,15
-1,15
-1,16
5106,16
999,16
-1,16
-1,15
-1,15
-1,15
9868,16
-1,15
-1,15
-1,16
5374,17
-1,16
-1,15
-1,15
-1,15
4562,16
-1,14
412,15
187,16
-1,15
-1,14
7559,16
1802,16
-1,16
-1,14
1575,15
9196,16
-1,15
9267,15
6295,15
-1,14
9111,16
6417,16
-1,15
6731,16
2352,16
695,16
8447,17
4504,15
-1,15
6884,16
392,15
8389,15
-1,15
7860,16
-1,15
3276,16
-1,15
-1,16
2887,16
-1,15
8792,15
1989,16
4812,15
-1,15
1643,16
-1,15
-1,16
-1,15
-1,14
532,16
-1,15
8855,16
7561,16
7644,14
950,15
487,16
2826,16
8024,15
-1,16
-1,16
-1,15
890,15
9430,15
9163,15
5376,15
5611,16
153,18
488,15
-1,14
718,15
753,16
1513,16
8237,15
2481,17
-1,15
-1,15
9995,15
-1,14
-1,15
-1,16
470,15
-1,15
-1,15
-1,14
5000,16
-1,14
-1,16
-1,16
-1,15
4196,16
6523,15
-1,16
-1,15
-1,16
-1,15
9517,16
-1,15
-1,15
-1,15
6295,15
-1,16
-1,16
-1,16
-1,15
6357,15
-1,15
6733,17
-1,15
6679,16
-1,17
-1,15
9734,16
-1,16
-1,15
-1,15
-1,16
-1,14
7942,16
1256,15
-1,15
-1,15
-1,15
2727,17
3901,16
5082,15
-1,15
-1,15
8844,15
429,17
-1,15
9763,15
-1,15
1118,15
2441,15
-1,16
9591,15
-1,15
-1,15
6578,15
3124,17
-1,16
-1,16
901,15
5160,16
-1,15
5324,16
4397,15
-1,16
-1,14
-1,16
2917,14
-1,14
-1,15
-1,17
2286,17
-1,15
7412,16
85,17
-1,14
8926,17
-1,15
-1,15
-1,15
-1,14
7832,17
5404,16
2648,17
-1,15
3806,15
-1,15
-1,16
-1,16
5300,15
-1,15
-1,16
8165,15
-1,16
-1,15
4298,15
-1,15
2441,15
1353,15
1367,16
-1,17
3148,15
1647,15
-1,15
-1,15
7567,17
-1,16
8473,19
3308,16
2271,16
5299,16
959,15
5005,16
-1,16
-1,16
7590,17
-1,15
-1,15
2006,16
210,16
-1,15
-1,14
-1,14
-1,15
-1,16
-1,15
2859,15
-1,15
-1,15
-1,16
8167,17
-1,14
-1,15
-1,14
2883,15
5192,16
5423,15
-1,15
-1,15
9469,17
5727,15
-1,16
-1,15
-1,14
4342,15
-1,15
8788,18
7170,17
5166,16
-1,15
5129,14
-1,15
-1,15
5990,16
8789,14
1313,17
-1,15
4487,16
-1,17
3482,15
6104,15
-1,16
-1,16
-1,15
-1,15
9388,15
8042,16
-1,15
-1,14
-1,16
9886,15
9000,15
-1,16
7396,15
2744,15
-1,15
6959,15
-1,15
-1,15
4376,15
-1,15
9850,17
-1,15
-1,16
5737,17
-1,15
7697,15
-1,15
6742,15
2943,16
7825,16
-1,15
7448,17
9700,15
-1,16
-1,15
5905,15
-1,17
-1,16
8745,17
2022,17
8948,15
4272,16
2681,16
-1,16
5288,18
-1,15
8855,16
-1,15
-1,15
5702,16
-1,13
8735,15
-1,18
5278,15
-1,16
6920,15
-1,15
2458,17
-1,18
2661,15
4144,15
-1,16
3807,15
2807,15
-1,16
8021,16
846,14
-1,14
-1,14
-1,16
-1,14
-1,16
8809,16
-1,15
-1,16
-1,14
4609,15
8149,15
3564,15
9481,15
-1,16
-1,14
4142,17
1450,16
-1,16
7293,16
-1,15
6515,17
8460,17
3589,16
9539,15
-1,15
9149,16
212,17
1450,16
9728,15
-1,16
-1,16
1849,14
1325,15
4807,16
3281,16
-1,15
-1,15
-1,16
784,16
-1,15
-1,14
6247,16
-1,16
-1,15
9683,17
105,17
1350,15
4388,15
-1,16
1270,16
7779,15
-1,16
-1,16
4085,16
-1,16
-1,16
-1,15
9868,16
419,16
-1,15
-1,14
-1,14
8969,15
-1,16
9975,15
-1,15
5181,15
2328,18
4023,15
-1,15
-1,15
5688,16
6289,15
-1,16
-1,16
-1,15
3834,16
4424,15
6809,17
-1,15
5589,15
9538,15
322,16
-1,16
-1,16
9820,15
-1,15
4714,18
-1,16
9468,15
7947,14
8681,16
-1,16
9385,16
-1,15
-1,15
-1,16
-1,15
-1,15
5391,16
2001,15
4953,17
3398,16
4834,16
-1,15
9889,16
-1,16
5337,14
-1,15
-1,15
4921,17
1651,17
5783,17
4190,16
-1,17
8166,18
9459,15
-1,15
9784,16
-1,15
3892,17
-1,15
-1,16
8057,17
-1,16
-1,14
-1,15
-1,16
4391,15
-1,15
2178,16
-1,15
8336,17
748,15
1287,15
3050,16
-1,15
7294,15
-1,16
3046,16
4872,18
5349,15
7697,15
8617,17
1268,15
9634,15
-1,15
-1,18
-1,17
-1,15
5573,17
-1,15
-1,16
-1,15
-1,15
-1,16
-1,15
8327,16
4705,15
-1,16
-1,16
-1,15
7491,14
-1,14
-1,15
8057,16
2987,15
5634,16
9397,17
9627,15
-1,15
-1,15
-1,16
6734,16
8810,15
583,15
-1,15
-1,14
3731,16
-1,15
-1,14
-1,15
6344,17
6286,15
3592,16
-1,14
-1,16
-1,15
-1,15
6911,16
-1,15
-1,18
-1,15
-1,16
-1,16
-1,16
-1,16
-1,15
-1,16
8695,15
2473,16
5483,18
-1,14
5299,16
5158,17
5359,15
7287,17
-1,15
-1,16
253,16
8818,15
7456,16
3291,16
-1,15
9710,15
1218,15
-1,17
3421,16
-1,15
1778,16
4152,15
-1,15
4256,16
-1,15
-1,16
1769,16
-1,16
-1,15
-1,16
-1,15
-1,17
-1,15
-1,16
274,15
-1,16
-1,15
-1,17
5475,16
4532,15
1994,15
-1,16
4189,16
-1,15
-1,15
8292,16
2209,16
-1,16
6370,16
4733,14
8074,14
-1,16
-1,14
-1,15
-1,16
-1,15
-1,15
8599,16
9700,17
-1,15
1293,17
4368,16
1295,15
2329,16
6851,16
7486,15
2889,14
4982,16
4295,16
1789,14
1641,15
-1,14
6001,16
-1,17
4898,17
-1,16
3768,17
-1,16
3595,16
8648,16
9295,15
-1,16
-1,16
5138,16
1864,15
-1,14
8529,15
4762,15
-1,15
-1,15
-1,15
595,16
2277,15
-1,15
-1,15
-1,16
-1,16
4820,16
9404,15
-1,15
9445,16
59,16
4501,17
5949,17
-1,15
4925,16
-1,18
-1,15
8556,16
-1,14
3331,15
3398,15
-1,16
-1,16
-1,15
9666,15
-1,16
9178,16
-1,15
451,16
392,16
991,15
-1,16
7459,16
9982,15
-1,16
-1,15
-1,15
1268,17
-1,15
-1,15
1428,16
-1,16
-1,15
-1,15
1127,15
6408,16
1337,16
9104,15
5999,18
-1,16
3941,15
-1,18
-1,14
-1,15
4999,14
-1,16
-1,16
8431,16
444,15
5438,17
-1,16
-1,16
-1,16
-1,16
-1,13
4302,18
3348,16
7060,17
-1,14
1099,17
4115,18
-1,15
-1,15
-1,15
5554,16
101,18
-1,15
-1,15
9208,17
-1,14
1243,15
2178,15
2795,16
5689,16
-1,17
9689,16
5323,17
1020,15
-1,15
-1,15
3769,16
-1,14
7407,15
8705,15
6831,15
3973,15
-1,15
-1,16
-1,15
2809,16
-1,15
3485,17
-1,14
-1,15
-1,15
4304,16
-1,16
5337,14
-1,16
-1,15
-1,15
-1,17
-1,16
-1,15
-1,15
8653,16
5684,17
325,16
-1,15
-1,14
8297,17
7684,17
-1,14
4083,16
9023,17
-1,15
9441,15
3161,17
-1,18
-1,15
1012,18
-1,16
-1,16
-1,15
6510,17
4811,14
239,15
9576,15
-1,15
-1,15
-1,14
-1,16
-1,15
1008,16
828,17
6466,16
929,18
6276,15
359,16
-1,16
-1,15
-1,15
-1,14
9632,15
-1,15
686,16
-1,15
-1,15
6470,17
-1,16
-1,14
-1,15
3963,15
-1,15
-1,15
-1,14
5257,18
6006,16
-1,17
6294,17
-1,14
-1,15
-1,14
2961,15
6870,15
-1,16
-1,16
2769,17
-1,14
7915,17
5587,14
8206,16
7637,16
-1,14
-1,15
-1,16
9709,15
-1,16
-1,15
-1,17
-1,17
8248,15
-1,16
-1,16
200,16
-1,15
-1,14
6961,16
-1,16
1543,15
4078,16
-1,15
7754,16
-1,14
6219,16
1712,16
-1,15
-1,16
-1,16
-1,14
8800,16
5368,16
8135,16
-1,14
-1,16
-1,14
-1,15
8956,16
-1,15
-1,15
-1,15
8252,15
6736,15
-1,15
-1,16
-1,15
8498,15
-1,15
-1,15
-1,16
-1,15
-1,15
1090,15
-1,15
535,16
-1,15
8037,16
3587,16
-1,15
1624,15
5323,17
-1,15
8334,17
-1,16
-1,15
6740,14
-1,15
-1,15
-1,16
4065,18
5653,16
-1,15
-1,16
5594,17
1418,16
3679,17
-1,15
-1,16
5458,15
-1,15
-1,14
7277,15
1107,16
3967,16
-1,16
9216,16
-1,16
-1,16
131,17
-1,14
3860,15
-1,16
-1,16
-1,16
7476,16
3980,17
7490,16
-1,15
-1,15
-1,16
8828,17
4346,15
-1,16
3722,17
1484,15
1665,16
2263,15
2433,16
-1,16
4792,16
-1,15
-1,16
3347,16
5463,16
2280,15
7844,15
-1,16
3247,17
7150,15
509,16
-1,16
-1,16
6543,14
-1,16
9624,15
157,15
3324,15
-1,16
-1,15
4631,17
-1,15
5511,16
-1,16
3417,15
7684,15
8580,15
9968,15
2279,16
-1,16
-1,15
8434,16
-1,16
5583,16
-1,15
2375,17
4819,15
-1,15
-1,15
-1,14
-1,15
-1,15
-1,15
4900,15
4060,16
3296,16
2658,16
8133,15
5042,17
7808,18
-1,16
-1,15
6053,16
539,17
-1,15
-1,17
3590,17
-1,14
-1,15
-1,18
8143,16
1588,18
-1,16
-1,16
-1,14
4175,15
-1,15
-1,15
5742,17
-1,15
1502,16
7036,16
19,17
7321,14
6119,16
-1,16
-1,16
-1,15
5736,16
-1,15
-1,15
1348,15
-1,15
-1,14
-1,16
-1,15
-1,15
545,17
-1,15
-1,15
-1,15
3098,18
-1,15
1000,16
-1,15
-1,16
1828,14
-1,14
-1,15
7354,15
21,17
6564,17
-1,17
4288,15
5626,15
-1,15
7229,15
-1,16
1056,16
-1,15
-1,15
-1,15
4437,15
6892,20
7860,16
-1,14
7482,17
7952,15
8536,17
8412,16
109,16
969,17
-1,15
-1,15
4882,15
-1,15
-1,15
-1,14
5661,17
-1,16
-1,15
732,17
3821,16
-1,15
-1,15
1832,16
5521,16
4048,16
5972,15
10,17
-1,15
-1,16
-1,16
-1,15
295,16
-1,15
-1,15
717,16
-1,15
-1,15
-1,14
7159,16
3961,16
6650,17
5253,16
1261,16
1417,15
4779,18
-1,15
6852,14
-1,15
8834,16
43,15
6866,16
4793,16
-1,17
8739,16
-1,17
-1,14
2181,16
-1,15
-1,15
-1,15
7280,17
9461,16
-1,15
8433,16
-1,16
3621,16
-1,15
7354,16
4051,16
-1,15
-1,15
-1,15
-1,15
9866,15
-1,17
-1,15
9058,15
-1,16
773,16
-1,14
-1,15
2337,15
822,15
-1,17
-1,14
-1,14
1042,15
4276,15
-1,15
-1,15
-1,15
8989,15
6945,15
8553,16
-1,15
-1,16
355,15
-1,14
-1,15
-1,15
7161,16
3931,16
-1,14
-1,16
1454,17
7220,15
4640,15
-1,15
3242,16
-1,17
-1,15
9304,15
5968,15
621,16
9789,16
4769,17
-1,16
8816,16
8988,18
-1,16
2474,15
3528,17
492,15
7126,15
5258,15
40,16
-1,15
29,15
-1,15
7563,16
-1,15
791,17
1832,16
-1,14
5847,19
1344,15
5430,14
9981,15
2226,17
2151,17
-1,15
3638,15
7158,15
-1,15
-1,14
7334,15
-1,15
5249,16
3405,15
5180,16
-1,15
-1,17
-1,15
6434,15
5298,15
3139,17
8083,16
9368,14
-1,15
-1,15
3414,16
8000,16
-1,16
-1,18
-1,16
7597,16
-1,15
-1,16
-1,15
-1,15
1940,16
-1,15
-1,15
3543,16
2228,16
-1,16
5601,17
351,15
-1,15
-1,15
-1,15
-1,16
-1,14
2485,17
-1,17
1605,17
-1,16
9607,16
8194,16
-1,16
1681,15
-1,16
-1,17
3874,15
2336,16
5586,16
-1,15
-1,16
-1,15
5771,16
-1,15
-1,14
-1,15
2279,18
-1,16
263,15
-1,14
-1,16
2126,15
8341,16
-1,14
-1,15
6599,16
-1,16
-1,15
2538,16
4339,14
-1,15
7724,16
-1,15
-1,15
2764,18
4076,16
-1,15
333,17
6657,17
7099,16
-1,15
1259,16
7773,14
45,16
8038,15
-1,15
326,17
4910,15
-1,15
-1,16
8583,17
2906,15
291,15
-1,15
-1,15
-1,14
7061,15
2831,16
4135,14
7028,15
-1,15
-1,16
-1,17
401,14
-1,15
-1,15
-1,15
-1,15
-1,15
1045,16
3917,15
4342,18
-1,16
-1,15
-1,16
-1,15
3380,15
-1,15
-1,17
1810,15
7001,14
2444,16
9590,16
-1,15
4016,17
-1,16
-1,16
-1,15
-1,16
-1,15
-1,15
4061,16
-1,17
-1,15
1916,16
6224,16
5946,14
-1,16
1627,15
2849,16
-1,15
-1,16
2106,15
6047,16
-1,14
-1,15
-1,16
-1,14
-1,17
-1,16
2291,15
-1,16
-1,15
2267,16
-1,14
-1,15
-1,15
3842,16
-1,15
-1,17
-1,17
-1,15
-1,17
99,17
9021,16
611,15
9698,16
8924,15
-1,16
7521,16
1699,16
6697,16
-1,15
1622,17
6454,15
4,16
-1,15
-1,16
7798,16
-1,16
-1,15
4530,15
2374,15
-1,16
4035,15
-1,15
6047,16
6163,15
9845,15
3649,15
1869,16
-1,15
-1,16
-1,16
6852,14
3230,14
-1,16
2440,16
-1,16
659,18
8879,17
-1,16
6685,15
5579,15
-1,15
-1,15
614,15
9422,15
2593,18
618,14
-1,15
6890,17
5616,16
4205,16
-1,14
6475,15
-1,16
-1,16
3103,16
-1,15
-1,15
-1,15
-1,15
1517,17
3057,17
682,15
-1,15
-1,15
-1,14
-1,14
5756,15
3836,15
4822,16
5137,17
8820,17
-1,16
-1,16
-1,14
-1,15
1752,15
-1,15
-1,15
8408,15
-1,15
9280,17
-1,15
-1,16
-1,15
5251,15
4024,16
-1,15
2093,15
8949,16
-1,14
2424,16
-1,15
-1,15
-1,15
6921,15
3455,16
8859,15
-1,14
-1,15
8949,17
7883,16
9996,15
1090,15
-1,15
6392,15
-1,15
-1,14
-1,15
4940,16
-1,16
7064,16
4551,17
-1,14
-1,16
-1,14
5707,15
8057,16
-1,16
-1,16
-1,15
-1,14
6680,17
-1,16
5150,14
4187,16
-1,17
-1,15
-1,16
2642,15
-1,15
4655,16
-1,16
-1,15
-1,15
-1,15
-1,15
7425,17
981,17
7973,15
6114,15
6149,16
3206,15
-1,15
8511,15
-1,15
-1,16
-1,15
1350,18
-1,15
2513,16
-1,15
2976,16
-1,15
-1,15
-1,16
9979,15
651,16
-1,14
5612,17
-1,16
4711,14
-1,17
5756,16
-1,16
9894,17
-1,15
-1,17
9371,16
-1,15
108,17
423,14
-1,15
-1,15
-1,14
745,17
-1,14
-1,15
-1,15
-1,15
5172,16
-1,16
-1,14
8603,17
-1,15
5239,15
3403,16
-1,15
6714,15
-1,15
-1,15
812,16
1601,15
5472,16
3353,15
5751,15
287,16
-1,16
6980,15
1315,15
8776,15
2164,16
8335,14
-1,17
2876,15
5172,16
3693,16
-1,16
8524,17
-1,15
-1,16
-1,15
1762,17
6848,16
-1,15
-1,15
-1,15
2687,14
-1,14
-1,15
5718,16
-1,15
-1,15
-1,16
3388,16
7858,15
3398,16
7012,15
-1,15
-1,16
7794,15
3785,15
-1,14
7509,15
190,18
-1,16
1361,16
9364,15
4800,15
4577,17
4685,17
1607,15
4499,15
7813,16
-1,16
-1,15
8699,17
-1,15
-1,15
-1,15
1484,15
7361,14
-1,14
460,17
-1,15
4419,15
4451,14
-1,15
3473,15
-1,16
9074,16
-1,15
9724,16
-1,16
229,17
7675,16
8391,16
-1,15
-1,14
-1,16
7031,16
-1,16
-1,15
5481,16
1532,16
-1,15
-1,14
-1,15
-1,14
1280,16
-1,16
-1,15
3697,14
3521,16
-1,14
-1,15
3688,15
-1,16
2324,19
-1,17
9366,16
-1,16
-1,14
-1,15
7578,17
6729,16
-1,14
9915,15
-1,15
6170,16
-1,16
-1,16
-1,14
6888,15
6447,15
-1,15
1546,17
-1,16
-1,15
3734,15
-1,15
6199,16
-1,15
-1,15
196,15
5167,15
5938,16
-1,15
2486,16
3115,15
-1,16
-1,15
2499,15
-1,16
-1,15
1835,16
7002,16
-1,15
1121,16
8839,15
6542,16
-1,15
6660,15
6418,18
-1,15
-1,16
6441,16
-1,15
6920,15
-1,16
-1,16
705,15
4127,16
-1,15
1714,15
-1,15
841,17
9052,16
9300,17
-1,16
9698,16
6828,18
-1,16
-1,17
2390,17
4378,18
-1,15
6380,17
-1,15
-1,15
3990,17
-1,15
9293,16
6185,14
4819,15
6063,16
-1,16
-1,15
1696,16
-1,16
-1,16
-1,18
-1,14
-1,16
-1,15
-1,15
5345,17
-1,16
-1,16
5920,17
-1,15
-1,16
-1,15
1756,15
-1,15
9631,18
-1,15
8394,16
-1,15
331,16
-1,14
5669,15
-1,14
-1,15
770,17
7474,15
-1,16
-1,15
-1,15
-1,15
2954,17
-1,15
7192,16
-1,16
-1,16
2988,16
2275,16
4622,15
-1,14
4550,16
-1,15
-1,16
756,17
-1,15
6938,16
-1,16
9566,18
-1,16
-1,16
-1,15
-1,15
5256,14
801,15
-1,16
776,16
-1,15
8501,15
8649,15
-1,16
-1,14
-1,18
3758,16
-1,15
258,16
-1,14
-1,15
1884,16
1325,15
9397,16
-1,15
8705,16
9136,15
-1,14
1448,16
-1,15
5086,17
83,16
-1,14
4369,17
9876,16
5609,17
7945,16
1599,15
-1,15
-1,16
-1,15
8238,16
-1,15
2736,16
-1,15
311,16
-1,15
-1,15
-1,14
9379,16
4333,16
-1,16
5406,17
-1,15
-1,16
6430,16
-1,15
-1,15
6576,16
-1,15
7334,15
6763,16
-1,16
4785,15
101,16
-1,16
-1,16
293,15
-1,15
-1,16
3704,15
6894,14
-1,15
1108,16
-1,16
-1,15
5101,17
-1,15
6045,16
4503,14
-1,16
9835,16
-1,16
5786,15
-1,15
2114,16
-1,15
-1,15
9735,17
-1,15
1930,15
596,14
-1,15
2516,17
-1,17
7524,15
8890,15
-1,14
512,16
-1,15
5572,16
-1,15
-1,15
5694,16
-1,14
-1,15
-1,16
-1,14
4950,16
-1,15
1365,15
-1,15
2333,16
828,16
4214,16
-1,16
8302,16
6014,15
-1,16
7901,17
-1,15
-1,16
5427,16
-1,15
3653,16
461,16
-1,15
3062,15
-1,14
-1,15
9773,15
8377,17
5324,16
-1,16
-1,15
-1,17
-1,15
-1,16
3501,17
7645,15
3031,18
7006,16
5780,18
4258,15
7242,16
-1,15
9326,16
7706,15
-1,16
624,15
-1,15
-1,16
1079,15
2648,15
2519,16
-1,15
7310,15
5694,16
-1,17
3262,16
-1,14
-1,14
1457,17
2209,18
9955,17
-1,15
8754,16
7604,15
2678,15
7035,16
8101,15
4819,16
-1,16
3229,17
2785,16
-1,15
8976,15
-1,16
6146,16
8451,15
4316,16
-1,16
-1,15
-1,16
-1,15
4396,16
-1,16
-1,15
4469,15
9700,16
-1,17
-1,15
-1,15
8556,15
9340,16
4245,15
4341,16
5285,16
3195,15
6947,15
-1,15
1298,16
-1,16
2338,15
9488,15
2336,16
3689,16
-1,15
-1,15
-1,16
-1,15
6998,16
8742,15
-1,17
3424,15
4529,18
-1,14
-1,16
-1,15
3869,14
-1,14
2331,15
-1,17
-1,15
3567,15
678,14
6978,16
3099,17
3572,16
7474,16
9715,14
-1,16
7477,16
-1,15
3322,16
-1,14
-1,16
4763,15
-1,17
-1,16
8035,15
-1,15
-1,15
-1,16
-1,14
-1,15
-1,16
756,17
2137,17
3969,17
-1,15
-1,14
4776,16
-1,14
-1,15
-1,15
-1,16
-1,14
994,14
4273,14
-1,16
6264,16
3511,15
8042,16
8967,15
-1,15
3350,15
-1,15
8353,15
8168,16
-1,16
2436,16
-1,17
-1,14
-1,15
956,15
8131,17
-1,15
-1,15
-1,15
832,15
-1,16
-1,14
1930,16
-1,15
-1,16
-1,16
2111,17
-1,15
-1,15
-1,16
5348,15
2337,16
760,16
4361,17
-1,14
5990,16
713,16
-1,16
5929,16
7207,15
-1,15
-1,15
-1,16
-1,14
-1,14
-1,16
-1,16
4702,15
3330,15
1553,17
-1,16
4634,17
5870,17
8842,15
7293,15
7689,15
-1,15
6804,15
3260,16
2609,16
-1,15
-1,17
1995,16
4148,16
1175,15
-1,14
6163,17
-1,14
8703,16
1650,15
6636,16
-1,15
4261,16
-1,15
1620,16
-1,16
-1,16
-1,14
9156,15
7048,16
6374,14
5443,17
5726,16
1024,16
8674,15
149,15
9973,15
8518,16
-1,16
-1,15
-1,15
-1,15
9376,16
3847,15
-1,16
-1,15
-1,16
-1,14
4681,16
2725,15
-1,15
135,16
5576,15
1235,15
9812,16
-1,15
8736,16
2337,16
-1,16
8275,15
7609,15
-1,16
9595,15
-1,16
8772,16
7720,15
-1,17
-1,15
4980,17
-1,15
6339,15
5534,16
-1,15
-1,17
7673,17
4414,15
-1,15
8688,17
-1,16
5522,17
-1,15
-1,15
2696,16
8685,17
-1,15
1437,16
-1,16
-1,15
3907,17
3949,16
-1,15
-1,15
-1,15
-1,19
-1,18
4502,15
7766,15
-1,16
-1,15
-1,15
6789,16
5581,16
5213,17
4182,16
-1,16
-1,15
6439,15
9783,16
6400,15
-1,14
7793,16
-1,15
9159,16
7152,16
-1,17
-1,15
-1,16
-1,15
7439,14
1819,17
8201,16
5624,16
5328,15
2643,18
-1,15
6847,15
-1,14
-1,16
-1,14
846,14
-1,18
4890,15
9198,16
1300,15
-1,16
5343,15
2564,15
3095,16
6344,15
-1,15
-1,15
-1,15
-1,14
-1,16
6240,16
8396,15
-1,16
9929,17
-1,16
1170,16
-1,16
3228,15
-1,16
-1,14
7205,15
-1,14
-1,15
-1,16
5287,16
-1,15
1659,16
5663,16
4367,16
-1,14
4979,15
-1,15
7598,16
-1,16
-1,15
9829,16
-1,16
1553,16
1707,16
8366,16
2708,16
7876,16
-1,15
-1,14
-1,16
5657,16
-1,16
-1,14
5926,15
6010,16
-1,15
-1,15
2163,16
5309,15
-1,15
-1,14
2263,15
-1,15
-1,16
-1,15
9461,15
8765,15
2810,15
-1,16
-1,15
-1,16
9202,15
-1,14
4066,17
-1,15
-1,15
5728,16
-1,15
-1,14
3139,15
7244,17
-1,17
-1,15
-1,15
7375,15
3236,17
-1,15
-1,14
-1,15
8833,15
2975,16
-1,15
-1,15
-1,15
-1,15
9118,17
442,15
-1,15
-1,16
-1,15
-1,16
5686,16
-1,16
5424,15
-1,15
2893,16
3598,16
-1,15
5213,16
-1,15
-1,14
-1,15
7788,16
7701,15
-1,14
4650,15
-1,15
-1,15
-1,14
-1,15
-1,14
-1,15
-1,15
8946,16
-1,14
-1,15
6493,14
-1,15
-1,16
2812,16
-1,16
4427,16
-1,15
979,15
5569,15
1810,16
-1,17
423,15
-1,15
-1,15
5574,14
-1,15
-1,15
-1,15
-1,15
-1,15
649,16
-1,15
-1,15
7204,16
-1,16
-1,14
3007,19
7020,15
-1,14
-1,16
6572,16
1641,14
2863,16
-1,16
-1,14
-1,15
-1,16
-1,16
8417,18
-1,15
348,17
3131,15
-1,16
-1,15
6936,16
7763,17
-1,15
6829,17
-1,15
2121,16
-1,15
-1,16
-1,16
4807,17
-1,15
-1,15
-1,15
-1,15
7391,15
-1,15
-1,14
3283,18
9811,19
1569,15
1932,16
-1,15
4245,15
7745,16
-1,16
1971,15
-1,15
6954,18
-1,17
241,16
8114,15
-1,16
-1,15
-1,15
-1,15
-1,15
-1,15
6748,16
-1,16
692,16
-1,15
1285,15
4996,16
1845,16
7294,15
-1,15
-1,14
1918,16
-1,16
-1,14
1169,18
5842,16
896,16
-1,15
9232,16
-1,15
6820,18
3124,16
-1,14
1881,17
3824,16
-1,15
-1,14
6856,18
-1,16
-1,16
4817,14
-1,14
-1,16
9261,16
3014,14
9298,16
-1,17
2967,16
7303,16
2501,15
1360,15
-1,16
6367,15
-1,14
-1,15
6461,16
2695,15
7261,15
-1,15
5421,16
2718,15
2958,16
-1,15
3286,15
2075,15
-1,15
1578,15
7894,16
2780,15
7406,15
-1,15
1919,16
2977,16
-1,14
8120,14
-1,15
-1,16
3306,16
9909,15
-1,16
2674,17
-1,17
-1,17
9468,15
8190,17
-1,15
3240,16
-1,15
-1,16
8306,16
-1,16
-1,15
4616,16
-1,15
5429,15
-1,14
-1,15
-1,16
-1,15
5006,15
2206,16
8823,16
6033,16
149,14
-1,14
-1,15
-1,15
8120,14
-1,16
-1,15
-1,15
-1,15
8041,15
3404,16
-1,14
886,15
8158,15
-1,16
3024,16
-1,15
-1,15
-1,16
8674,16
3769,15
2328,16
-1,15
6825,16
-1,15
-1,15
-1,15
9643,16
-1,15
-1,14
9618,15
-1,15
6988,16
-1,14
4996,18
8718,18
-1,15
9004,15
4812,14
448,16
8301,16
9871,16
8375,17
-1,15
-1,16
-1,16
8748,16
-1,15
603,16
4176,16
-1,16
-1,16
4282,16
-1,15
1713,16
2897,16
1004,16
-1,15
-1,15
-1,15
8834,15
-1,15
-1,15
-1,15
-1,15
-1,15
4973,17
-1,16
9908,16
5202,15
-1,16
-1,15
9705,17
4802,17
9588,16
-1,15
3327,15
-1,15
-1,15
-1,16
6957,15
6123,18
-1,16
5207,15
-1,14
-1,15
9456,16
1802,16
9640,16
7730,15
-1,16
-1,14
9766,16
-1,15
681,15
6057,18
-1,14
9300,16
5165,15
-1,15
7823,16
-1,17
-1,15
-1,15
-1,16
7926,15
8986,16
3119,16
-1,15
-1,15
7033,15
-1,16
2569,15
4906,15
-1,14
-1,15
-1,15
309,16
-1,16
-1,16
150,16
2762,15
-1,16
-1,16
-1,16
8862,16
7252,15
2374,16
5681,18
361,14
-1,16
-1,15
-1,15
2471,15
4012,16
2590,18
1131,16
8867,17
8254,16
8067,18
-1,15
585,17
-1,16
6244,16
-1,14
386,14
-1,14
631,15
-1,15
5165,16
-1,16
4993,15
-1,15
-1,15
4401,15
5355,15
4380,15
-1,15
7931,16
8795,15
-1,15
6399,15
-1,16
3397,15
4820,16
6874,16
8414,17
9943,15
-1,15
3909,16
-1,16
5365,15
8138,15
-1,16
-1,15
-1,16
-1,15
-1,15
9607,15
6982,15
2331,15
-1,15
-1,16
437,15
-1,15
-1,17
4230,17
8534,16
242,16
5453,16
4015,18
3560,15
4245,15
-1,14
-1,15
-1,16
3069,16
-1,15
166,15
4179,17
-1,16
-1,16
5364,16
-1,15
3410,15
-1,15
-1,15
-1,15
1562,16
3193,16
1073,16
-1,14
3557,16
5902,15
1571,16
-1,15
-1,15
-1,14
5050,16
3482,17
5167,15
-1,15
-1,15
3451,17
-1,15
186,16
-1,17
-1,15
7330,16
5155,15
-1,17
-1,14
-1,16
-1,16
4125,16
-1,16
178,15
2386,16
6936,16
-1,16
-1,15
8589,17
-1,13
1257,16
1311,15
-1,15
-1,15
8504,15
3280,15
8177,16
2856,15
2305,17
-1,16
1168,15
4003,17
-1,15
-1,15
-1,16
-1,15
-1,16
2319,17
1384,18
1100,14
8841,17
777,15
-1,16
7772,15
1336,16
686,16
-1,15
-1,15
-1,15
-1,16
-1,16
-1,15
9609,15
-1,16
-1,14
4182,16
2015,15
2581,17
8538,16
-1,16
-1,16
575,15
-1,15
-1,14
-1,15
6079,15
-1,16
-1,16
-1,15
1672,15
-1,17
3749,16
-1,15
9148,18
2798,15
-1,16
695,14
-1,15
5645,15
-1,14
6522,15
5281,15
-1,15
6269,15
-1,16
7053,16
1204,15
-1,17
-1,15
-1,15
-1,17
8493,17
4409,16
4679,16
7344,14
-1,15
433,16
-1,14
-1,14
1698,14
8141,15
-1,16
-1,16
-1,15
5573,17
1849,14
-1,15
-1,15
-1,16
1956,16
-1,16
2640,16
6691,17
-1,15
-1,15
6346,16
-1,15
-1,16
-1,16
-1,15
1890,16
-1,16
2624,16
-1,15
3974,16
-1,16
4844,15
-1,16
-1,14
-1,15
6553,15
540,16
-1,16
8697,17
-1,15
-1,16
8285,14
-1,14
-1,15
-1,14
-1,15
-1,14
47,15
7694,16
8200,15
-1,16
-1,15
9562,16
2751,16
2478,16
4399,17
-1,15
3325,15
3621,16
8615,17
5086,15
-1,18
1332,15
2301,15
7576,16
-1,15
-1,15
-1,16
-1,15
108,16
-1,14
-1,15
-1,15
6019,16
-1,15
-1,15
2458,17
7760,17
-1,14
4913,16
-1,15
8578,16
-1,14
-1,14
4320,16
7713,17
2755,15
5265,15
-1,16
-1,15
-1,15
3377,17
-1,17
2750,15
-1,16
4579,14
-1,14
4993,14
638,16
4689,15
3497,15
8681,15
-1,16
-1,15
5278,14
-1,14
-1,15
1473,15
-1,15
3946,16
9863,16
927,15
5652,15
1149,15
-1,16
1168,17
-1,15
-1,15
-1,15
6848,15
-1,17
-1,18
-1,14
5605,16
-1,14
-1,15
8684,16
4677,16
4608,15
-1,15
7962,15
-1,16
2467,15
-1,15
7252,16
-1,16
9855,15
9356,15
-1,15
500,16
7279,16
-1,15
2750,15
-1,15
3978,15
-1,15
5582,16
1224,14
-1,15
-1,15
-1,15
-1,17
5667,17
-1,15
8996,14
1435,15
5561,16
6683,16
9776,16
-1,15
-1,14
4685,15
128,18
5792,15
-1,16
8276,15
-1,15
2363,15
-1,15
-1,15
-1,15
-1,16
598,15
-1,14
-1,16
-1,15
-1,15
7213,16
-1,15
6702,16
4834,19
1097,16
-1,17
4198,14
5427,18
1938,15
-1,15
-1,16
9191,16
-1,15
7028,15
-1,15
-1,14
6283,16
5067,16
-1,14
-1,16
-1,16
299,16
1952,15
-1,15
-1,15
1127,15
-1,15
6296,16
9665,16
7720,16
5303,15
-1,16
-1,16
-1,14
-1,15
-1,15
-1,16
-1,16
8905,16
9711,16
7379,14
-1,15
154,15
3259,16
4068,15
1825,17
-1,16
-1,15
3327,13
5882,16
-1,15
-1,15
-1,16
9809,15
8532,16
5181,16
7005,14
8519,14
-1,16
-1,15
2799,16
7488,16
-1,17
-1,14
-1,15
-1,15
-1,15
6241,17
9123,16
-1,14
-1,15
-1,15
7786,14
-1,16
5358,17
9486,16
-1,14
268,17
-1,15
-1,14
9299,18
-1,16
1510,18
-1,16
458,16
4039,16
417,15
2294,18
-1,15
-1,15
5385,16
-1,15
-1,15
-1,15
89,17
-1,15
423,16
9492,17
-1,14
-1,15
-1,15
-1,15
-1,15
-1,17
8055,16
5922,17
4080,18
-1,15
-1,15
3202,16
1508,16
-1,15
4256,16
8592,17
-1,15
-1,15
-1,15
6775,18
8582,15
-1,15
7246,17
3949,16
-1,15
6618,16
7359,17
-1,16
7716,15
1929,17
7526,16
-1,14
-1,15
-1,15
4072,17
3364,15
8307,14
4585,18
5446,17
-1,16
3612,16
462,17
-1,15
-1,16
2670,16
6732,15
3997,15
-1,15
6213,15
-1,16
-1,14
9504,15
7439,17
-1,16
-1,16
-1,15
-1,15
531,15
7215,15
-1,15
-1,15
-1,15
2275,17
-1,16
-1,16
3958,16
4869,14
-1,15
5451,16
7104,14
8746,15
5921,19
52,17
6565,14
-1,15
-1,16
8670,16
-1,16
-1,16
4109,16
3970,16
2049,16
-1,16
-1,14
1141,16
-1,16
-1,16
-1,16
-1,15
758,16
-1,16
5752,15
-1,15
-1,15
-1,15
-1,16
2883,15
3116,17
-1,15
-1,16
8909,16
-1,15
7023,17
7191,15
-1,15
-1,15
886,16
-1,15
-1,15
-1,15
-1,14
1107,15
-1,15
3538,16
-1,15
8537,15
2816,15
-1,15
-1,15
2469,17
4491,16
918,17
-1,15
3161,17
5441,15
-1,15
-1,16
-1,15
8453,19
-1,16
2691,16
-1,16
6192,15
1848,16
1291,16
8344,18
4483,16
-1,16
-1,16
4440,15
-1,14
-1,16
4105,17
7965,17
2763,16
-1,16
-1,16
5918,15
-1,14
862,17
-1,16
-1,15
1487,15
9532,15
8813,17
7932,15
-1,15
1636,15
8178,16
5119,15
3593,16
5835,15
-1,14
4465,16
2256,16
-1,16
-1,16
2192,16
-1,15
-1,16
-1,14
-1,14
3845,17
1251,17
5261,14
-1,15
1627,15
2266,16
5560,16
-1,16
12,15
-1,16
4957,14
1102,16
4971,16
4200,15
2638,17
7651,14
3471,16
-1,16
9882,16
6751,16
-1,16
1840,16
5958,15
1789,16
-1,16
530,15
-1,15
7091,16
-1,15
7284,16
-1,16
-1,15
5905,15
8826,15
-1,16
-1,16
2104,16
-1,15
-1,15
1326,16
1078,16
-1,16
1307,17
-1,16
7131,15
4705,14
-1,16
8446,14
-1,14
9758,16
7905,15
8547,16
8902,15
9486,16
-1,16
-1,15
4218,15
916,17
6837,15
8820,15
6328,15
498,15
4414,16
-1,15
5008,17
5253,16
5131,15
9055,16
8720,17
7742,16
-1,15
2736,15
4333,17
-1,15
-1,15
3192,16
-1,15
8211,17
-1,16
9305,16
1488,16
-1,15
7841,16
-1,15
-1,14
8779,15
2130,16
-1,15
1659,16
-1,14
-1,17
-1,15
-1,14
6120,16
7439,17
408,15
2972,17
4605,19
9758,16
-1,15
-1,15
7715,14
941,15
5389,17
-1,15
-1,15
-1,15
6716,18
5525,17
-1,15
8368,17
9925,16
6963,15
-1,15
7962,15
681,16
76,16
3009,16
-1,14
-1,15
-1,15
9685,15
679,15
9727,15
1373,16
3159,15
-1,14
-1,17
9609,15
-1,15
-1,16
-1,15
1346,16
-1,15
8419,17
43,16
-1,14
-1,15
9327,16
3121,16
-1,14
-1,15
-1,15
6974,16
-1,16
3817,18
-1,15
1744,17
1122,15
-1,15
9612,15
-1,15
907,15
-1,15
-1,15
-1,16
427,15
-1,16
6337,15
8908,17
6901,14
9448,17
-1,16
6729,16
-1,15
-1,15
-1,16
4002,16
-1,15
2930,17
2758,15
8450,15
-1,15
272,15
9232,16
-1,15
-1,15
4833,15
3188,15
-1,15
1664,16
-1,17
-1,16
-1,14
-1,16
-1,16
6899,15
-1,15
6559,14
-1,14
-1,16
-1,15
-1,14
-1,16
6541,16
71,15
-1,15
7529,17
-1,15
8790,15
123,15
-1,16
-1,16
1804,15
-1,16
5751,15
7144,16
3814,15
9264,16
-1,15
2779,15
8200,15
-1,16
9083,15
-1,15
307,16
-1,16
7503,17
5697,15
-1,15
5975,15
7491,16
-1,16
-1,16
5633,15
5903,16
721,14
5531,15
5155,15
-1,15
-1,18
7063,16
3530,17
-1,16
3687,15
2930,17
-1,15
-1,14
-1,15
-1,16
-1,14
-1,16
5878,16
2170,14
-1,15
3337,17
9575,16
3007,15
-1,15
2656,15
3562,15
2964,16
4399,15
-1,16
4353,18
4529,15
-1,14
-1,16
-1,15
-1,15
1428,16
5278,16
9167,16
-1,16
6913,14
-1,16
5256,17
6601,14
810,16
8028,17
5016,15
2629,17
6098,15
-1,15
-1,14
6576,15
-1,15
-1,15
-1,15
-1,16
-1,15
-1,16
-1,16
-1,14
5929,17
6723,16
-1,15
6853,15
3745,15
7025,15
-1,16
-1,15
6107,15
9892,16
5498,15
1340,15
9282,16
-1,15
9456,15
6961,16
6052,15
2354,15
-1,17
-1,15
8493,15
8038,16
-1,16
9048,15
-1,14
-1,15
-1,15
4603,16
-1,16
-1,15
-1,16
-1,15
-1,14
-1,16
6722,17
-1,15
-1,15
5752,14
-1,16
-1,15
513,15
-1,15
-1,15
5350,16
-1,15
-1,16
8510,18
-1,16
6439,15
-1,15
-1,15
4649,15
2623,14
-1,16
6296,15
-1,16
1581,14
-1,16
7953,14
6611,15
6996,18
4337,15
-1,16
3664,16
-1,15
4073,14
4147,15
-1,16
-1,15
-1,14
-1,15
3230,15
6244,17
6282,16
8132,15
4049,14
-1,15
6933,16
3672,16
1605,15
2215,15
2454,17
-1,16
1717,15
-1,15
9873,16
5988,14
-1,16
5108,16
-1,15
248,17
-1,15
-1,16
-1,16
-1,15
-1,17
-1,17
-1,15
8419,15
-1,15
-1,15
8302,16
9681,16
7269,15
-1,18
-1,15
666,16
-1,15
7879,14
9578,16
239,15
-1,15
-1,15
3777,15
5359,15
-1,16
1564,15
2697,14
-1,15
5760,15
-1,15
103,16
6924,16
-1,17
1020,15
-1,14
-1,15
4196,16
195,15
-1,15
-1,17
8985,16
2174,15
-1,14
3088,16
9015,15
9258,16
455,17
3252,16
-1,15
3126,15
6026,16
-1,14
-1,16
2094,15
-1,16
-1,16
3818,16
-1,16
3126,16
-1,16
6798,15
-1,17
7195,15
-1,16
1576,15
6564,15
-1,16
-1,15
646,15
-1,14
6684,17
-1,16
3595,15
-1,16
-1,15
-1,16
-1,15
-1,14
-1,14
1589,16
9540,16
-1,18
8196,15
-1,14
7087,15
1293,15
-1,15
2205,16
-1,14
9410,15
-1,15
-1,15
-1,15
9919,16
6167,16
6122,16
2757,16
3383,15
1024,15
-1,17
-1,15
-1,16
2968,17
8068,17
7380,16
6777,15
-1,16
-1,16
796,16
3841,16
-1,15
3071,16
-1,14
-1,14
634,17
5771,16
-1,15
5949,14
-1,15
-1,14
-1,17
-1,16
-1,17
5670,16
-1,15
8230,16
-1,17
-1,15
-1,17
-1,16
2046,15
9191,15
4912,16
4608,16
-1,15
-1,15
-1,15
8498,19
476,17
-1,17
2234,16
7947,17
5461,15
-1,15
8914,15
-1,15
-1,16
-1,16
5339,15
2147,15
84,15
-1,15
-1,14
-1,16
-1,16
-1,15
-1,16
-1,15
2513,16
-1,16
-1,15
-1,15
-1,14
-1,15
1894,16
-1,15
-1,14
-1,17
7025,15
-1,14
1524,16
-1,17
9123,15
-1,16
-1,15
-1,17
1588,16
3390,16
-1,16
-1,15
-1,14
1232,16
-1,15
-1,16
7546,14
2840,16
-1,14
9203,14
-1,16
-1,15
-1,17
9614,16
-1,16
9783,16
-1,15
5648,15
8492,15
-1,15
-1,16
-1,15
4727,15
7420,15
-1,16
-1,15
9098,17
-1,15
-1,16
9794,18
-1,15
910,17
-1,15
-1,15
-1,15
-1,14
4027,15
7702,16
665,16
6266,16
-1,15
-1,14
-1,15
-1,16
-1,16
-1,14
-1,16
-1,16
-1,15
-1,15
-1,15
8383,17
6658,15
-1,14
9256,15
2374,15
4079,15
-1,17
7625,17
3476,15
3036,16
-1,16
-1,16
7301,16
-1,15
-1,15
-1,16
9345,16
1146,16
-1,15
-1,16
-1,15
-1,14
277,16
-1,15
-1,18
9542,17
-1,14
-1,15
7124,15
1159,15
-1,15
-1,15
-1,15
5291,15
9461,15
2306,16
-1,16
6172,16
-1,15
-1,16
5464,16
5571,15
-1,16
6461,16
9003,18
429,17
-1,15
6356,17
-1,15
6927,15
-1,15
-1,14
8200,15
-1,15
-1,16
-1,16
-1,16
2321,16
-1,16
-1,17
4658,15
3492,15
3911,15
3311,16
-1,15
9484,17
-1,16
4904,16
1498,17
-1,14
-1,15
6996,15
-1,14
-1,15
8042,16
-1,16
-1,16
6659,15
3093,17
4486,15
-1,16
9655,15
-1,15
2444,16
-1,15
6643,15
9450,15
-1,15
-1,15
4751,16
3233,15
-1,15
1126,16
-1,14
-1,15
-1,15
27,17
7846,18
-1,14
-1,15
-1,15
-1,14
9410,15
4418,15
-1,17
1463,14
-1,16
9854,17
-1,15
1640,16
7644,15
-1,15
4763,17
2303,16
-1,15
6023,15
-1,15
6761,15
-1,15
-1,15
-1,15
-1,15
6691,17
-1,14
598,15
3935,15
5514,16
-1,16
-1,16
8949,16
7678,15
7631,15
5569,15
-1,17
4025,15
8418,15
3888,16
9913,15
-1,15
4668,16
4827,17
-1,15
-1,15
1025,17
5182,14
5512,16
475,16
-1,18
-1,16
7309,16
7719,15
6938,16
-1,15
4182,17
-1,15
481,15
-1,15
-1,15
-1,15
3475,16
-1,14
-1,15
2073,16
-1,14
-1,16
-1,16
9198,16
1666,15
1825,16
6542,16
-1,15
-1,15
302,16
-1,15
-1,16
4495,17
-1,16
-1,15
-1,15
-1,15
-1,16
9935,15
-1,15
6937,17
-1,17
4145,16
-1,14
6987,16
-1,16
-1,18
-1,16
2403,16
-1,14
9915,19
-1,16
-1,15
-1,15
8288,14
-1,18
-1,15
210,17
9955,17
-1,17
8055,14
-1,16
1353,16
1218,17
9736,16
5521,15
-1,16
4293,16
401,16
-1,15
-1,15
4187,16
9044,16
2490,17
-1,16
917,17
3953,15
-1,15
-1,15
-1,16
2433,16
-1,16
8296,15
7456,15
-1,16
-1,14
1666,16
9061,16
-1,15
-1,16
3932,14
4030,16
7579,15
-1,17
5700,16
8106,16
-1,16
-1,15
1103,15
6717,15
-1,15
-1,15
-1,16
-1,16
3145,16
-1,16
8822,16
9272,16
-1,14
6866,17
9133,15
-1,17
1075,16
937,16
9509,16
-1,16
5613,15
4022,17
7916,15
-1,15
-1,15
2820,16
-1,15
5510,16
-1,15
2330,17
-1,15
-1,16
-1,14
-1,15
-1,17
-1,14
-1,16
-1,15
-1,14
-1,16
-1,15
-1,15
388,15
-1,15
1937,15
2044,17
5172,15
718,16
1383,17
370,16
-1,15
6585,16
9666,15
314,15
-1,15
-1,16
4946,15
-1,15
5624,15
7378,15
9592,16
-1,15
-1,15
7858,17
-1,15
9952,15
-1,16
-1,15
-1,16
1065,17
6613,17
2093,15
-1,15
-1,15
-1,16
7492,15
-1,16
1131,16
-1,16
-1,15
-1,14
-1,15
-1,14
7029,14
6598,15
-1,16
-1,15
-1,16
-1,16
2319,15
9237,15
-1,17
-1,14
9736,16
-1,16
8193,16
1091,15
-1,14
4823,16
-1,15
2572,15
429,16
7564,17
-1,15
4237,16
-1,15
-1,15
4046,17
7951,14
-1,15
4554,15
-1,16
-1,14
-1,14
3803,16
9359,16
-1,15
9580,17
184,17
6216,17
-1,16
9065,15
-1,15
-1,16
-1,17
4209,16
-1,16
7439,14
-1,16
-1,15
-1,15
-1,15
6718,14
5509,15
1273,16
2813,16
-1,16
644,17
-1,15
-1,15
8924,15
-1,15
1184,16
-1,15
5301,16
-1,16
6131,17
9751,16
5666,15
-1,15
-1,16
5159,17
2083,15
4839,17
2970,15
5775,16
-1,15
-1,17
933,15
9736,14
2715,16
-1,16
-1,16
-1,15
1051,16
-1,15
-1,14
-1,16
1606,16
-1,16
1362,18
9478,15
-1,15
-1,18
-1,15
-1,15
8183,15
9251,17
847,17
369,15
5181,16
7984,15
-1,15
9408,15
-1,15
6637,17
-1,15
1781,15
-1,17
7813,14
2944,15
-1,15
781,15
8580,16
-1,17
-1,17
8665,16
-1,15
-1,16
2308,16
-1,16
-1,16
3201,16
5619,16
958,15
346,16
-1,15
1459,16
530,15
5601,16
-1,16
-1,14
6239,16
5702,15
7141,15
-1,15
9797,15
6623,18
-1,15
-1,15
-1,16
1769,15
-1,17
5470,16
8492,17
-1,15
-1,15
1368,16
3079,14
9625,16
8414,17
2239,16
-1,15
5967,15
-1,14
1777,16
2707,16
2932,16
-1,16
3999,17
6349,17
-1,16
9103,16
-1,16
8377,15
-1,15
5308,15
37,17
-1,14
-1,14
4989,15
6640,17
7481,15
2221,17
9346,17
9270,16
-1,16
-1,15
5167,15
9258,15
-1,15
-1,15
3803,16
2297,15
-1,16
4558,15
-1,15
-1,16
3670,15
3819,16
3205,16
9225,15
-1,15
-1,14
5160,16
-1,16
2325,17
-1,15
5391,14
-1,16
5195,15
-1,15
9733,16
-1,15
7420,15
-1,15
-1,15
-1,14
1216,15
-1,15
5070,15
2189,15
7497,17
4064,15
885,16
-1,15
1554,15
7464,18
-1,16
9614,15
-1,16
5411,15
2416,17
4366,16
-1,15
9238,15
9613,17
-1,15
9390,16
-1,15
-1,16
-1,14
-1,16
-1,16
8199,16
3913,16
-1,15
-1,15
85,17
-1,15
9198,17
-1,15
519,16
7770,16
-1,15
-1,15
-1,15
3785,15
4575,15
4084,15
3470,16
9539,15
587,14
302,16
-1,14
-1,15
9308,15
-1,15
2174,16
-1,16
-1,16
-1,16
-1,15
7844,15
-1,16
-1,16
2655,19
2663,15
4938,16
-1,16
-1,16
1717,15
-1,15
945,15
7102,17
-1,14
6673,15
-1,16
-1,16
2186,16
-1,14
-1,15
9370,17
-1,15
-1,15
-1,14
-1,16
5388,16
3025,15
-1,14
-1,15
-1,16
-1,15
812,15
2308,16
3076,16
5044,16
-1,15
-1,15
4153,16
-1,15
-1,14
6892,17
3979,15
3471,17
-1,15
3295,16
4637,15
-1,15
958,15
-1,15
-1,15
-1,15
1706,16
4505,15
-1,15
-1,15
-1,16
-1,15
955,17
579,14
-1,15
-1,16
-1,15
-1,16
5665,16
9271,16
1972,17
-1,16
2670,15
-1,16
8470,15
-1,16
6861,16
-1,16
-1,15
-1,15
-1,15
-1,16
-1,15
9364,16
-1,14
4839,17
-1,15
7051,15
-1,16
-1,15
7953,16
4667,16
-1,15
-1,15
589,16
-1,16
-1,15
-1,16
-1,15
-1,17
-1,16
2376,17
5433,16
340,16
8802,15
1065,15
-1,16
-1,15
-1,16
7656,15
-1,15
8932,15
-1,14
742,16
-1,15
9553,15
-1,14
-1,15
6855,16
-1,15
208,16
5799,15
2490,17
-1,14
1238,15
-1,15
8821,15
7964,15
9967,15
3022,15
1201,18
8918,15
3659,15
-1,15
5716,16
-1,17
-1,15
7454,15
3672,16
-1,16
-1,15
4999,16
6430,16
-1,15
8351,17
6164,15
-1,15
8524,15
1716,17
-1,15
-1,16
-1,15
4942,16
-1,16
1299,16
407,16
1620,15
-1,17
-1,14
9650,15
-1,16
-1,15
-1,15
7788,16
-1,15
-1,15
4764,16
9682,15
-1,15
5847,15
3009,16
2507,16
1600,16
-1,16
6737,16
7335,16
-1,14
-1,16
-1,16
-1,16
4606,17
-1,16
8553,17
4616,15
4076,16
-1,15
5241,16
-1,15
5455,16
1854,16
-1,14
1218,15
-1,15
2147,15
-1,16
-1,15
-1,16
389,15
4366,16
-1,15
99,17
-1,15
7625,15
2070,15
3278,15
-1,15
6887,16
6445,15
2530,15
6376,15
7221,15
6827,17
-1,16
7762,15
8970,16
-1,15
207,16
-1,16
3622,15
782,16
-1,15
3575,16
5652,15
5020,15
-1,15
-1,17
1264,15
-1,14
4630,16
6979,17
-1,15
-1,15
2218,15
-1,15
5073,17
-1,14
9662,16
-1,16
259,16
-1,14
5230,18
-1,15
-1,15
-1,14
-1,15
9291,14
5767,15
-1,16
-1,15
-1,16
8526,17
9023,16
7917,15
-1,15
145,16
7517,16
4716,14
-1,15
-1,16
-1,14
2492,15
-1,14
-1,15
6496,17
-1,15
-1,15
265,16
-1,15
9956,17
-1,15
-1,14
2331,16
686,17
6391,15
-1,16
-1,16
6550,15
-1,16
3316,16
-1,15
-1,15
4285,16
7833,16
-1,15
1458,15
-1,16
-1,15
-1,15
-1,16
1725,15
-1,15
-1,14
1346,17
7513,17
-1,15
-1,15
-1,16
-1,16
1041,15
6078,15
2545,18
7035,14
8712,14
9977,16
-1,17
-1,16
2266,17
-1,15
-1,15
664,15
-1,17
-1,16
-1,15
6114,16
-1,16
-1,16
-1,15
6905,15
-1,15
-1,15
4494,15
3303,15
972,17
-1,16
4998,16
-1,15
-1,15
-1,14
348,16
4369,16
2911,15
-1,15
390,15
-1,15
1477,16
-1,14
-1,15
-1,15
9048,16
3409,16
4442,15
-1,16
3130,15
-1,14
-1,15
9137,16
5095,15
-1,14
-1,16
2397,15
7065,15
9371,16
-1,15
-1,16
-1,16
-1,14
9853,15
-1,17
154,16
-1,15
1276,17
294,15
-1,15
-1,15
4055,19
2499,16
4779,15
-1,16
-1,14
-1,16
3119,15
6652,15
-1,16
-1,17
3690,15
-1,14
-1,15
-1,16
760,15
3963,14
3411,17
2077,15
-1,15
594,15
-1,15
3530,15
-1,15
4849,16
4979,16
5059,16
4820,16
6612,14
-1,16
6252,16
-1,15
8136,16
-1,15
9346,16
-1,15
1953,15
7016,15
-1,15
-1,17
-1,16
-1,14
-1,15
-1,15
7615,16
-1,15
115,17
1802,16
-1,15
-1,15
80,14
8957,17
1597,15
-1,16
4614,16
6415,19
-1,15
5645,18
-1,15
9609,15
-1,15
5145,16
-1,16
9485,15
4198,15
8562,16
-1,15
-1,16
7999,17
4743,17
-1,16
7906,15
-1,16
2406,15
7745,16
513,14
7072,15
1296,15
-1,16
8422,15
-1,15
-1,18
-1,14
1160,15
8643,15
-1,15
8707,17
9040,15
-1,16
4768,17
-1,14
-1,15
5751,16
-1,15
-1,16
695,18
5427,16
118,15
9176,17
-1,16
-1,15
-1,16
5551,15
-1,16
-1,14
5028,17
-1,15
-1,15
6175,17
-1,18
1126,18
2542,14
2294,16
-1,16
794,18
9502,14
9589,15
1722,16
-1,16
-1,15
-1,16
-1,16
-1,14
6526,15
-1,16
1273,16
166,16
3669,16
9912,16
-1,14
2784,16
6395,14
4660,14
-1,15
-1,15
-1,15
-1,15
2302,15
3367,16
3439,17
7053,15
6132,15
-1,16
-1,14
-1,16
1350,18
8329,15
-1,15
-1,16
4398,14
2048,17
-1,15
7475,15
8280,15
-1,15
9512,16
-1,16
8663,16
3158,15
6195,15
-1,14
-1,15
-1,17
2628,16
4731,16
-1,16
-1,15
1976,16
-1,15
-1,15
-1,15
6259,16
8790,16
-1,14
-1,15
5859,18
-1,15
-1,14
-1,16
-1,15
-1,14
-1,16
-1,15
-1,16
6237,14
1251,15
-1,16
49,15
5465,16
2289,15
703,15
-1,15
-1,15
4779,16
-1,15
-1,15
6442,16
-1,14
-1,15
6169,16
-1,15
6878,15
-1,15
6853,16
9106,16
-1,15
459,14
5524,15
-1,16
-1,15
-1,17
-1,15
8621,16
-1,15
1246,16
8183,15
2682,16
2160,15
491,17
5220,15
8224,17
-1,16
-1,16
-1,15
-1,14
-1,14
5285,15
9122,15
-1,17
1617,16
-1,15
3276,15
-1,15
8289,15
-1,16
-1,17
554,16
7599,15
-1,17
838,16
9431,15
7933,15
6760,14
559,15
-1,14
-1,17
-1,15
5127,16
-1,16
2571,15
-1,15
-1,16
8335,17
3463,14
-1,15
-1,15
-1,14
4602,17
139,16
4490,16
8791,17
-1,15
-1,16
6571,16
-1,15
5917,16
6948,15
-1,15
-1,15
-1,15
529,15
3511,16
9635,18
5391,18
-1,14
-1,15
-1,16
2815,14
1782,16
-1,15
2278,15
-1,16
4107,16
6707,16
-1,16
188,16
9701,15
-1,16
-1,15
2027,16
2245,15
4188,16
9690,15
9198,16
8327,16
1673,16
2253,16
5861,15
5486,17
-1,15
-1,15
-1,15
-1,18
-1,17
-1,16
7326,16
2024,16
-1,16
2010,16
3253,16
5213,16
2129,17
-1,13
-1,17
-1,14
-1,14
-1,15
-1,16
9540,15
-1,15
2670,16
8203,15
2767,15
5345,14
6510,16
-1,17
-1,17
1092,17
-1,14
9124,17
8784,17
-1,16
9271,18
-1,15
1598,17
8285,15
-1,14
-1,15
2134,16
7971,16
3510,16
2710,16
5086,16
2041,17
5245,16
-1,15
-1,15
-1,14
3830,16
9194,16
-1,14
-1,14
5142,16
7609,14
8899,17
5350,16
-1,15
-1,16
2737,16
-1,14
860,17
7177,15
9317,16
-1,14
-1,14
-1,15
5998,15
51,15
-1,17
8709,16
5815,15
-1,16
-1,17
-1,14
9341,15
-1,15
2225,14
2869,15
-1,15
-1,15
1297,15
2802,16
-1,16
2844,16
6299,15
-1,15
9308,15
1979,15
9527,18
-1,16
-1,15
6243,15
4668,15
4599,16
-1,14
-1,15
-1,15
884,16
-1,15
9217,17
5175,16
6411,16
457,15
14,17
-1,14
2954,14
1248,16
525,17
3399,16
7086,15
-1,15
-1,15
6331,14
-1,15
-1,15
-1,16
-1,15
4031,15
1557,16
7775,16
344,18
-1,15
521,16
-1,16
4152,16
9670,16
-1,15
8057,16
5014,17
-1,14
-1,15
1685,16
7482,16
-1,15
3786,16
-1,16
9387,16
-1,15
-1,14
-1,15
-1,15
-1,15
4399,16
1959,15
5495,15
4753,16
6978,15
-1,14
-1,15
-1,15
-1,15
-1,16
2285,14
3106,16
8421,14
4912,17
-1,15
-1,15
-1,17
7411,16
-1,15
-1,16
-1,15
3481,16
2868,17
2262,16
-1,15
9470,15
-1,15
-1,15
6272,15
2379,15
-1,16
6073,15
4192,15
-1,15
4204,17
-1,15
3581,14
-1,15
-1,15
1128,15
1658,16
-1,15
-1,15
9472,16
2558,15
9955,17
-1,16
-1,14
3846,17
1227,16
-1,14
-1,14
-1,15
9455,15
8901,17
-1,14
-1,16
-1,16
-1,15
-1,15
-1,15
2334,16
-1,14
-1,15
-1,16
-1,16
5285,16
-1,15
-1,15
9920,15
-1,16
-1,16
2434,15
9683,15
-1,15
-1,15
3805,15
1695,15
1085,15
-1,15
2044,14
-1,15
1714,15
7064,16
-1,16
8236,17
9499,16
4666,15
8358,15
2871,15
-1,15
-1,16
9314,19
4053,15
-1,16
-1,15
-1,15
-1,15
437,15
-1,15
-1,16
4498,16
-1,15
-1,15
8846,15
-1,14
2468,15
-1,15
8962,17
6856,15
1240,15
3489,16
9747,15
-1,15
-1,14
-1,16
-1,15
-1,14
-1,15
-1,15
2305,16
7814,17
-1,15
3141,16
-1,16
-1,16
-1,16
-1,17
5782,16
-1,16
-1,15
7810,16
-1,15
-1,16
6225,15
8456,15
-1,15
-1,14
-1,16
-1,16
-1,16
8181,17
-1,16
-1,15
3449,15
-1,17
1078,16
462,15
3993,16
-1,15
-1,16
-1,15
-1,15
8115,15
9029,15
9397,17
3969,14
-1,16
-1,15
-1,15
3145,16
-1,15
-1,16
8409,16
-1,17
6118,15
-1,15
-1,14
-1,16
-1,15
-1,15
-1,16
-1,14
-1,16
1129,15
4431,15
-1,15
8484,15
3822,15
-1,14
4509,15
-1,15
6436,16
8659,15
-1,16
-1,17
9070,15
640,16
6917,16
6075,19
-1,14
401,16
-1,15
559,15
-1,16
-1,14
-1,16
-1,16
-1,15
3840,16
8374,16
-1,15
220,15
2444,16
3325,14
6844,15
3368,16
590,17
1873,15
-1,15
-1,15
-1,15
-1,16
-1,14
-1,16
-1,15
2097,16
8359,16
2195,16
-1,15
-1,15
9643,15
9618,15
5234,16
151,15
-1,16
-1,15
5795,17
3680,16
6981,16
-1,16
1051,16
-1,14
-1,16
8623,16
-1,15
-1,15
6314,15
-1,15
-1,15
7881,15
-1,15
-1,15
-1,15
-1,16
3034,15
2076,17
-1,14
6937,18
3097,15
-1,16
-1,14
2439,16
1375,15
3211,16
9577,16
-1,15
5060,15
-1,16
7234,15
2744,16
-1,15
-1,16
8750,15
6553,16
-1,15
-1,15
6624,15
3360,15
-1,15
3791,16
8803,15
-1,16
3324,16
4378,15
-1,15
-1,15
-1,15
2686,15
1933,17
-1,16
-1,15
9597,15
679,14
-1,15
9271,16
5222,16
-1,15
7791,15
4805,16
-1,15
-1,16
-1,15
-1,16
6444,15
7256,16
4760,16
-1,16
-1,16
1430,15
-1,14
9012,17
4246,18
-1,15
-1,15
1692,16
9248,15
2777,14
9320,15
2322,17
-1,16
-1,16
9486,15
-1,15
-1,18
3485,18
-1,17
9369,14
6277,15
-1,15
-1,15
5269,17
7028,16
-1,15
-1,15
4226,15
6196,16
8006,16
3367,15
6030,14
-1,15
2676,15
-1,16
4868,15
3471,16
-1,16
1677,16
8468,16
-1,16
6799,15
-1,15
6889,15
2297,15
2815,16
6951,17
-1,16
-1,15
7408,16
5903,15
-1,15
6420,16
-1,16
5192,17
-1,15
-1,15
-1,16
-1,15
-1,16
6714,16
-1,14
-1,16
-1,15
-1,15
-1,17
3207,16
-1,16
2482,15
6917,16
4357,15
-1,15
-1,15
6516,15
-1,15
-1,15
-1,15
-1,15
2544,15
9620,15
864,17
8249,15
-1,16
-1,15
-1,15
-1,16
-1,16
-1,15
3009,16
5007,15
-1,16
8354,18
9154,16
7181,15
6668,15
-1,16
-1,15
4797,15
9949,15
-1,15
1225,15
-1,16
8902,17
2639,15
-1,15
1428,17
9306,16
2875,15
-1,14
5605,15
8941,17
7436,16
706,16
519,16
-1,14
-1,17
-1,14
-1,16
-1,15
7100,15
1043,18
2088,15
715,16
-1,15
3571,18
-1,15
2712,15
5742,16
-1,16
9539,18
1619,16
1136,16
7860,16
-1,14
-1,15
-1,16
767,18
4982,16
5033,16
-1,14
-1,14
-1,17
-1,15
1789,14
8041,16
9092,15
-1,15
-1,16
-1,16
-1,15
5532,16
7017,15
4170,17
9566,18
2547,15
7789,16
-1,15
-1,16
1302,15
4751,16
-1,15
-1,15
7885,16
8501,17
-1,15
-1,16
-1,16
-1,14
-1,16
2676,16
4959,15
135,15
-1,16
-1,17
-1,15
9738,15
-1,17
6978,16
-1,15
-1,16
-1,15
7481,16
8387,17
-1,16
9408,15
-1,15
-1,16
-1,15
-1,17
-1,15
-1,16
-1,15
4652,15
4782,16
-1,16
-1,16
9173,16
-1,15
5471,15
1530,14
8998,16
7782,15
9105,16
-1,15
7939,15
-1,16
7274,16
-1,17
-1,17
-1,16
-1,15
-1,15
2765,14
8058,16
2223,15
5430,16
3744,19
4160,16
-1,16
1789,16
-1,16
-1,16
-1,15
-1,16
-1,16
9450,17
5494,16
8770,16
-1,16
2930,16
-1,16
9661,15
339,16
9365,15
-1,16
3817,15
6829,17
4421,16
6233,17
-1,17
-1,15
-1,15
9979,16
-1,15
423,17
3168,18
-1,15
5875,15
9845,17
3384,15
976,17
1263,17
8231,15
1969,15
-1,15
-1,15
626,16
6302,16
1674,16
6881,16
4226,15
5996,15
-1,15
-1,15
643,16
5061,18
9052,17
-1,15
4101,16
6846,16
3901,16
7248,15
-1,16
4801,19
1394,15
-1,16
-1,14
-1,16
-1,15
955,15
-1,15
8468,15
7597,15
2078,16
-1,16
-1,15
9883,15
7691,17
-1,15
5066,15
-1,16
220,16
4754,17
9470,16
-1,14
3283,17
-1,16
-1,17
4868,16
2447,15
-1,15
-1,14
-1,16
267,18
-1,14
-1,17
2741,15
-1,14
-1,16
9116,15
-1,14
-1,15
-1,15
4072,15
945,15
-1,15
2476,16
2670,18
-1,17
-1,14
-1,15
-1,14
1774,17
1716,16
9407,17
-1,15
-1,16
-1,15
9751,15
-1,16
-1,16
-1,17
-1,17
-1,17
-1,17
-1,15
-1,16
-1,15
9628,15
-1,14
4938,17
9750,16
-1,15
-1,15
-1,16
6016,16
643,16
-1,15
-1,16
8646,15
-1,16
7040,16
-1,15
5161,15
30,19
-1,15
-1,15
6309,16
-1,15
-1,15
-1,15
-1,15
5395,14
-1,15
399,15
-1,16
-1,15
3265,15
9135,16
-1,15
-1,16
-1,16
-1,15
9650,16
103,16
5321,17
5388,18
3879,16
2259,16
-1,17
5360,17
-1,17
-1,16
-1,16
-1,16
6093,16
-1,15
3486,16
-1,15
26,15
2929,16
-1,16
9131,16
4319,16
-1,15
2566,16
-1,14
1802,14
-1,15
5385,15
-1,15
2618,16
-1,15
5667,15
-1,16
4026,16
5252,18
-1,16
-1,15
5390,16
-1,15
-1,14
6177,16
9646,15
8206,16
5394,16
9509,15
6712,14
5896,15
-1,16
-1,14
7902,16
-1,16
-1,16
-1,15
1285,15
7235,15
-1,15
4084,16
-1,15
4172,15
-1,16
8955,14
-1,15
6009,16
2706,17
6107,15
-1,14
-1,15
5246,16
1649,15
6316,15
-1,16
7397,15
-1,14
6302,16
-1,14
-1,16
7409,16
3199,16
4665,15
76,15
9548,16
1076,16
-1,14
9231,15
-1,15
8574,18
5308,15
9283,16
-1,15
-1,16
-1,15
-1,15
1098,15
-1,14
-1,15
8637,16
-1,16
-1,14
8534,17
9674,17
6827,17
-1,15
-1,15
6758,15
8287,16
9986,15
-1,16
-1,16
-1,14
8368,15
9001,16
-1,16
-1,17
-1,16
-1,15
7600,16
6943,16
-1,15
-1,15
4322,15
-1,14
-1,16
7457,17
-1,15
7021,16
705,17
-1,17
679,16
-1,16
6960,16
-1,15
8859,16
8475,16
-1,14
-1,15
5398,15
-1,14
-1,15
8431,16
7228,16
1802,16
-1,15
-1,15
9091,16
-1,17
-1,15
749,15
-1,15
-1,15
2498,15
-1,16
-1,14
2802,15
1786,16
1263,17
2292,15
8355,17
2141,15
5691,15
-1,16
-1,15
-1,15
8532,15
422,17
3446,16
-1,15
3286,15
6540,16
-1,16
14,17
-1,15
-1,16
-1,15
-1,16
-1,15
-1,16
-1,14
8833,15
-1,15
570,16
-1,15
7017,16
-1,15
3934,16
-1,15
-1,16
6160,16
-1,15
2930,15
-1,15
-1,14
8171,16
-1,15
9139,15
8425,17
-1,15
-1,14
-1,17
3766,16
-1,15
-1,15
9644,16
-1,15
-1,16
7602,15
8375,17
9138,16
8992,16
4294,16
2554,14
-1,15
-1,15
-1,15
4368,16
-1,16
-1,17
9052,16
-1,16
822,14
3605,16
7806,15
-1,14
-1,15
2832,17
-1,15
-1,15
5382,16
-1,15
1155,17
-1,16
2638,15
2984,17
-1,15
3631,15
4298,15
6806,16
3423,15
-1,15
-1,15
7770,16
3493,16
781,17
-1,14
-1,15
9796,15
-1,16
-1,15
6951,16
-1,17
701,16
5342,18
2563,18
-1,15
6812,16
-1,14
1941,17
3814,17
-1,15
-1,15
6439,16
-1,15
6217,16
-1,15
8566,16
8281,15
-1,15
8414,15
4529,15
-1,15
1506,16
-1,15
-1,16
-1,17
-1,15
-1,14
32,15
-1,16
-1,15
5227,17
-1,15
-1,16
-1,15
8720,16
7267,16
-1,15
5798,16
-1,14
-1,17
8216,16
-1,14
3197,16
-1,15
-1,15
3543,15
-1,15
-1,16
-1,15
-1,15
9983,15
9487,17
-1,15
1002,15
-1,15
7559,15
5272,16
-1,14
-1,16
-1,14
-1,16
-1,16
-1,15
6384,16
-1,15
-1,16
2623,14
-1,16
-1,15
9602,17
7944,17
1605,17
-1,15
-1,15
-1,14
-1,16
-1,14
-1,16
7637,17
3776,16
5700,16
1679,15
7952,14
7800,16
7476,16
-1,15
-1,17
5368,18
7439,17
-1,14
-1,14
-1,15
2930,17
-1,17
-1,15
-1,15
-1,16
-1,15
-1,15
8709,15
-1,16
-1,15
5910,17
-1,14
3502,15
-1,15
5132,15
6699,16
1121,19
-1,15
4114,16
5138,17
5573,17
-1,15
5398,15
-1,15
-1,15
5773,16
1558,16
8759,15
-1,16
9358,15
-1,16
-1,16
-1,15
4939,17
9603,15
3394,17
-1,16
3415,16
-1,14
-1,14
-1,15
-1,15
7522,16
-1,16
-1,15
-1,15
-1,15
-1,14
3466,16
2467,15
6277,15
-1,15
7925,16
7093,15
-1,15
1014,15
2978,16
-1,15
5100,16
-1,14
-1,15
638,17
-1,14
-1,15
-1,15
-1,14
5533,16
5400,16
6575,16
6036,16
-1,15
-1,15
840,15
6317,16
5772,15
9408,16
-1,15
-1,16
-1,16
6725,15
6120,15
2672,16
-1,15
5447,15
-1,16
-1,15
8880,16
5892,16
8829,16
4113,16
-1,15
8707,17
-1,16
-1,15
9878,18
932,17
862,17
4536,16
145,14
4789,15
4641,15
6726,15
-1,14
3706,15
-1,15
2008,16
-1,16
-1,14
-1,15
-1,15
-1,16
7195,15
9509,16
-1,15
-1,15
-1,14
-1,15
7032,16
3229,17
-1,16
-1,15
-1,15
-1,16
-1,17
-1,15
-1,16
1969,15
9813,16
-1,15
-1,15
-1,15
2572,15
3632,16
1291,16
5840,15
-1,15
4137,17
-1,15
-1,14
-1,16
-1,14
-1,15
-1,15
2272,15
-1,16
-1,15
9673,15
390,15
-1,14
9337,15
-1,16
1313,18
-1,15
6594,17
3922,16
-1,15
-1,16
9400,16
-1,16
5947,16
8466,15
7997,17
3783,17
9983,15
-1,16
472,16
-1,14
-1,16
-1,16
6995,15
-1,16
-1,16
6574,17
2280,14
-1,15
8740,18
-1,16
-1,15
2345,15
281,15
3665,16
-1,16
-1,17
4775,17
3320,16
-1,15
8196,15
-1,15
9250,15
1198,16
3801,16
6462,15
8144,16
-1,15
703,16
1792,16
-1,17
-1,15
-1,15
-1,16
-1,15
5246,16
9638,15
4259,16
-1,15
-1,15
-1,14
-1,14
-1,15
5516,15
5281,15
9082,16
6078,17
5196,16
-1,14
4875,16
3866,16
-1,14
307,15
5700,15
608,16
-1,17
8197,16
3962,17
-1,15
9608,15
1052,16
-1,15
-1,15
8936,16
1504,16
3541,15
-1,15
-1,16
3575,16
-1,14
-1,16
-1,16
-1,16
8054,16
-1,15
7328,16
1917,16
-1,15
-1,14
7214,14
-1,15
-1,15
-1,15
5255,16
-1,17
902,15
-1,14
9351,15
3969,17
-1,15
3697,16
-1,15
-1,15
-1,15
7365,16
4958,15
4800,15
3294,16
-1,15
7534,15
8933,15
4689,14
-1,15
-1,15
4579,14
3058,17
-1,15
-1,15
-1,15
-1,15
-1,14
7098,16
9718,15
880,17
1322,15
879,16
2283,15
8883,15
5400,15
541,14
255,14
1679,16
5249,16
-1,15
1620,16
2882,17
4763,16
3396,15
732,17
6890,16
-1,15
-1,15
3198,15
6778,16
8443,16
-1,14
4798,15
9146,15
-1,15
5499,16
7289,15
3316,15
-1,16
-1,15
6511,18
-1,16
-1,16
-1,16
-1,17
-1,18
-1,16
9160,15
3253,15
4644,16
-1,14
1191,16
-1,15
6907,15
3368,17
-1,15
-1,16
-1,16
-1,15
-1,15
-1,15
-1,15
-1,14
3069,17
-1,16
713,17
2011,19
-1,16
-1,15
6581,15
61,15
5930,15
-1,15
-1,15
7669,15
2658,18
7829,15
2450,16
1432,16
8880,15
-1,14
-1,17
-1,15
856,16
913,15
-1,15
-1,15
9849,17
5904,15
-1,16
-1,14
-1,16
-1,15
-1,16
-1,16
-1,14
-1,15
-1,15
-1,14
-1,15
6714,16
6306,15
8844,16
8340,18
2626,16
-1,15
-1,15
-1,15
2175,16
4632,17
-1,16
90,16
8436,15
2376,17
5155,16
9222,15
-1,16
-1,16
5487,16
-1,16
8998,16
3431,15
5935,15
8986,16
9853,15
-1,15
3679,15
5571,15
-1,15
-1,17
1716,17
-1,15
4172,16
-1,16
-1,15
1041,15
-1,16
4869,15
2774,18
7666,15
-1,16
7730,16
-1,14
6253,15
362,17
2293,15
-1,15
5433,18
-1,15
3478,15
-1,15
-1,15
8279,16
-1,15
-1,14
8498,15
-1,15
-1,15
4095,16
7894,17
3126,15
-1,16
-1,15
-1,15
-1,15
8154,16
7165,16
-1,16
-1,15
5132,16
-1,16
-1,15
-1,14
7530,16
5560,14
4656,17
7448,17
-1,14
3335,17
1970,15
-1,15
-1,15
1245,16
-1,15
-1,16
1286,16
519,16
90,16
-1,15
3445,15
2795,15
-1,14
6676,14
9014,17
-1,14
8639,16
-1,14
7236,16
9421,15
-1,16
6265,15
-1,16
8303,15
4266,16
5444,15
-1,15
9774,17
-1,15
2774,15
-1,16
-1,14
-1,15
2930,17
-1,15
-1,15
9845,17
-1,15
-1,18
2267,16
-1,15
6589,14
-1,15
856,16
-1,15
2480,15
741,15
6171,16
-1,15
4980,17
1045,17
-1,16
302,15
6386,16
6329,16
7283,15
3685,14
-1,15
6233,17
-1,16
7386,16
-1,16
2386,15
8946,16
-1,14
-1,15
-1,17
3120,16
9344,16
-1,16
2705,16
-1,15
7347,15
-1,15
-1,16
5453,18
5245,15
4898,17
4048,16
8239,18
6442,17
-1,14
-1,17
-1,16
4341,16
-1,15
-1,17
8135,16
1773,15
6739,15
4520,15
6963,16
9511,16
-1,15
-1,16
8937,15
-1,16
5700,16
9399,14
-1,15
5555,16
4306,17
-1,16
-1,15
8662,17
-1,16
-1,15
-1,16
8436,15
6960,18
-1,16
-1,15
-1,15
-1,14
4627,16
4432,15
-1,14
-1,15
575,15
4723,16
-1,15
-1,16
-1,16
-1,16
-1,15
-1,14
8355,15
-1,15
4592,15
8579,15
-1,15
7802,19
6920,16
4996,15
5923,15
-1,16
-1,15
-1,15
-1,15
-1,16
-1,17
-1,15
-1,15
-1,16
-1,15
7007,15
-1,16
-1,15
9303,18
3914,16
2833,15
677,14
6548,15
9917,15
5241,16
484,15
4075,16
-1,15
9738,16
6407,16
-1,16
-1,16
-1,15
-1,15
-1,15
-1,16
-1,15
-1,15
8915,16
-1,16
-1,16
8134,16
3528,16
5394,16
7878,17
7900,15
-1,14
952,16
-1,14
-1,15
7917,15
-1,15
-1,16
950,16
9596,15
3675,17
4412,16
2598,17
-1,15
8234,15
3109,17
1615,15
9986,17
9891,16
2429,16
4940,15
-1,16
-1,15
3946,15
1833,15
5108,16
2501,18
-1,15
-1,16
-1,16
8883,15
-1,15
1376,16
545,16
1113,14
9993,18
-1,16
7992,15
-1,15
-1,15
1719,16
9898,16
8618,16
-1,15
-1,15
-1,15
8472,18
-1,16
-1,16
-1,17
2743,17
-1,16
-1,15
5382,16
-1,15
-1,13
3406,17
444,15
9038,17
-1,16
-1,16
-1,15
7111,18
6524,17
-1,15
-1,14
-1,15
749,15
3843,15
-1,16
-1,15
6593,17
1153,16
-1,16
-1,16
5589,15
-1,16
1785,15
7902,16
5390,16
-1,15
5693,16
-1,16
9298,16
2893,15
-1,17
433,16
-1,15
-1,14
-1,15
2505,17
-1,15
-1,16
-1,14
3630,17
-1,15
6408,15
3953,17
2967,16
1567,17
-1,15
-1,16
-1,15
4568,16
1179,15
-1,15
-1,16
875,17
1103,15
8058,16
3886,15
6581,15
3287,18
3910,16
-1,15
-1,15
2117,18
9892,16
-1,16
-1,15
-1,16
-1,15
9122,16
5682,17
-1,14
-1,16
-1,15
7514,15
7870,16
-1,16
-1,15
-1,14
7750,15
-1,16
6292,17
-1,17
-1,16
-1,15
-1,16
6037,16
-1,16
-1,14
-1,15
-1,16
-1,16
6725,17
-1,15
-1,15
7185,16
6597,16
4508,16
2766,14
7,15
3748,14
4262,15
-1,15
-1,16
4675,16
4478,16
6413,16
6492,17
4528,16
-1,15
5781,15
2906,15
6091,16
9684,16
-1,15
7765,16
5252,15
9451,15
7266,15
-1,15
1880,15
-1,17
8424,15
5474,15
-1,17
-1,15
6971,16
-1,15
-1,14
-1,16
-1,14
-1,15
1796,16
7969,14
1145,15
-1,15
-1,17
-1,15
7336,15
6162,15
9104,17
2167,16
-1,15
2025,15
-1,15
9822,16
5274,18
-1,16
-1,15
-1,15
4998,15
-1,15
-1,15
-1,15
-1,14
-1,16
5887,16
5633,16
3275,16
2127,15
-1,16
7035,16
953,15
8223,15
-1,15
-1,15
-1,16
1329,18
-1,16
-1,14
7258,17
-1,17
2446,15
-1,14
-1,16
-1,16
-1,14
-1,15
-1,15
8434,15
4913,16
2152,16
-1,15
-1,15
-1,15
3290,16
4216,16
-1,17
-1,15
-1,15
7372,17
5659,16
-1,15
6776,13
-1,15
3425,17
-1,16
9325,16
-1,15
8674,15
5606,16
1088,14
7792,17
6914,15
-1,15
-1,15
-1,15
8794,17
1299,17
-1,16
-1,15
1098,15
9157,15
-1,15
6467,16
5170,15
4501,15
-1,16
-1,16
-1,15
4115,16
552,18
1333,14
-1,14
-1,15
-1,16
446,16
2198,17
-1,16
-1,16
-1,16
-1,14
-1,15
1676,16
2735,16
-1,16
9056,15
-1,15
7514,16
6512,15
-1,15
2723,15
-1,14
-1,15
8767,15
5110,15
-1,15
9641,17
-1,15
6362,15
-1,15
-1,16
7204,14
-1,16
6384,15
6774,16
-1,14
196,16
-1,16
975,16
-1,16
2568,15
-1,15
5803,16
8165,14
-1,15
-1,17
5952,15
7271,16
-1,15
8054,16
-1,15
-1,16
616,16
6647,15
1355,15
-1,18
4576,16
-1,14
6084,16
7540,15
2061,16
8557,16
2836,18
-1,15
-1,16
3614,14
-1,16
7055,15
5897,15
5652,15
2812,15
-1,15
-1,14
3587,16
9310,17
-1,16
8934,16
1052,15
-1,15
-1,16
-1,15
1552,18
2785,16
6313,15
-1,15
8571,17
9113,15
-1,15
204,18
-1,15
-1,17
-1,17
-1,15
8009,15
-1,17
-1,17
6763,16
6135,17
2603,15
9392,17
-1,17
270,17
1018,15
-1,16
3847,16
-1,15
-1,16
5016,15
-1,16
9337,15
4129,15
-1,14
6392,16
-1,16
-1,16
-1,15
-1,15
6940,15
4688,16
2769,15
6506,17
7365,18
5059,16
-1,16
1603,17
5395,18
-1,16
-1,15
775,16
5561,15
-1,15
-1,15
3545,16
1726,15
-1,16
5329,16
6680,16
-1,16
5231,15
-1,18
-1,15
6851,16
3935,14
206,17
-1,16
9309,15
-1,16
-1,16
3065,16
1059,15
1185,15
-1,16
7538,14
-1,16
8344,15
-1,14
-1,16
8744,15
8358,16
-1,15
4265,17
-1,15
4444,16
-1,15
-1,16
-1,16
4453,15
-1,15
-1,15
-1,16
3181,16
300,15
-1,16
6525,15
-1,17
-1,15
283,16
-1,15
9248,15
5657,16
4809,16
4293,15
7633,15
-1,16
-1,17
4822,16
-1,17
-1,15
-1,14
5141,17
4092,17
-1,15
-1,15
4439,16
-1,15
6781,15
1778,15
7723,16
7467,16
2360,16
3650,16
-1,14
-1,15
682,17
3869,17
-1,15
-1,15
-1,14
-1,15
-1,16
9110,16
-1,17
-1,15
-1,14
-1,16
-1,15
-1,15
-1,16
355,15
-1,16
-1,17
-1,15
-1,16
1550,15
5395,16
-1,14
-1,16
8649,15
-1,16
1680,17
5412,16
3964,15
-1,16
-1,15
-1,14
9857,16
-1,15
5351,15
-1,15
7241,17
8312,16
9238,17
-1,16
-1,15
-1,15
1657,16
-1,16
-1,16
8643,15
9265,17
-1,17
4784,16
2840,15
-1,15
5856,14
-1,16
6544,15
-1,15
9283,17
-1,15
-1,14
8101,16
7953,16
1402,15
7751,16
-1,14
-1,15
8281,15
-1,15
7838,17
-1,16
-1,15
9438,15
4399,17
-1,17
-1,17
-1,16
-1,15
1528,15
8564,16
7675,15
766,16
4227,15
3138,17
-1,15
-1,14
-1,15
-1,14
-1,15
-1,14
7704,15
-1,16
-1,16
-1,15
9855,15
4198,14
1517,17
-1,14
74,17
2900,16
-1,15
-1,16
6103,14
-1,17
-1,14
-1,16
-1,15
-1,15
-1,15
9387,15
6,17
-1,16
-1,15
-1,14
-1,17
8769,15
-1,15
-1,15
-1,16
6945,16
8853,16
-1,15
-1,15
5990,15
2377,16
9836,15
5145,15
-1,15
2278,15
1106,15
6092,16
5532,18
311,15
-1,16
3941,18
-1,16
-1,14
8601,16
7059,18
1307,15
-1,15
-1,16
-1,15
1975,16
888,16
-1,15
-1,14
5360,18
-1,15
-1,15
-1,16
-1,15
-1,15
-1,15
-1,16
-1,14
-1,15
2128,15
-1,15
3525,16
-1,16
6526,16
-1,15
8515,16
-1,14
-1,15
8103,17
2531,15
4717,16
-1,15
-1,15
-1,16
5727,15
-1,16
-1,16
-1,14
3949,15
1115,16
8925,16
7991,15
-1,15
-1,14
-1,16
-1,14
-1,15
5886,17
7033,16
7292,16
-1,13
2507,16
9770,16
1135,16
-1,15
2600,16
-1,18
3649,15
-1,17
-1,14
1980,16
9786,16
6581,16
9604,16
3015,15
7515,16
1014,15
4442,15
-1,16
-1,14
3951,16
2323,16
-1,15
7337,16
-1,15
-1,15
-1,15
-1,15
-1,14
6429,15
-1,14
7143,16
-1,15
2320,15
5108,17
-1,16
-1,15
8929,17
-1,16
1370,16
-1,14
-1,15
3686,17
-1,15
-1,16
1961,17
914,15
6761,17
6211,15
-1,16
-1,16
1737,15
-1,15
3045,16
3848,16
1645,17
3580,16
763,17
2780,15
2301,16
-1,15
-1,16
-1,15
9785,15
8394,15
-1,15
-1,15
6934,17
1315,16
-1,16
7921,15
9800,17
-1,15
1686,17
2557,17
-1,14
-1,17
-1,15
9505,16
-1,17
-1,16
2598,18
7503,15
-1,15
-1,16
-1,15
-1,14
-1,16
3093,16
2634,16
3823,15
6514,17
-1,15
5714,15
-1,14
-1,15
-1,17
9172,15
-1,15
9197,15
1727,16
-1,14
-1,15
-1,16
2054,15
-1,16
-1,16
1299,16
5933,15
7929,15
-1,16
-1,15
-1,15
-1,15
-1,14
-1,14
1881,17
8497,15
-1,15
2421,17
2553,16
6432,16
-1,15
-1,15
6148,15
6531,16
-1,16
-1,16
1129,16
-1,16
9237,16
4459,16
3956,16
1831,16
-1,15
8346,16
4873,17
7859,15
8796,15
-1,15
4937,15
-1,16
9995,16
8896,17
-1,15
48,15
-1,15
1709,16
-1,14
-1,14
-1,14
801,16
-1,16
2277,15
414,15
4697,17
-1,15
-1,15
4830,16
-1,15
6655,15
-1,16
6885,19
6574,15
-1,16
6168,16
1444,17
-1,16
6292,15
-1,16
-1,14
-1,15
-1,16
4604,16
-1,14
1204,15
-1,15
-1,15
-1,15
-1,14
6001,17
-1,15
3146,15
-1,16
3502,14
6044,15
6087,15
3836,16
1040,16
-1,16
1002,16
-1,16
-1,16
5145,16
-1,16
-1,16
-1,15
1912,15
6594,15
4389,16
8709,14
7277,15
-1,15
4466,15
-1,15
-1,16
-1,15
4554,17
-1,16
-1,16
5466,15
3386,16
-1,16
-1,15
-1,16
7865,16
-1,15
2068,16
-1,16
6295,16
4114,16
1037,16
9562,16
4661,15
-1,16
9989,16
-1,16
-1,15
-1,14
4816,16
4459,17
-1,15
3082,16
9746,16
-1,16
2180,16
-1,15
-1,16
-1,16
-1,16
2048,16
8564,14
1004,17
4900,15
-1,15
6508,16
5394,16
5631,15
-1,15
7079,16
-1,14
4363,16
5654,16
3889,15
-1,15
5296,17
-1,15
-1,16
7257,17
7463,15
8701,15
-1,15
-1,15
-1,16
5589,15
-1,15
-1,17
2198,15
7484,16
3541,15
557,16
-1,15
-1,15
8599,14
5470,17
1228,15
9686,18
-1,15
-1,15
409,16
-1,16
1774,15
-1,14
9312,16
7355,15
-1,15
-1,15
-1,15
1720,14
4091,16
-1,16
396,15
-1,16
-1,14
-1,16
-1,15
4435,16
-1,15
4462,16
4890,16
-1,15
-1,14
-1,16
8841,17
-1,15
2731,15
8935,16
2920,15
-1,17
2248,15
-1,14
5846,16
1439,17
5110,16
3678,16
7223,15
-1,16
7875,15
-1,16
-1,14
-1,15
5348,16
-1,15
4009,16
-1,14
-1,17
-1,16
-1,15
6909,15
6235,17
9602,16
4239,15
-1,15
4857,15
-1,17
-1,15
2447,16
-1,15
-1,15
4667,14
6804,17
-1,17
6505,15
-1,15
-1,14
-1,15
-1,14
8503,15
-1,15
9102,17
-1,16
9966,15
-1,15
2013,15
-1,15
-1,14
568,17
-1,16
-1,17
-1,15
7273,15
-1,15
4747,16
1992,16
146,15
1663,15
9291,17
-1,15
1973,16
-1,16
-1,14
-1,16
-1,15
4765,16
-1,15
-1,16
1566,15
-1,15
-1,15
7987,17
2477,15
9062,16
3510,16
-1,15
3579,15
-1,16
-1,16
-1,16
-1,16
9047,15
867,15
-1,16
3304,16
-1,16
-1,15
-1,15
6183,15
8959,17
5917,15
-1,16
-1,16
5865,16
-1,16
3286,16
1899,15
-1,15
1613,15
3171,15
-1,15
1828,15
-1,15
-1,16
173,15
1215,17
4446,16
-1,15
-1,15
8794,17
8331,16
1653,15
-1,15
3122,16
7216,16
2570,17
-1,16
-1,15
5199,15
-1,14
4160,17
8720,16
7466,16
-1,14
2801,16
-1,15
6241,15
-1,15
8645,16
8637,15
5960,14
-1,15
-1,15
9224,16
-1,14
-1,16
-1,15
-1,15
6592,15
9876,16
-1,15
-1,14
438,15
-1,16
245,15
-1,16
-1,15
9193,16
5990,15
-1,14
-1,15
-1,15
1605,15
-1,15
2458,17
8360,16
-1,15
8510,16
6056,15
56,14
-1,16
922,15
3634,17
-1,15
-1,16
1562,16
1712,16
2651,16
6989,16
5271,17
-1,17
-1,15
-1,16
5806,15
1361,16
-1,14
-1,17
-1,15
4029,15
1860,16
2831,16
-1,16
-1,15
7227,15
6144,17
-1,16
8204,16
3826,16
3466,17
1458,17
-1,15
5615,15
-1,16
-1,15
487,17
3487,15
3977,15
-1,15
3403,16
4489,16
639,15
7216,16
5013,16
-1,14
-1,15
-1,15
-1,16
-1,15
5826,16
-1,16
929,16
6562,19
-1,16
9174,16
8533,16
-1,16
8621,16
3714,17
5158,15
6303,14
4879,17
9687,17
32,17
8713,17
-1,14
-1,16
-1,14
-1,16
-1,15
4630,15
-1,15
-1,14
4849,16
2275,15
5838,16
1393,16
6882,15
3551,15
-1,15
223,17
1049,16
2530,15
8484,19
3675,16
-1,16
-1,15
-1,17
7512,18
-1,15
5225,15
7062,15
1021,16
-1,16
-1,15
44,15
-1,15
1503,16
-1,15
-1,15
-1,14
4674,15
1402,15
5998,15
6921,15
-1,14
9742,16
7281,15
-1,15
-1,15
-1,16
6322,15
-1,15
293,14
8699,15
-1,15
1175,15
4039,15
8294,15
-1,15
2693,16
3641,15
9792,17
6131,16
446,15
-1,16
8414,16
1833,15
-1,16
-1,14
-1,15
-1,15
3016,15
-1,15
3638,14
-1,15
-1,14
-1,15
-1,15
-1,16
427,15
5037,16
7114,16
2253,17
-1,16
-1,15
5666,15
-1,17
7520,16
-1,17
-1,15
3789,16
-1,16
-1,15
-1,15
-1,15
1854,16
1189,15
-1,14
8488,16
-1,15
4260,16
7963,15
-1,15
325,17
-1,16
-1,16
5144,15
-1,15
5427,15
8084,17
-1,14
3044,17
8695,16
1201,15
-1,14
9151,15
3440,18
-1,14
-1,15
-1,16
-1,15
349,14
-1,14
141,15
2493,17
3597,18
882,16
-1,15
-1,14
5772,16
-1,16
-1,16
-1,14
-1,15
-1,16
-1,15
-1,15
-1,15
5967,15
-1,16
-1,15
-1,16
2330,15
2414,16
-1,15
-1,16
3932,16
9202,17
4886,17
5992,14
-1,15
-1,15
8674,14
-1,14
-1,14
-1,14
9110,15
1307,15
-1,14
-1,15
5423,18
-1,15
805,20
-1,14
3067,18
1513,16
-1,15
6968,15
8952,15
-1,15
2754,17
2905,15
2883,16
-1,15
9420,15
-1,15
-1,16
4898,18
-1,15
-1,15
921,20
-1,15
-1,15
2805,15
-1,16
-1,17
-1,16
8717,17
5469,16
1317,16
-1,15
-1,15
-1,14
-1,16
584,17
8476,14
-1,14
6575,16
6578,16
272,15
2424,15
4585,16
6015,16
4213,16
-1,15
6079,15
5912,15
-1,16
-1,16
7951,15
8145,16
-1,16
8358,16
-1,15
-1,16
676,16
4124,17
2910,16
-1,15
7451,16
2617,16
-1,15
-1,15
2516,17
1846,16
-1,14
-1,15
-1,14
4842,16
6435,16
262,15
-1,17
5212,18
8925,16
4158,15
-1,17
-1,15
289,16
-1,15
7581,16
-1,15
-1,16
4018,14
8726,16
-1,16
-1,16
2435,15
5217,17
5846,16
-1,14
3589,16
-1,16
8006,16
-1,15
702,16
7799,14
-1,15
8686,16
2702,16
3421,15
5285,16
1819,17
8154,16
9653,15
-1,16
8672,15
-1,15
4285,17
6059,15
-1,17
-1,16
5606,17
-1,15
-1,16
-1,15
4577,15
-1,15
8792,15
-1,15
1383,16
5587,15
-1,15
-1,16
7471,17
-1,17
703,14
-1,16
7928,16
-1,15
9812,16
7302,14
2073,16
5672,15
-1,15
-1,14
8111,16
3403,14
-1,15
-1,14
7683,18
3492,16
-1,14
2894,17
-1,14
-1,15
-1,15
1062,14
1557,14
-1,15
1266,15
1286,15
-1,16
-1,15
3666,15
5816,15
-1,15
-1,14
-1,15
-1,15
-1,16
4956,15
9183,14
-1,15
-1,14
2126,16
-1,15
-1,15
-1,14
831,18
7708,16
-1,15
-1,16
-1,16
-1,15
6223,14
9846,15
-1,15
-1,15
8188,14
1162,15
4145,18
-1,15
-1,16
-1,14
-1,15
-1,17
955,17
3622,17
7299,14
6839,16
-1,15
2890,16
2612,15
-1,14
6534,16
4647,16
-1,15
-1,16
-1,14
3856,16
-1,15
5495,14
5624,15
3523,16
3369,16
9940,15
6965,16
4458,16
-1,16
2564,15
483,16
-1,14
8371,15
9544,19
-1,15
-1,16
51,17
5803,16
-1,15
8212,17
797,15
1227,17
4737,16
-1,16
-1,15
-1,14
8685,15
64,16
-1,17
-1,15
-1,17
9309,16
-1,14
8433,15
-1,16
-1,15
-1,17
550,17
3164,16
-1,16
-1,16
-1,15
1200,17
4826,16
3284,16
-1,16
-1,16
1530,17
3635,17
7412,16
9516,15
-1,16
2715,16
6388,16
-1,15
8450,15
3000,15
-1,15
8563,15
6614,16
1558,15
1020,18
-1,14
-1,15
-1,15
-1,16
-1,15
-1,14
476,17
-1,15
-1,15
4047,15
9963,15
7195,15
-1,16
1889,19
4270,16
6708,15
-1,15
9316,17
2977,17
524,15
5402,16
-1,15
3494,17
737,15
1632,16
7118,15
-1,16
9481,16
2035,15
6996,17
6734,15
2522,18
-1,14
-1,14
613,15
-1,15
54,15
9239,17
-1,15
-1,15
2212,16
-1,16
5869,17
-1,15
5652,15
6195,17
-1,16
-1,15
9244,16
8048,17
2212,18
2998,14
-1,16
-1,15
-1,16
-1,16
-1,15
6168,16
7187,17
5200,16
535,15
-1,16
-1,14
1719,17
8192,16
3201,15
6213,16
2741,14
-1,16
4316,15
2809,15
3575,16
-1,15
-1,15
-1,16
3294,16
1836,15
-1,17
-1,16
-1,14
-1,16
-1,16
-1,16
-1,16
-1,16
898,17
-1,16
-1,15
-1,14
-1,15
-1,16
-1,16
-1,15
2458,17
-1,14
5536,15
2574,15
6339,16
-1,16
2242,16
3353,15
-1,15
1691,15
-1,14
-1,15
-1,16
-1,15
9144,18
-1,16
-1,15
1563,15
7061,14
-1,14
-1,15
979,15
-1,14
5578,15
-1,15
3063,15
7813,16
2899,16
-1,16
9003,14
-1,16
-1,15
4926,16
6127,18
4607,15
2848,16
-1,15
5440,15
-1,15
432,17
6047,17
8655,16
-1,15
-1,15
-1,16
-1,15
3571,15
1257,16
4994,16
915,17
8556,16
2548,15
547,16
1017,17
4899,15
3582,15
-1,16
-1,16
-1,14
-1,15
-1,15
-1,14
9104,15
-1,15
-1,18
-1,16
-1,15
-1,15
-1,16
-1,15
-1,14
-1,16
7615,15
3475,16
940,15
8762,14
391,17
7331,16
1064,17
-1,15
-1,14
6259,16
-1,16
7006,16
5160,16
2649,15
5091,16
8503,16
5063,15
-1,17
8960,16
-1,15
-1,14
3096,17
-1,14
-1,15
9931,14
5941,16
534,16
-1,15
7443,15
-1,15
-1,15
7828,16
-1,16
4456,15
6846,16
-1,15
-1,15
2940,17
1909,16
112,14
-1,16
-1,16
-1,14
6652,15
-1,16
91,14
8280,15
-1,17
1110,16
-1,16
-1,17
-1,16
9771,15
-1,17
7259,15
-1,14
-1,15
9942,15
1305,16
3739,16
6721,15
-1,15
6329,16
-1,15
9073,17
3412,16
4690,16
3407,15
-1,16
6122,16
6149,16
6712,16
-1,16
-1,15
1929,17
9872,14
-1,16
-1,15
-1,17
1792,15
-1,16
9324,16
5905,16
-1,14
200,15
2137,15
-1,14
9913,15
-1,15
-1,14
-1,15
1278,15
-1,15
3364,17
-1,15
255,16
8745,16
7590,15
-1,14
-1,15
-1,15
737,15
-1,15
2194,16
8753,15
5328,15
2485,17
-1,14
1326,14
-1,15
9231,14
-1,15
7260,16
6380,16
2174,15
-1,15
8617,15
256,14
-1,16
916,16
9451,15
2301,16
-1,15
-1,16
-1,17
6928,15
2507,15
-1,15
-1,15
-1,16
-1,15
-1,15
-1,16
-1,16
1370,15
-1,15
-1,15
3629,18
-1,16
-1,16
3005,15
871,18
5443,15
-1,14
-1,14
1193,15
8168,15
9742,17
-1,15
-1,17
-1,15
955,17
-1,16
-1,16
3958,17
-1,16
-1,15
4657,15
3798,15
4162,15
3498,15
2917,15
-1,15
9230,15
-1,16
-1,16
400,18
-1,15
-1,15
-1,15
-1,15
1106,15
-1,16
-1,14
-1,15
9215,16
-1,15
716,16
3685,18
7649,16
4302,15
5686,16
-1,15
-1,16
6482,15
5725,17
-1,16
-1,15
-1,16
6294,16
-1,15
1044,15
-1,15
-1,15
-1,15
6887,16
-1,15
9146,15
-1,18
-1,16
-1,15
-1,14
-1,16
-1,15
-1,15
-1,15
-1,16
3819,15
-1,15
-1,15
-1,15
1541,15
8963,17
6108,17
3187,16
-1,15
-1,15
-1,15
8331,14
-1,16
-1,15
8862,14
-1,17
-1,15
-1,15
-1,15
-1,16
3761,16
2658,18
9122,16
-1,14
-1,18
-1,16
-1,14
3630,15
-1,15
-1,15
-1,15
8464,15
-1,17
2935,14
-1,16
9303,18
-1,15
5847,19
4636,16
8325,16
-1,15
-1,16
-1,15
124,14
6039,16
7763,15
-1,15
-1,17
6330,15
2134,17
-1,16
-1,16
-1,15
-1,15
8856,15
6620,16
-1,14
9280,15
4003,15
-1,15
-1,17
8471,16
-1,16
2583,16
4333,15
-1,14
-1,16
8773,15
1582,16
-1,15
-1,14
1458,16
-1,16
473,15
9697,15
-1,15
6302,14
5527,16
-1,14
-1,15
-1,15
2543,16
-1,15
7556,17
-1,16
720,17
4480,16
1855,16
-1,17
-1,14
-1,15
141,16
2061,16
7216,16
153,17
4414,15
9780,14
-1,16
-1,18
-1,15
-1,15
9046,16
3020,16
1782,16
5221,16
-1,16
-1,16
-1,15
5156,15
2484,15
-1,14
1005,14
178,14
1221,16
8967,15
247,18
-1,16
2670,18
-1,15
-1,16
9103,15
2371,14
6207,15
5207,16
3117,15
7787,15
6532,15
-1,15
2314,15
-1,15
-1,15
-1,16
1967,15
3021,16
-1,15
7029,16
-1,15
-1,15
7249,16
7525,15
-1,16
-1,15
7664,15
-1,16
-1,14
-1,16
1889,16
6011,14
6703,16
4398,14
-1,15
-1,16
-1,17
-1,15
7980,15
-1,16
2478,17
9136,17
1641,16
-1,16
1479,16
-1,15
-1,16
-1,15
-1,15
-1,16
-1,15
-1,16
-1,15
6036,17
-1,15
-1,17
3689,15
-1,14
-1,16
-1,15
-1,14
-1,15
3572,15
-1,16
-1,16
-1,15
9702,17
2229,15
-1,15
-1,15
-1,15
511,14
6863,16
5549,16
7900,15
9947,17
9847,16
9542,16
7183,16
-1,15
4402,15
-1,16
-1,15
-1,16
-1,15
-1,15
7132,16
5355,17
-1,14
688,15
3054,15
1833,15
-1,15
-1,15
9703,16
-1,15
-1,16
6071,15
6294,17
-1,16
-1,16
-1,16
8026,15
7888,16
-1,17
-1,15
4599,14
-1,17
3284,15
6722,15
3420,16
-1,15
-1,15
5624,14
-1,15
9157,16
-1,15
9247,15
3224,15
8641,16
6635,15
8415,15
-1,14
6454,15
8766,15
-1,15
-1,14
-1,15
-1,15
3973,16
-1,15
6534,16
-1,15
4993,16
6315,16
-1,16
430,15
-1,15
8534,15
9259,17
-1,16
2973,16
2828,15
3471,16
1000,17
-1,15
-1,15
-1,15
-1,15
-1,15
-1,15
8315,17
960,17
4171,17
-1,16
9209,17
3589,15
7372,16
-1,16
-1,15
3781,16
-1,15
5077,15
3247,16
-1,15
9491,15
4989,15
-1,15
3558,16
-1,15
-1,15
4297,16
9967,17
5253,15
1370,16
7329,16
9636,15
-1,14
-1,14
2056,16
9060,16
-1,17
7396,14
-1,16
1990,16
9776,16
1473,15
4203,18
-1,15
667,16
9869,17
-1,14
-1,16
-1,15
-1,15
-1,16
-1,16
-1,15
-1,15
6431,16
7727,15
864,17
-1,17
4800,17
-1,14
9077,15
-1,14
-1,14
-1,15
1529,15
-1,14
-1,15
3474,15
-1,16
6373,15
-1,14
-1,15
-1,15
3265,15
6464,15
-1,16
1658,15
-1,15
-1,14
-1,15
9114,17
-1,15
-1,15
-1,14
3638,16
5416,16
6878,17
1882,17
-1,16
8163,16
-1,15
2971,15
7860,15
3275,15
1340,15
3619,16
9982,16
-1,15
-1,15
730,17
1687,18
-1,14
-1,15
-1,15
-1,15
9181,14
2121,16
3743,15
2523,16
9226,15
8302,15
6373,15
4149,18
9834,16
3681,14
1774,15
-1,16
1303,16
4035,15
8967,15
-1,16
7909,17
-1,15
-1,15
-1,15
-1,15
-1,16
-1,15
5742,18
3938,16
5978,15
857,17
1586,17
7010,16
-1,16
2282,16
-1,14
4724,16
-1,16
-1,14
2135,16
-1,16
8198,17
-1,13
9957,16
-1,15
-1,15
3585,15
2194,15
-1,15
9077,15
5205,15
-1,15
-1,18
-1,15
5462,16
-1,16
-1,15
4072,17
-1,15
8693,16
9523,15
1884,15
-1,16
6146,16
-1,16
1966,16
7168,15
5220,17
-1,16
9136,17
6857,16
3748,16
-1,14
-1,15
-1,16
1540,17
-1,14
2854,16
-1,15
-1,16
9063,17
7904,15
9320,15
746,15
6904,17
-1,16
-1,15
-1,16
-1,15
5586,15
-1,16
4848,17
-1,15
-1,14
-1,15
626,16
-1,14
-1,15
-1,16
8415,14
2544,14
-1,15
5259,16
-1,17
1638,15
8138,15
-1,15
4808,16
8351,15
9797,16
162,16
7108,16
5355,16
7508,16
-1,15
-1,15
9884,17
-1,16
-1,16
-1,15
6248,16
-1,15
4461,16
37,16
956,14
466,15
-1,15
3315,15
4041,15
4539,16
5963,15
5183,15
1112,17
-1,16
-1,17
941,15
-1,15
5132,16
-1,14
-1,18
3869,15
1528,15
-1,17
-1,16
4305,15
-1,15
2895,16
9308,15
-1,16
7278,15
7423,14
2528,16
6805,17
-1,16
-1,17
6253,14
-1,14
9538,15
-1,15
-1,15
8878,16
5023,15
1749,16
7123,16
7165,17
-1,15
2641,15
6134,18
1332,14
7495,16
-1,15
-1,15
1304,15
-1,15
-1,15
7006,15
-1,16
4171,15
154,15
7267,16
2924,16
1832,16
-1,16
-1,16
-1,16
7626,17
131,16
-1,16
-1,16
-1,15
-1,16
-1,15
-1,15
7731,16
591,15
-1,15
-1,15
6665,16
5963,16
-1,15
-1,15
-1,15
9325,15
3590,16
8271,15
-1,15
834,16
9097,16
-1,15
5910,15
-1,15
-1,15
974,16
-1,14
-1,16
8066,15
-1,16
-1,16
-1,14
-1,15
3948,16
-1,15
-1,15
-1,15
-1,15
-1,15
3253,18
9352,15
-1,17
3910,15
3467,15
-1,15
8851,17
-1,15
132,18
-1,16
2501,15
4273,16
794,15
-1,16
3519,17
161,16
-1,15
4105,17
-1,15
9078,17
-1,14
5394,15
-1,14
4177,16
7133,15
-1,16
3020,17
-1,14
-1,16
-1,15
301,17
-1,15
-1,16
-1,17
-1,14
-1,15
7124,15
6248,16
822,16
-1,15
5965,14
5290,16
-1,14
-1,15
-1,15
1259,14
-1,14
-1,16
-1,15
1385,16
523,14
-1,16
-1,14
7031,17
8375,18
9909,15
5562,16
5100,15
8432,15
-1,14
-1,15
1631,16
3510,16
9081,16
9612,16
-1,17
2309,17
-1,15
5349,18
-1,16
-1,16
-1,17
1343,16
-1,16
963,17
2623,16
9905,15
5409,16
-1,15
-1,14
-1,14
-1,15
3857,17
2027,15
9787,17
-1,16
-1,14
9946,16
7132,18
2546,15
-1,16
-1,16
-1,16
-1,17
-1,15
2004,16
-1,16
-1,16
727,15
7628,17
-1,15
-1,15
-1,15
3790,16
-1,15
3280,17
-1,16
-1,15
131,16
7673,15
-1,15
9527,15
-1,16
-1,15
-1,15
-1,15
7818,17
1555,17
-1,16
8691,16
8321,16
6025,15
3139,17
-1,15
5922,15
-1,14
8720,17
-1,16
-1,15
-1,15
6073,16
-1,14
-1,16
8608,15
-1,15
-1,16
-1,15
6183,16
-1,17
3580,16
-1,15
-1,15
9305,15
8235,17
-1,15
2392,16
-1,15
8912,17
6270,16
-1,16
-1,14
7806,16
8402,15
-1,15
-1,15
-1,15
5980,16
-1,15
-1,15
9723,16
-1,15
-1,15
-1,15
1359,17
-1,14
4063,16
-1,15
-1,15
-1,15
8753,15
-1,16
-1,15
9064,17
-1,16
-1,15
6901,15
-1,15
1198,18
-1,15
-1,16
-1,15
-1,15
2612,14
-1,16
7942,16
7264,17
-1,16
6131,17
-1,15
-1,15
4152,16
-1,16
-1,15
-1,16
2928,15
8094,15
3186,15
8281,16
-1,15
5066,14
-1,14
2623,16
7104,16
-1,14
-1,15
8689,17
-1,15
6668,15
8085,17
-1,15
-1,15
-1,15
3313,15
9272,19
-1,14
-1,15
-1,15
-1,16
6564,16
102,15
794,15
-1,16
-1,15
-1,16
-1,15
536,17
1080,17
5593,15
9808,16
7428,14
-1,15
-1,14
-1,16
-1,17
-1,15
-1,16
643,15
-1,16
2535,16
7492,15
-1,14
-1,16
-1,15
283,16
-1,15
7975,15
-1,16
-1,17
-1,14
-1,15
8167,17
-1,15
9866,15
4557,16
-1,15
-1,15
6322,15
-1,15
-1,16
-1,15
-1,14
7241,17
3088,16
4290,15
9622,17
9490,17
-1,16
9761,15
-1,16
-1,15
-1,15
-1,15
-1,14
5538,15
8644,17
-1,16
-1,16
3778,15
-1,15
-1,17
-1,14
-1,15
-1,15
-1,16
-1,16
-1,17
3376,16
-1,15
5397,15
-1,16
-1,16
-1,16
-1,15
-1,15
1687,16
-1,16
-1,17
-1,14
6523,17
4911,16
4288,15
-1,15
-1,16
-1,15
9806,16
6758,16
-1,15
-1,15
719,16
-1,16
8055,15
-1,16
-1,16
7905,16
8538,18
-1,15
3342,16
-1,15
3566,16
-1,15
-1,16
-1,15
5922,15
7845,17
-1,16
5150,14
-1,15
-1,15
7748,14
843,15
-1,16
4431,16
5181,15
7792,16
-1,15
-1,16
-1,15
-1,16
-1,16
3341,16
6968,15
3785,15
6253,14
-1,17
5772,15
9316,16
-1,15
-1,17
6899,16
-1,15
2135,15
3447,16
2749,15
-1,15
-1,15
9855,16
-1,16
-1,16
1549,15
7278,15
6859,15
7842,15
4053,17
-1,15
-1,15
3063,17
8344,16
9053,16
4851,17
8957,17
-1,15
2943,16
-1,14
-1,15
901,16
-1,16
1251,15
-1,17
-1,16
-1,15
-1,15
9760,15
1183,15
7208,17
7794,15
-1,15
-1,15
-1,15
7966,16
4181,14
7480,16
9857,17
-1,15
880,16
4749,17
1190,15
-1,15
2276,16
-1,16
-1,14
631,16
8406,16
-1,15
2682,16
3232,16
-1,14
-1,15
3124,16
-1,15
-1,16
-1,16
4726,17
4432,17
-1,15
-1,15
6922,15
-1,16
675,15
5409,14
9458,16
2869,16
-1,15
-1,15
-1,15
-1,16
-1,15
2881,15
4396,18
8775,17
5717,14
-1,15
-1,15
-1,16
3532,15
-1,15
540,15
-1,16
-1,15
-1,14
524,16
188,16
3171,17
845,15
4100,15
-1,14
7841,14
8324,14
773,16
-1,15
5891,15
-1,15
6586,15
7746,16
233,16
-1,15
5892,15
7000,16
-1,15
7118,15
9839,15
-1,16
7315,16
-1,15
-1,17
6909,16
-1,15
-1,16
-1,15
7035,14
-1,16
1372,18
7071,16
-1,16
-1,16
-1,15
-1,15
-1,15
-1,15
-1,15
-1,16
4450,15
-1,15
7838,17
1037,16
3563,16
-1,16
-1,16
5590,16
1980,16
77,15
9935,15
9732,15
-1,15
4724,16
2004,16
986,15
-1,15
1924,16
9698,16
-1,16
9236,15
-1,18
681,15
952,16
5731,15
-1,16
-1,16
5400,16
-1,16
9717,16
1254,16
9579,15
-1,15
3890,14
-1,16
-1,14
5606,17
7333,15
-1,15
2472,15
-1,17
-1,15
-1,16
-1,15
-1,14
746,15
2062,17
-1,14
-1,16
-1,16
-1,16
-1,16
3455,16
8971,16
-1,16
-1,16
-1,14
4243,16
1278,16
-1,15
1739,16
-1,16
407,15
-1,15
5865,17
40,16
-1,15
6943,16
9383,15
-1,14
8354,15
4949,15
8428,16
3025,15
2897,15
6570,16
-1,16
-1,15
-1,16
-1,15
4507,15
-1,16
-1,15
805,20
-1,15
5851,16
-1,16
-1,16
1615,16
-1,15
-1,15
9437,15
7592,15
-1,14
-1,15
-1,15
3014,14
4707,18
-1,16
-1,17
2939,16
6834,16
-1,15
-1,15
-1,15
4193,16
-1,15
-1,15
4550,16
8187,17
-1,14
870,17
32,16
9778,16
-1,15
9315,14
7525,16
-1,15
5464,17
5783,14
3833,16
9944,17
226,16
1635,15
9511,16
1422,14
-1,15
-1,16
4183,17
-1,16
-1,15
3332,15
2021,17
-1,14
9756,16
4396,16
6777,15
9653,15
3720,16
-1,16
9543,15
4662,17
-1,16
4616,14
2244,17
-1,16
2578,17
585,16
5496,15
-1,15
-1,16
-1,15
-1,14
-1,16
-1,15
8311,17
-1,14
4254,17
2683,16
-1,16
5939,15
-1,14
-1,15
1419,14
3157,15
-1,14
5627,16
8383,15
7754,15
6259,17
3251,16
599,18
-1,16
-1,15
-1,16
9592,15
-1,15
-1,16
6495,18
-1,15
3499,16
-1,15
-1,15
3866,16
5139,17
-1,15
-1,14
-1,15
-1,15
5645,16
773,15
7812,17
4291,17
5581,15
-1,15
4167,17
6995,15
-1,15
-1,16
-1,15
-1,14
5105,16
7493,15
-1,15
4628,15
1883,18
3185,16
-1,16
4931,19
5834,14
662,16
1952,15
-1,15
1412,16
1981,14
-1,16
-1,15
4975,18
5656,15
-1,16
-1,14
4681,16
-1,16
6825,15
2950,16
5968,15
8788,15
-1,15
125,16
948,17
3927,16
-1,15
8810,16
-1,15
8343,15
-1,16
275,16
-1,15
3341,15
-1,15
-1,15
-1,16
5501,18
9655,16
9595,16
7267,15
-1,16
-1,17
9687,15
3221,15
2830,15
8260,15
-1,16
-1,16
8554,17
-1,15
6625,16
4921,17
-1,16
86,15
-1,16
578,16
-1,16
8279,16
5708,16
-1,16
-1,15
-1,16
-1,15
8657,17
-1,15
7396,14
-1,15
-1,16
347,17
-1,16
4183,16
-1,16
-1,15
2155,15
9818,16
-1,15
-1,16
6440,16
1841,14
6689,16
4887,16
2122,16
2548,15
-1,15
5695,16
2933,15
-1,15
-1,14
-1,16
-1,15
5725,17
5009,15
3753,16
3518,16
-1,16
9597,14
-1,16
-1,15
-1,16
-1,16
7484,17
9382,16
-1,15
1374,16
-1,16
-1,14
-1,15
3484,16
-1,14
-1,16
-1,15
2290,16
2013,15
4324,18
428,17
-1,16
6063,16
6993,16
-1,15
904,16
1128,17
7706,16
2787,15
-1,15
-1,15
-1,15
8393,17
-1,15
7032,17
3555,15
-1,15
-1,15
-1,16
-1,16
-1,16
948,17
4106,17
-1,15
-1,15
-1,16
-1,15
-1,14
-1,14
-1,14
1451,15
7908,17
-1,15
-1,15
1304,17
8718,18
6504,16
-1,16
2701,16
-1,15
-1,15
6753,17
-1,15
1607,16
-1,14
-1,14
5007,15
-1,16
3734,17
-1,16
4167,15
3108,16
8139,16
-1,17
-1,15
1695,15
3584,16
-1,15
2368,17
-1,14
9928,14
2234,17
-1,15
5079,15
-1,15
-1,14
-1,16
-1,15
-1,15
-1,15
9045,17
-1,16
-1,15
6862,15
5521,15
-1,16
7216,14
9747,16
-1,15
189,15
-1,17
-1,16
3769,17
-1,15
-1,15
-1,14
6189,16
-1,15
-1,15
8770,17
-1,15
4904,16
3339,17
-1,15
-1,15
-1,14
512,16
-1,16
-1,16
-1,15
-1,15
-1,15
-1,15
-1,16
-1,14
-1,17
625,15
-1,15
-1,16
-1,15
-1,14
5490,16
3364,15
1779,15
-1,16
2655,17
5743,14
-1,15
-1,15
-1,14
8021,16
-1,15
-1,16
7604,16
-1,15
3714,14
4067,16
6650,16
3911,15
-1,17
4206,14
-1,15
-1,15
7842,15
-1,16
-1,14
-1,16
90,15
6804,16
3225,15
9673,16
6810,16
4180,16
5427,16
-1,15
-1,16
1096,16
-1,15
8158,16
4912,16
-1,17
-1,15
-1,15
7369,16
-1,15
5963,16
1317,15
-1,16
-1,16
4272,16
-1,15
-1,16
-1,15
-1,15
2293,15
-1,16
-1,15
-1,14
-1,15
-1,16
-1,15
-1,16
6438,16
9407,16
2518,17
-1,16
3201,14
8322,15
8358,15
6232,16
2741,15
1720,15
3751,15
-1,16
260,16
-1,17
1161,16
1544,14
2043,16
8968,15
4693,17
2863,16
4952,15
4667,16
-1,16
230,15
-1,15
8969,15
-1,15
-1,14
176,15
1030,15
4926,16
7661,15
-1,14
1946,15
2927,15
-1,15
666,17
7318,15
8169,15
4860,16
4078,15
-1,15
-1,14
-1,18
7707,17
-1,17
6454,16
-1,15
5985,15
-1,15
8262,15
8556,16
-1,15
3752,16
4573,16
-1,15
-1,16
-1,16
8500,16
6474,16
9302,17
3290,18
1427,14
4666,15
7404,17
1984,16
3578,15
-1,15
-1,15
3254,15
5504,16
6445,16
-1,15
1555,16
5469,16
4331,17
-1,15
2427,16
2,16
-1,15
-1,15
2308,15
-1,15
1772,15
659,16
1753,17
7780,16
-1,15
-1,15
7310,14
94,15
-1,15
7524,15
9203,15
2019,16
9587,15
-1,15
8289,16
-1,15
-1,16
7959,16
-1,15
-1,15
3552,16
1789,16
2294,17
-1,14
-1,15
-1,15
8465,16
-1,15
6897,15
-1,15
1320,16
-1,15
-1,15
-1,15
-1,16
-1,15
-1,15
4700,15
-1,16
-1,14
8242,16
-1,15
-1,15
-1,15
-1,15
5198,14
1550,14
-1,16
-1,14
-1,14
-1,16
-1,15
8991,17
6034,16
8349,17
1577,15
-1,16
-1,15
-1,15
-1,16
-1,16
7709,16
7824,16
-1,16
5412,15
4435,16
-1,16
3064,15
8417,15
5450,16
7796,16
5310,17
4657,15
-1,15
9139,15
4296,17
5274,15
3218,16
4337,15
-1,15
7636,15
-1,15
8671,15
-1,16
-1,15
5885,15
5433,16
-1,17
-1,15
-1,15
8052,15
-1,15
6901,17
1042,16
8771,15
5666,15
332,17
-1,15
-1,15
-1,15
5303,15
559,16
-1,15
-1,15
3631,15
2565,15
2121,15
-1,15
-1,15
-1,15
6303,14
-1,16
2747,16
275,16
1607,16
5625,15
7087,16
-1,15
-1,15
5911,17
4175,16
6220,17
7451,14
-1,18
4539,15
9920,16
8132,16
3243,16
-1,14
6219,16
3429,15
2070,15
-1,15
-1,16
2284,14
-1,15
-1,15
-1,15
-1,14
9710,16
70,15
5588,15
-1,15
-1,15
2399,16
-1,15
8914,15
5717,17
1468,16
-1,15
-1,16
448,18
-1,15
3342,15
1557,15
-1,14
6667,17
-1,14
4469,16
7666,14
9684,16
-1,16
1781,15
5352,17
360,15
-1,14
-1,16
9813,16
3767,15
-1,15
6867,16
7459,15
7000,14
4731,18
-1,16
961,17
-1,16
119,14
4706,15
-1,15
4788,15
-1,17
3479,15
-1,16
8689,15
-1,15
9113,15
6341,16
-1,15
-1,14
8968,15
-1,18
-1,15
-1,16
-1,16
9412,16
9455,17
-1,15
-1,17
-1,17
311,14
-1,16
3560,16
6941,16
8808,15
9305,16
-1,14
-1,15
4219,16
1442,15
5641,15
8586,16
2795,16
-1,15
8400,16
-1,16
4440,18
1551,15
3027,15
504,15
4613,17
-1,16
7858,17
8644,16
6600,16
-1,15
4728,15
-1,14
7825,15
-1,15
5343,15
8497,16
-1,15
-1,15
-1,15
1002,17
-1,16
4696,17
-1,16
-1,16
-1,15
-1,15
4047,17
-1,14
1350,15
2944,16
3645,15
3682,15
-1,14
-1,16
4049,16
9638,14
-1,15
-1,15
6124,16
7874,16
-1,16
-1,15
-1,16
-1,14
-1,14
-1,14
7351,16
2197,18
-1,15
8267,16
623,18
4450,17
-1,15
482,15
-1,17
2735,15
1542,16
-1,15
7319,17
8080,15
-1,16
2235,15
-1,15
-1,15
4681,17
740,17
8926,15
968,15
-1,15
9134,16
3638,16
1520,15
1868,17
2717,15
-1,15
-1,14
8557,16
7826,16
-1,14
-1,16
-1,15
-1,15
9836,16
-1,15
459,16
3592,17
-1,15
-1,15
6692,16
-1,14
1163,16
3757,16
1893,16
264,15
6258,17
9494,15
6805,14
5039,15
8619,15
-1,17
-1,16
917,17
1947,14
3861,17
2088,15
2438,15
1872,14
-1,15
-1,16
6798,16
1256,16
-1,15
-1,15
-1,15
2858,15
-1,16
-1,15
3934,15
3243,16
4494,16
-1,15
5182,16
6442,15
6947,14
3388,16
-1,15
641,18
2925,15
8568,15
3366,17
-1,15
31,15
600,14
-1,15
2932,15
5161,16
964,16
7604,15
2942,15
-1,15
-1,15
8915,16
-1,15
-1,14
3932,16
8965,16
-1,16
-1,15
-1,15
7327,16
-1,16
-1,15
-1,16
-1,15
-1,14
32,14
5574,16
-1,15
1985,15
-1,16
-1,16
2153,15
-1,16
4643,16
-1,15
-1,16
7930,16
-1,16
478,16
8854,15
5453,15
-1,15
-1,15
800,15
-1,16
-1,15
-1,15
124,14
-1,15
-1,15
9542,15
-1,15
-1,16
7642,16
-1,15
5066,16
5546,16
4060,16
2878,16
5494,15
-1,15
-1,16
-1,16
100,16
3075,15
5562,15
7719,16
-1,15
9820,15
-1,15
9376,16
2737,18
-1,15
5096,15
5546,15
-1,15
-1,17
-1,15
2321,17
6831,16
-1,15
4830,18
-1,16
596,16
-1,14
589,16
-1,16
3500,18
-1,16
6468,17
7141,16
-1,15
-1,15
-1,16
-1,15
8072,16
7037,15
-1,15
557,16
1277,17
-1,15
7172,15
1442,15
-1,16
-1,15
-1,16
5166,15
8447,15
7937,16
-1,16
-1,15
503,17
6299,14
3364,15
-1,17
-1,16
-1,15
-1,15
3909,14
-1,15
-1,16
658,16
-1,16
9816,15
-1,15
5261,14
2155,16
8262,15
4760,15
9646,15
-1,15
-1,15
2478,16
7060,16
5213,16
-1,15
296,19
-1,16
5051,16
9557,15
8670,15
-1,16
-1,17
8233,16
-1,16
6940,15
-1,15
-1,14
-1,14
-1,16
-1,14
-1,16
2473,15
7501,17
-1,15
-1,17
511,17
8143,16
-1,14
-1,17
2496,15
-1,17
6453,17
7778,15
-1,16
4355,16
-1,16
-1,16
-1,15
2487,16
-1,15
-1,15
896,14
4086,16
-1,15
-1,15
-1,15
-1,15
7940,15
5223,16
-1,15
5415,16
-1,15
-1,14
4844,15
7010,15
-1,16
3428,16
9203,16
-1,17
7583,15
-1,15
-1,17
4616,15
-1,15
-1,15
-1,16
5740,17
4567,15
4230,14
5102,14
-1,15
-1,16
-1,15
6540,16
4282,15
-1,15
-1,16
6113,16
-1,16
-1,15
-1,15
4888,16
-1,16
6066,16
-1,15
-1,15
2847,16
7921,14
296,17
9576,18
7380,16
1607,15
7928,16
-1,16
-1,15
5747,17
3310,16
-1,15
-1,17
-1,15
-1,15
-1,15
6816,15
-1,15
7115,15
-1,16
8097,16
-1,16
-1,15
-1,16
-1,15
9708,17
758,15
4471,15
9331,16
-1,16
-1,15
-1,15
-1,15
3901,16
7614,16
-1,14
4904,16
-1,16
355,15
6400,16
3849,15
2015,15
-1,15
6485,16
-1,14
-1,15
7281,16
467,17
-1,14
7017,16
-1,14
6201,14
5647,15
8593,17
-1,15
-1,14
8444,15
8046,14
-1,16
-1,14
6525,14
5087,17
4210,15
4171,17
520,17
3109,15
-1,17
-1,15
2693,16
-1,15
635,17
5627,16
8005,15
-1,16
4490,16
3023,15
-1,15
-1,15
-1,14
3502,16
-1,16
-1,15
-1,14
-1,17
3880,15
4750,17
6184,16
6172,16
7959,15
4963,14
-1,16
-1,16
-1,15
-1,15
6142,16
-1,14
-1,15
-1,15
8389,15
-1,16
3096,16
-1,14
-1,14
-1,15
-1,15
-1,15
-1,16
-1,16
-1,17
-1,15
-1,17
-1,15
8497,16
-1,15
-1,16
-1,16
1498,17
2849,15
-1,15
-1,15
-1,15
-1,17
816,14
8009,18
6617,15
6450,14
-1,16
-1,15
504,15
-1,15
-1,16
-1,15
-1,14
-1,16
5590,19
-1,14
-1,15
-1,16
8924,15
-1,15
-1,15
7020,15
-1,14
4397,16
-1,15
2774,18
6798,18
6603,17
-1,15
987,17
-1,14
1731,17
7990,16
-1,15
3324,14
891,15
-1,15
-1,15
-1,15
1075,16
5451,15
8158,16
5777,16
-1,15
-1,15
-1,15
6848,15
2820,15
1237,16
-1,16
1300,15
4087,16
7259,15
-1,16
-1,15
-1,16
-1,15
-1,15
2432,16
-1,14
9083,16
-1,16
-1,14
-1,15
-1,15
5794,15
-1,14
-1,15
9632,15
-1,15
5404,15
-1,16
9138,17
8911,16
4450,17
9920,15
7725,17
-1,15
9501,16
-1,15
9353,17
3292,16
6388,17
-1,15
-1,14
-1,16
4682,15
488,15
-1,16
9967,16
1386,16
9295,16
5991,16
-1,14
7226,17
2856,16
5073,17
-1,16
-1,14
-1,14
6919,15
1971,17
1874,15
6101,16
2280,15
-1,16
7656,15
4072,16
735,16
9765,18
-1,19
-1,16
247,18
487,15
-1,16
7815,15
-1,16
6050,16
-1,14
9088,17
4122,16
2470,15
-1,14
-1,15
-1,16
9981,16
-1,16
1665,17
-1,16
3345,15
-1,16
-1,15
5067,17
8581,17
-1,16
-1,14
7367,16
4341,19
7482,17
7288,14
19,16
3809,16
716,16
595,17
-1,15
5622,15
8376,15
-1,16
4895,15
9890,16
761,16
219,15
4836,15
9519,16
-1,15
3782,15
9914,15
-1,15
322,16
4859,18
3194,16
-1,16
5499,16
-1,15
-1,14
2983,16
-1,14
-1,15
4361,17
-1,14
-1,15
-1,16
-1,16
-1,17
-1,15
4173,15
-1,15
195,15
-1,15
-1,14
5777,16
622,15
195,15
-1,16
1876,15
-1,16
9153,16
-1,15
-1,15
7902,15
6423,17
2498,14
-1,15
-1,16
-1,15
3153,16
-1,17
4855,14
5649,15
-1,15
9176,15
-1,14
9966,15
-1,15
5834,16
5920,18
-1,14
5329,16
-1,15
9404,16
2585,16
9372,15
-1,14
-1,15
-1,16
6086,16
-1,15
8543,15
4002,16
-1,15
-1,16
-1,17
8991,15
848,18
-1,14
3476,16
-1,16
-1,15
-1,16
8005,15
-1,16
8177,15
2033,16
-1,16
468,15
917,16
-1,16
-1,15
-1,15
1369,16
-1,16
1464,15
6424,15
-1,15
4516,17
-1,14
3044,15
-1,15
7071,17
5957,17
-1,16
-1,16
-1,15
9272,16
4206,15
472,16
-1,15
5377,15
-1,15
-1,15
811,16
-1,15
603,15
4914,15
355,15
1236,16
9146,17
-1,16
-1,17
5863,15
4253,14
-1,16
469,16
4070,16
9986,17
-1,15
-1,14
-1,15
-1,16
2886,16
3998,16
-1,16
-1,16
-1,15
4753,16
-1,16
6704,17
-1,14
-1,15
-1,16
-1,15
250,16
-1,15
5178,15
6546,16
-1,15
504,16
-1,15
296,14
-1,16
-1,15
9852,17
-1,16
-1,15
2517,16
-1,15
3566,15
-1,15
-1,17
-1,14
-1,15
8258,16
-1,15
-1,15
-1,14
-1,17
4822,15
9024,18
5660,16
-1,15
-1,15
-1,15
-1,15
-1,15
-1,15
8018,15
-1,15
3094,15
-1,15
4323,16
-1,14
8058,15
7278,15
-1,15
7764,16
-1,15
-1,14
-1,14
3049,18
-1,16
-1,15
4315,17
4079,15
125,15
-1,15
-1,16
6139,15
7034,15
-1,15
527,17
-1,17
-1,15
-1,17
-1,15
3201,15
4449,17
5654,16
-1,16
3689,15
5166,15
2445,15
-1,14
5113,15
4293,15
-1,14
-1,17
-1,16
-1,16
6961,14
-1,17
-1,15
7232,16
415,17
-1,15
4726,17
-1,15
5911,16
4359,17
-1,15
6290,15
6431,16
-1,16
2930,17
7051,16
-1,15
8217,16
-1,15
430,15
-1,15
-1,15
6070,15
3309,15
9245,15
3288,16
9896,16
-1,15
-1,16
-1,14
2065,15
4953,17
-1,15
4135,17
8981,17
6141,15
-1,15
-1,16
8925,17
6511,15
-1,15
-1,15
2648,15
-1,14
3477,16
-1,16
832,15
5064,15
8244,17
5785,15
-1,16
-1,14
-1,15
6897,15
4434,16
4640,16
7837,15
9209,15
9659,17
-1,16
7292,15
-1,14
1754,16
-1,16
-1,15
77,15
4931,19
5720,16
-1,15
-1,15
-1,16
-1,14
9548,15
8260,15
6517,16
4665,17
8271,17
-1,15
7777,16
-1,17
-1,16
-1,16
6570,15
6569,17
4461,15
-1,14
-1,15
5050,15
-1,16
1763,15
5714,15
2819,16
7437,15
4468,16
6690,16
-1,17
1332,15
1870,15
1771,15
2320,15
-1,16
-1,14
-1,16
-1,17
9214,17
1787,15
-1,16
2608,16
5140,16
3407,15
5665,16
-1,15
-1,14
8952,15
9013,15
-1,15
-1,16
-1,15
6502,16
-1,15
-1,14
7710,15
-1,15
7311,16
-1,15
553,16
-1,15
-1,15
-1,16
3058,16
-1,16
-1,17
-1,16
-1,16
7005,15
-1,15
-1,15
5087,14
-1,16
-1,15
-1,14
9964,16
445,16
-1,15
-1,17
-1,15
-1,15
1189,16
-1,14
-1,16
1255,15
-1,15
1511,16
-1,15
-1,15
7988,15
-1,16
2152,17
-1,15
5304,16
2977,16
-1,15
8054,15
6018,17
-1,16
9878,18
4956,17
6351,16
4640,16
-1,16
9904,16
-1,15
-1,15
5252,16
-1,14
-1,15
7453,15
6192,18
-1,14
5461,17
9667,16
-1,16
498,15
-1,14
6226,17
802,15
-1,16
-1,15
-1,15
6712,15
5803,17
2784,15
-1,16
4276,15
1692,16
-1,14
9073,17
-1,14
6365,15
9205,16
-1,15
-1,15
5646,17
-1,15
-1,15
6760,17
9512,16
-1,15
-1,15
-1,14
-1,15
-1,15
-1,14
3778,17
-1,14
-1,15
9661,15
8212,15
7175,15
-1,15
9925,16
7548,17
8262,15
-1,15
3612,15
-1,16
-1,15
8859,17
2733,17
-1,15
-1,15
2736,15
-1,14
2596,15
5673,14
4729,15
-1,16
7495,16
-1,15
-1,16
4960,16
-1,16
5247,17
4324,18
-1,15
-1,15
-1,15
-1,14
792,16
-1,17
8011,15
1724,17
-1,16
-1,15
-1,15
5109,17
1818,15
8860,15
-1,16
3635,17
4560,15
-1,15
33,15
-1,16
-1,15
-1,15
-1,14
-1,15
3472,17
3207,16
8748,15
-1,15
4190,16
7385,16
-1,16
6798,15
1616,16
-1,16
8885,16
-1,15
-1,15
-1,15
-1,15
4823,16
-1,15
3353,15
-1,15
4514,16
-1,15
9819,16
-1,16
-1,16
-1,16
-1,14
2102,16
498,14
-1,15
8371,14
-1,15
2637,19
4051,15
-1,15
-1,17
3737,15
5358,16
-1,15
-1,16
-1,15
2158,16
-1,16
-1,15
-1,15
-1,16
-1,15
3396,15
7189,15
2254,16
6347,16
4001,15
-1,14
2836,16
-1,15
-1,15
6199,17
7003,15
-1,15
1609,16
-1,15
9804,14
2398,16
4630,17
7181,15
8325,16
9843,15
-1,15
-1,15
8367,17
2276,16
3485,15
2123,16
-1,14
1407,14
2952,18
678,15
-1,16
-1,15
2157,17
-1,16
5074,17
8070,15
-1,15
2200,14
80,15
-1,16
5762,15
9204,19
-1,15
5658,16
-1,17
-1,16
-1,15
6197,15
-1,15
-1,15
-1,15
-1,15
-1,14
-1,15
-1,14
-1,15
9613,17
-1,15
7869,14
-1,15
1832,16
7759,16
623,16
8500,16
-1,15
5315,16
-1,17
3775,15
8076,15
8459,16
3684,15
3495,15
-1,15
-1,17
-1,15
-1,15
7750,17
4306,16
-1,17
-1,17
7988,16
5211,15
-1,15
-1,14
5566,16
2209,17
1658,16
3347,17
-1,15
-1,17
7193,16
-1,16
5770,15
-1,15
932,15
-1,15
6792,15
3232,17
4049,19
1706,16
-1,15
-1,14
-1,16
-1,14
-1,15
-1,17
-1,15
-1,15
9267,15
4305,16
3834,16
6838,15
-1,15
4465,16
-1,14
6685,16
-1,16
-1,14
-1,17
-1,16
1259,15
7565,15
5310,15
-1,16
-1,14
-1,15
-1,14
3135,17
-1,15
6502,17
4739,15
6721,17
-1,15
-1,17
-1,16
-1,15
-1,15
2706,15
-1,15
7602,15
680,16
3246,15
8838,15
-1,15
3325,18
2680,15
4610,16
6996,16
7237,16
5321,16
-1,16
-1,16
-1,16
5989,17
1878,16
-1,16
-1,16
-1,16
-1,16
-1,15
7476,17
-1,14
-1,15
4512,16
8356,16
-1,15
-1,15
5556,17
-1,15
6033,16
-1,15
6472,16
4822,16
-1,15
-1,15
8744,15
-1,14
-1,15
7373,16
8517,16
6514,15
-1,16
4853,16
-1,15
-1,16
128,14
-1,14
5432,16
-1,16
-1,14
9834,16
998,16
7368,16
-1,15
-1,15
4312,15
-1,15
6256,16
-1,15
-1,14
9303,15
4789,17
1223,15
-1,15
6321,14
-1,14
3197,15
645,16
5827,16
-1,15
-1,15
8056,17
-1,15
-1,15
-1,15
-1,15
9603,15
7561,15
3204,16
-1,15
6332,17
-1,15
6545,15
-1,16
5894,17
-1,16
-1,19
9326,16
-1,15
-1,16
6959,16
-1,16
3230,16
-1,16
1656,17
-1,16
4161,17
-1,15
8143,15
-1,15
1571,15
-1,15
8907,16
-1,18
6960,17
-1,15
5942,15
5597,17
-1,16
-1,15
8005,15
-1,15
5734,14
6190,16
570,16
-1,15
9869,14
-1,15
-1,16
8668,17
6489,16
479,17
1585,14
7886,16
-1,15
-1,15
-1,15
-1,16
-1,14
-1,16
-1,16
-1,15
8040,16
2179,18
-1,16
-1,14
4014,17
-1,14
-1,14
56,14
8432,15
-1,15
-1,15
7920,15
-1,14
5240,15
-1,16
8308,16
1788,16
8780,15
-1,16
-1,15
-1,14
-1,16
8688,15
6643,16
9332,15
-1,15
-1,15
-1,14
4723,16
4006,15
9282,16
-1,16
9136,15
536,16
9789,15
-1,15
5314,16
-1,15
6388,17
-1,15
-1,15
6145,15
3779,16
-1,14
3331,16
1109,15
4693,16
-1,14
-1,18
-1,15
4723,15
2325,16
-1,17
-1,15
-1,15
-1,15
-1,16
5576,16
-1,15
5631,16
4191,15
1636,14
-1,16
6441,15
-1,15
4498,15
878,16
3873,16
3270,15
-1,15
5376,14
6714,15
-1,16
1523,17
6593,16
-1,15
3183,15
-1,15
-1,15
-1,16
-1,16
7853,17
5654,16
5496,16
1059,17
-1,15
-1,15
-1,15
7576,18
-1,16
-1,15
2059,14
-1,15
5947,16
-1,15
-1,16
-1,17
5692,17
-1,15
-1,15
-1,15
4673,18
-1,15
-1,15
4207,15
-1,15
-1,17
-1,16
5944,16
8637,17
-1,14
-1,14
-1,15
-1,15
-1,15
-1,14
649,16
6778,15
6569,16
3332,15
-1,14
-1,15
-1,15
-1,17
-1,15
3300,16
4387,17
-1,15
6620,14
9570,17
-1,15
-1,15
8959,16
-1,16
-1,17
-1,15
7080,16
-1,14
-1,17
-1,15
-1,16
-1,15
-1,16
1048,15
8339,16
8112,17
1842,15
8481,15
-1,16
-1,16
4257,16
-1,15
2793,16
144,14
3536,15
-1,15
-1,15
-1,16
2715,16
8280,15
-1,15
4082,15
-1,15
-1,15
256,17
-1,16
2050,17
2698,16
6896,14
7585,16
-1,14
255,16
2847,16
7799,15
-1,15
5446,15
-1,14
9212,16
-1,16
-1,14
7214,15
3566,19
5105,17
-1,17
-1,15
2644,16
7114,15
1099,15
-1,14
693,15
495,17
-1,15
6951,16
6295,15
6481,15
2407,15
-1,15
1082,16
-1,16
-1,15
7741,17
-1,17
3126,15
-1,16
-1,14
-1,17
-1,15
1670,14
-1,15
9266,15
-1,14
267,14
878,16
-1,15
7923,15
7709,16
4645,14
8479,16
4658,15
3791,15
-1,15
-1,17
-1,15
-1,15
7621,15
-1,15
9571,16
9741,16
-1,14
8920,15
9918,17
2370,17
-1,15
9401,16
-1,16
5279,16
1379,16
-1,16
-1,15
-1,15
-1,15
-1,15
-1,14
-1,16
7800,16
5208,16
-1,15
1346,17
-1,14
4313,15
-1,16
6143,17
-1,15
-1,15
5682,16
-1,14
-1,16
9807,17
-1,15
912,15
2981,17
855,18
2549,15
4306,16
-1,16
-1,15
-1,15
1381,16
8351,15
4483,16
-1,15
877,15
5114,15
6692,16
-1,17
-1,15
-1,15
8816,16
5169,15
3838,15
-1,15
4409,15
-1,14
-1,16
7725,16
6453,16
2430,15
6884,15
2865,16
-1,15
-1,15
-1,15
5327,16
-1,15
3901,16
2042,16
2339,16
-1,15
-1,16
-1,14
-1,15
-1,14
8147,16
7939,16
803,15
397,15
4295,16
2264,16
-1,15
-1,15
7002,16
-1,16
-1,14
9298,16
-1,15
351,15
1662,15
-1,15
7682,17
-1,16
7334,17
7392,16
-1,15
1364,15
-1,14
6166,15
-1,15
2047,15
5126,16
4672,16
3598,16
5727,15
4289,16
-1,16
8360,15
-1,15
697,17
-1,16
1056,15
-1,15
-1,14
-1,15
-1,17
1920,16
7238,16
-1,14
9574,16
491,17
-1,17
3130,16
8565,16
-1,15
-1,17
-1,15
2139,15
-1,15
3027,14
-1,15
-1,16
-1,15
1607,16
-1,16
-1,15
7211,17
-1,14
2996,17
3199,16
9285,17
-1,15
-1,16
6393,16
7271,16
3544,16
-1,17
-1,15
1976,15
-1,15
-1,14
-1,15
5083,17
8199,15
-1,17
6679,15
-1,14
-1,16
8984,17
-1,15
-1,14
7812,15
-1,15
-1,14
4145,16
-1,15
-1,15
-1,15
-1,15
-1,15
614,16
-1,15
6266,15
-1,15
4975,15
9397,17
-1,16
-1,14
-1,15
1634,17
3437,17
520,17
-1,16
449,14
3793,17
5168,15
1779,15
9631,15
3998,16
-1,15
-1,16
-1,16
5310,16
-1,15
-1,16
-1,14
1429,15
-1,14
-1,15
7812,15
-1,15
-1,16
808,16
387,16
77,16
-1,16
-1,15
8644,16
-1,14
-1,15
-1,15
8687,16
5669,15
4453,19
6964,16
127,16
-1,15
2183,16
154,15
-1,15
6283,16
5383,17
-1,16
-1,16
9592,17
3608,15
6279,15
-1,15
-1,15
-1,15
-1,16
-1,16
7712,15
9111,16
759,17
-1,15
-1,16
-1,15
-1,15
2064,16
-1,15
-1,15
-1,16
-1,16
-1,16
7438,14
-1,15
-1,16
-1,17
-1,15
1212,15
878,15
7779,16
-1,16
-1,14
7223,16
-1,15
-1,17
-1,15
8355,17
-1,15
-1,14
-1,15
-1,16
-1,17
-1,15
-1,15
9419,15
-1,15
-1,15
1177,16
5185,16
-1,17
-1,15
8440,18
8915,15
6656,16
9448,18
-1,16
4990,17
5663,17
7489,16
7913,17
-1,15
1126,15
-1,15
557,16
-1,15
6485,17
-1,16
-1,15
-1,16
3714,17
-1,16
4777,17
3073,16
-1,16
-1,16
-1,16
8070,15
6587,16
-1,16
-1,15
4309,17
-1,15
-1,14
-1,15
-1,16
-1,16
8230,17
9624,15
-1,16
-1,14
4843,16
-1,18
-1,16
-1,15
8369,17
-1,16
-1,15
-1,16
7346,15
7148,15
-1,14
-1,14
3728,18
-1,14
9770,16
-1,16
1857,15
-1,15
-1,16
-1,16
-1,15
2271,17
1161,18
1084,16
-1,15
6620,15
-1,16
-1,15
-1,15
5715,18
2678,14
-1,15
8926,16
-1,16
-1,17
-1,15
8353,17
-1,16
5131,15
6977,15
2277,15
-1,15
2870,16
4088,14
7066,14
-1,15
-1,16
-1,16
3993,15
-1,14
5713,16
-1,15
-1,16
8048,17
4710,14
-1,15
2916,16
-1,15
-1,15
6570,15
-1,15
-1,16
-1,15
5562,18
-1,15
5929,15
7158,17
-1,15
-1,15
3564,16
2400,16
-1,14
691,16
-1,15
-1,16
2856,16
-1,15
-1,17
2830,15
-1,15
8894,16
2269,16
-1,15
6574,17
-1,15
9944,17
545,16
-1,16
-1,16
-1,14
4880,17
4302,17
8521,17
-1,16
-1,15
-1,15
9586,15
1775,15
-1,15
-1,15
-1,15
-1,17
9777,16
-1,14
8896,15
-1,15
8639,17
2930,17
4983,16
-1,15
-1,16
-1,15
2248,15
8558,15
-1,15
-1,17
-1,14
-1,15
-1,15
-1,16
4937,17
-1,15
-1,15
875,15
-1,15
-1,18
-1,14
-1,15
4171,15
-1,16
-1,15
-1,17
-1,16
3247,17
-1,16
-1,17
6593,17
8614,16
-1,16
9267,17
2334,14
8426,17
3429,15
2042,15
6364,18
8006,15
8391,16
-1,16
1530,16
-1,15
2514,16
-1,15
1927,16
6637,17
7582,16
-1,15
-1,15
171,17
6914,18
-1,17
4666,16
4088,15
-1,16
-1,15
4404,16
9149,16
-1,16
9649,16
4986,16
-1,15
3171,17
-1,15
9285,15
6730,17
-1,15
6156,16
6913,15
2482,15
9327,16
-1,15
5166,16
6167,15
-1,16
9770,16
-1,15
-1,14
-1,16
-1,14
-1,15
-1,15
9296,16
-1,16
2874,16
-1,14
-1,16
7240,15
8284,15
-1,16
4811,15
-1,15
4152,16
9543,15
-1,17
6385,16
5207,15
1012,15
2147,14
-1,14
5680,15
8872,15
7331,15
-1,16
-1,17
-1,15
6816,16
6841,16
8284,15
-1,15
8674,14
3420,15
8442,15
-1,16
-1,15
-1,15
9452,15
-1,16
9926,16
8478,15
-1,15
-1,15
5852,16
4844,17
2530,16
8302,15
4044,18
506,15
6778,16
637,17
-1,15
-1,15
6915,16
-1,16
-1,16
-1,15
4331,15
-1,15
-1,15
9827,15
9496,15
6537,18
4265,17
2824,17
-1,15
5610,16
8561,15
-1,14
-1,16
-1,16
6729,16
-1,16
-1,15
3375,15
1327,14
-1,16
-1,16
5628,16
-1,16
4523,16
6296,16
2398,16
3075,15
5162,15
-1,15
-1,15
5685,16
-1,16
-1,15
-1,15
1999,16
2547,14
-1,15
3337,17
6378,17
-1,16
-1,15
-1,15
-1,14
1133,16
-1,15
2662,17
3124,17
-1,15
9362,17
-1,15
-1,15
5221,16
1875,18
-1,16
-1,16
-1,15
-1,16
-1,14
-1,15
2897,16
-1,16
-1,15
-1,16
-1,16
-1,15
2283,17
9773,16
-1,15
-1,15
-1,16
5616,15
-1,15
2375,15
3430,16
8385,15
-1,15
-1,13
-1,17
-1,16
5715,15
92,16
8661,16
7359,16
-1,16
2523,14
-1,15
540,16
8444,15
-1,14
6582,17
2136,17
4683,17
-1,15
-1,14
8310,17
5636,15
3280,15
-1,15
-1,15
-1,15
2800,16
3095,16
7428,16
7860,15
4953,17
-1,15
-1,15
-1,15
9632,17
-1,15
5677,15
105,16
7639,16
8475,16
6461,16
2817,16
5225,16
-1,16
-1,16
-1,15
5196,15
2321,16
5034,16
-1,15
-1,15
-1,14
391,16
3793,16
-1,16
6477,15
-1,15
-1,16
1321,16
-1,15
1967,15
-1,15
-1,16
7836,18
2007,15
-1,15
-1,15
-1,15
7581,15
2348,16
-1,14
1883,16
9373,16
3651,17
-1,14
660,14
-1,14
569,16
-1,16
-1,15
3624,15
-1,16
-1,14
-1,15
143,15
-1,14
7022,15
-1,16
-1,14
-1,15
-1,16
-1,15
1057,17
3985,15
-1,14
-1,17
80,18
-1,14
-1,15
-1,14
-1,14
1306,15
4709,15
7701,15
540,16
7868,17
5124,15
2693,15
1066,16
-1,15
4195,16
5478,18
7043,17
6583,16
-1,15
15,17
5733,15
-1,16
-1,16
-1,15
-1,14
-1,16
9789,15
6496,17
1310,15
-1,15
-1,15
7226,17
6508,16
5989,16
450,15
-1,15
5611,15
-1,14
2742,15
-1,14
-1,16
-1,15
2244,17
-1,15
5437,15
-1,15
2746,16
-1,16
-1,15
1498,17
2195,17
3999,15
2470,15
9651,14
3425,15
-1,15
-1,15
5523,14
4435,16
-1,14
632,16
-1,15
1311,16
9421,17
1854,15
-1,15
-1,15
8783,15
-1,16
-1,15
-1,15
-1,16
-1,16
4155,17
8991,15
4418,16
9339,16
-1,14
-1,15
1934,16
2562,15
-1,15
-1,17
9264,17
4472,17
-1,16
-1,15
1217,16
177,17
3286,16
-1,16
-1,15
-1,16
-1,15
4169,16
-1,15
6890,15
-1,14
1104,16
27,17
-1,16
167,15
4948,15
-1,15
-1,15
-1,16
-1,15
-1,15
-1,14
-1,15
-1,16
-1,15
-1,15
-1,15
-1,16
6514,15
-1,14
216,15
-1,15
829,16
9089,16
-1,15
-1,15
-1,16
4134,17
7897,15
9079,16
9294,15
9891,15
-1,16
7922,16
-1,15
3778,15
2398,15
452,15
1561,15
7574,16
-1,15
-1,15
-1,15
4305,17
-1,16
-1,15
2104,16
7117,15
1364,17
3629,16
-1,16
-1,17
-1,16
-1,15
8821,16
-1,15
-1,15
6600,16
7736,18
-1,16
5185,15
-1,16
7635,17
2926,16
2617,16
-1,15
-1,16
-1,17
7706,15
2593,15
-1,15
5801,18
-1,15
4109,16
1775,15
-1,15
-1,17
489,15
-1,15
-1,16
143,15
3801,17
8121,19
-1,14
-1,15
-1,15
7501,17
4465,16
-1,16
-1,15
4946,15
-1,15
9276,16
2200,14
-1,14
1581,15
6931,15
-1,14
6802,15
-1,15
-1,15
-1,17
-1,14
1330,17
5283,16
3156,18
-1,16
9159,17
4802,15
-1,15
8659,14
8561,14
2947,16
8946,15
-1,15
7630,15
6235,15
-1,16
2274,15
3671,15
4597,15
3297,17
-1,14
841,15
3864,15
-1,15
-1,15
-1,14
-1,16
-1,16
-1,15
7160,15
-1,16
-1,17
2018,15
-1,15
-1,15
5210,16
-1,16
-1,15
3698,14
1471,15
1716,17
-1,15
2367,16
5412,18
1239,16
8240,16
7842,15
6579,15
1458,17
-1,15
-1,14
7089,16
6169,15
6262,16
5406,17
-1,15
1499,15
-1,15
-1,15
-1,15
7597,17
-1,15
-1,14
6165,15
8186,16
-1,14
4494,17
-1,15
-1,14
6520,15
-1,15
3395,15
-1,14
1169,17
-1,15
1731,18
-1,15
-1,16
3430,17
-1,16
9592,16
-1,15
2296,15
-1,15
9985,15
-1,15
-1,15
-1,15
-1,15
4595,16
9679,16
-1,16
7928,15
5137,18
-1,17
-1,15
3602,16
1764,15
-1,16
7493,17
-1,14
-1,16
980,17
6303,14
619,15
7921,15
-1,15
-1,15
-1,15
6187,17
2154,15
-1,15
6113,15
-1,15
139,16
6401,15
-1,15
-1,16
7988,16
-1,15
421,16
-1,15
2350,15
-1,15
-1,16
-1,16
-1,15
8402,15
-1,16
-1,15
-1,16
-1,15
5913,16
1894,15
3261,17
-1,15
2433,16
-1,16
-1,15
830,17
2914,16
5487,16
-1,16
-1,16
-1,16
-1,16
1268,15
4579,15
-1,15
-1,16
6709,15
-1,15
-1,14
7183,15
-1,15
-1,15
7334,15
1098,16
7645,15
-1,16
-1,15
3607,15
-1,15
-1,16
-1,15
1619,15
5572,16
4131,15
8046,16
2218,16
3474,16
-1,15
9481,15
-1,16
256,16
4313,15
1104,14
-1,15
9181,16
8350,15
-1,15
5877,14
-1,15
-1,15
-1,15
-1,17
3108,16
6924,16
2652,15
-1,14
-1,15
-1,16
-1,16
9565,15
9451,17
7615,18
7186,16
6831,15
2085,16
-1,15
-1,15
802,18
-1,14
-1,15
3171,15
-1,15
-1,15
8348,17
-1,16
1363,15
-1,15
1517,16
-1,16
-1,16
-1,16
2359,16
3370,16
-1,16
1907,15
-1,16
-1,15
-1,16
1322,16
5314,17
-1,15
-1,14
-1,14
3627,16
-1,15
-1,16
2569,16
-1,15
599,18
-1,16
8572,17
-1,15
6131,16
-1,14
2751,16
-1,14
2839,15
-1,16
-1,15
-1,16
8016,15
-1,16
-1,15
2714,16
-1,15
4451,16
3816,15
7053,15
-1,15
-1,16
-1,15
4541,16
-1,15
2327,16
-1,14
6227,17
-1,16
5468,16
-1,16
-1,15
5729,14
442,15
8913,15
7134,16
-1,15
7182,17
2747,15
-1,15
-1,15
-1,17
-1,15
-1,15
217,14
8128,16
-1,15
-1,14
2274,15
-1,17
9052,18
-1,15
-1,15
7693,17
-1,16
603,15
-1,15
-1,15
-1,14
-1,15
-1,15
-1,16
8346,15
-1,14
-1,15
-1,16
-1,15
1065,15
-1,16
934,15
3812,15
3085,16
-1,14
2328,17
414,15
-1,15
-1,16
-1,16
1990,17
-1,15
1493,15
7402,16
-1,15
-1,15
6639,17
7304,16
-1,17
-1,16
8300,17
-1,17
3756,14
3513,15
2135,16
1543,16
4110,16
5628,15
-1,15
-1,14
22,14
8349,14
4906,16
9583,17
-1,16
-1,15
3255,16
51,15
1422,16
8980,14
2229,15
9571,16
1696,16
-1,15
1979,16
1150,17
-1,18
-1,15
-1,16
-1,15
-1,16
686,17
6547,15
-1,16
-1,15
693,15
855,18
-1,15
-1,15
-1,15
-1,15
9631,16
8433,15
-1,17
9350,17
-1,15
-1,15
-1,16
7351,16
471,15
4366,16
1353,15
-1,15
7978,18
2470,17
-1,16
7616,15
4630,15
-1,16
3417,15
-1,15
4330,16
4751,16
-1,15
-1,14
-1,17
-1,15
9220,16
3236,17
-1,15
-1,16
-1,15
-1,15
-1,16
8875,18
-1,16
1517,15
6929,15
716,17
7103,16
-1,16
-1,16
2021,18
-1,15
-1,16
-1,15
-1,15
5103,17
-1,15
1875,18
-1,16
9515,16
7562,16
9045,16
-1,15
-1,15
-1,15
-1,15
-1,15
3836,15
-1,14
-1,15
8862,16
3092,16
5157,16
4142,17
5986,15
-1,16
1786,14
-1,16
-1,16
4316,16
-1,15
-1,16
1515,16
3735,15
6645,16
5107,16
945,16
3610,15
-1,15
6774,15
-1,15
7377,15
-1,15
-1,15
-1,16
-1,15
4385,16
2910,16
-1,16
-1,16
-1,15
-1,16
-1,14
-1,16
5439,15
-1,15
-1,15
-1,16
5560,15
9177,15
-1,15
-1,16
7712,16
-1,15
-1,15
6186,16
4659,16
-1,14
8860,16
8844,15
282,16
-1,18
1912,17
7407,17
-1,15
-1,16
-1,16
7602,17
5661,16
1904,16
-1,16
582,15
-1,15
8153,15
9425,16
6436,18
2468,15
8928,14
-1,15
-1,15
926,16
717,17
-1,15
4189,16
4066,17
9821,14
7079,15
1113,16
-1,14
305,17
2228,16
1541,14
-1,15
1830,15
-1,15
3578,15
7801,18
9769,15
2955,17
-1,16
-1,15
-1,15
-1,15
2733,16
-1,16
9483,16
-1,15
-1,14
-1,14
-1,15
700,16
-1,16
-1,16
-1,15
-1,15
2649,16
-1,15
-1,15
-1,16
-1,15
4110,17
-1,16
2978,14
-1,15
5755,15
1922,14
-1,16
-1,16
-1,15
-1,16
2425,15
-1,16
-1,15
-1,16
1436,15
8098,18
259,15
-1,15
-1,14
7991,15
-1,16
-1,15
6078,17
-1,15
-1,16
1549,15
9929,15
1493,15
-1,15
6017,15
7853,15
7200,17
-1,15
-1,16
2802,15
-1,16
-1,16
7649,16
-1,16
7623,16
5312,16
6298,15
-1,15
3930,15
4924,15
5119,16
622,17
-1,14
4137,16
-1,15
-1,15
-1,14
4463,15
9465,15
-1,14
-1,15
-1,15
9329,18
-1,15
9539,17
5909,16
-1,16
6669,16
7339,15
-1,15
1978,14
-1,15
4578,15
6611,14
-1,15
-1,15
-1,15
-1,16
-1,14
-1,14
-1,16
9130,16
2360,17
3245,17
-1,16
3245,16
-1,15
-1,14
2275,15
5105,16
3203,15
-1,14
5145,15
7884,16
6816,15
-1,15
8844,15
8561,15
-1,16
5094,17
-1,16
-1,14
6419,16
-1,15
9413,14
-1,15
9346,16
5670,15
-1,17
-1,15
-1,14
3743,16
-1,17
-1,15
-1,15
5593,15
-1,15
6008,16
-1,14
-1,14
407,15
5744,16
-1,15
-1,14
2914,15
1277,16
6873,15
4070,16
4510,18
5041,16
-1,15
7663,16
-1,16
6177,16
-1,16
-1,16
-1,15
-1,15
6049,15
8930,15
4189,15
8443,16
-1,15
1669,17
180,18
-1,14
7613,16
-1,16
-1,15
-1,16
-1,14
456,14
-1,15
-1,15
2583,15
-1,16
-1,16
-1,15
2712,15
9472,15
5464,15
4130,14
4886,16
5412,15
-1,15
-1,16
8459,15
-1,17
-1,16
617,16
-1,15
5919,16
-1,15
-1,14
-1,16
-1,15
195,16
-1,14
-1,14
5939,15
7647,17
7677,16
-1,15
-1,16
-1,16
-1,16
-1,15
-1,18
-1,15
-1,16
-1,15
-1,14
-1,17
6688,17
5299,16
-1,15
8375,15
-1,15
5792,17
-1,15
2632,16
-1,16
6918,16
4415,16
1968,16
-1,15
7865,16
2181,15
7136,18
6814,15
-1,15
9560,16
4492,15
6496,16
917,15
183,16
-1,14
-1,16
-1,16
2217,17
-1,15
9145,17
-1,16
138,17
9657,17
5291,15
-1,16
-1,17
5798,16
-1,15
-1,14
-1,15
-1,15
-1,16
6540,16
5196,15
8608,17
-1,14
8518,16
-1,15
8581,15
1919,16
345,15
-1,14
-1,16
5005,16
-1,16
-1,15
-1,15
6269,15
-1,16
-1,15
-1,15
-1,15
6577,17
8082,16
-1,16
-1,16
3371,15
-1,17
-1,14
9450,16
-1,15
3035,14
-1,15
4768,15
8174,15
3284,16
7173,16
6923,16
4170,16
-1,15
1973,16
-1,14
1417,16
8643,16
-1,15
1842,15
-1,15
-1,15
-1,15
8156,15
-1,14
2706,15
-1,14
1742,14
8160,16
6816,15
7028,16
-1,16
-1,15
2505,17
5366,15
827,16
7918,16
-1,15
6879,15
-1,15
6676,16
-1,15
2502,16
3330,16
7784,16
1362,15
1763,16
-1,15
-1,15
-1,15
-1,15
39,16
-1,16
-1,16
2990,18
3824,15
1421,16
5161,17
-1,14
-1,15
-1,15
7635,15
-1,16
-1,16
5787,17
4594,16
-1,15
4600,14
6921,15
2620,18
-1,15
-1,14
-1,15
-1,15
5390,16
-1,17
-1,14
-1,16
-1,14
5291,17
9450,17
7297,16
9251,16
-1,17
-1,16
-1,16
-1,15
2318,15
-1,15
90,16
-1,14
2244,16
7139,15
-1,14
5289,15
-1,15
4308,15
-1,15
7561,16
476,15
-1,15
8439,15
-1,15
3754,16
-1,14
-1,14
-1,15
-1,14
648,16
-1,16
-1,17
2289,17
-1,15
-1,15
-1,17
-1,15
995,15
-1,15
1882,15
-1,14
2213,16
-1,15
-1,15
980,17
-1,16
-1,15
-1,17
-1,14
8116,16
1702,16
1573,16
-1,15
9907,16
-1,14
-1,16
8426,17
-1,16
4087,16
4136,18
755,16
1855,16
5456,16
-1,16
-1,15
9868,16
-1,16
5688,15
-1,16
8806,15
-1,16
-1,15
2311,15
9357,18
3287,16
-1,14
8318,16
4814,17
-1,17
-1,15
5352,15
-1,16
2757,15
-1,15
4829,15
9347,15
-1,14
-1,15
-1,15
-1,15
1365,16
-1,15
4528,15
-1,16
4407,15
-1,17
4932,17
3519,16
-1,16
-1,15
-1,15
-1,15
-1,15
-1,14
5852,15
9487,16
-1,16
-1,17
-1,15
-1,15
7779,16
-1,16
-1,16
77,16
-1,16
8227,16
-1,15
2862,16
-1,16
-1,16
-1,15
-1,15
-1,16
3955,17
-1,14
3173,17
-1,17
-1,16
-1,15
3045,15
267,15
2489,16
1247,16
8437,16
3116,15
-1,14
5990,16
5886,16
3867,16
2103,15
3492,15
-1,14
7969,18
7414,16
2080,15
-1,15
1561,16
-1,14
1907,15
-1,16
-1,15
-1,15
6727,15
912,15
5096,15
-1,15
4864,15
-1,15
1640,16
6069,15
-1,15
2744,16
8619,18
-1,16
7368,17
8224,15
-1,15
4556,15
6575,17
2757,16
1396,15
-1,17
-1,16
-1,15
5145,15
6696,15
648,17
-1,15
8881,16
-1,15
2359,15
1204,15
2515,16
3882,14
-1,17
2877,15
-1,19
-1,16
-1,15
8959,15
-1,15
4545,16
2744,16
3765,16
-1,14
-1,15
5534,15
8744,16
-1,16
6543,14
8110,16
1198,16
9453,14
4933,17
-1,16
1445,16
-1,17
-1,15
2204,16
5555,15
485,15
-1,15
867,15
2306,14
9910,16
-1,15
-1,15
7794,16
-1,16
8686,17
-1,15
3018,17
-1,17
4195,15
-1,16
6873,16
2678,16
-1,16
-1,16
-1,15
5474,16
-1,16
-1,16
-1,16
9270,16
-1,15
1350,15
2772,15
-1,16
-1,15
8858,17
-1,15
-1,17
-1,16
671,15
4413,16
233,15
-1,15
-1,15
-1,14
6529,16
1233,14
4327,15
2582,15
6790,15
8744,15
3711,16
9642,14
-1,15
-1,14
7246,16
-1,14
-1,16
5860,16
-1,14
9715,16
-1,14
396,16
8713,17
-1,17
8454,15
-1,15
-1,15
-1,17
-1,15
-1,15
-1,15
595,14
5139,17
9786,16
-1,16
5320,16
-1,17
-1,16
2400,15
3577,16
2252,17
-1,15
-1,15
-1,17
4646,16
3696,17
-1,15
7585,15
-1,14
-1,17
9467,18
7986,15
9727,17
-1,15
5814,15
-1,15
-1,15
8150,15
-1,16
-1,15
-1,15
4131,16
-1,14
8922,16
8263,15
9830,16
-1,15
-1,16
-1,16
-1,15
-1,16
2290,16
-1,15
-1,16
-1,15
-1,15
8962,17
-1,16
5571,16
7549,17
-1,15
-1,14
-1,15
-1,15
114,14
9649,15
-1,14
-1,15
-1,15
9219,16
8159,16
8191,15
8659,16
1977,15
-1,15
-1,14
915,15
2766,16
-1,15
3028,16
-1,17
4044,16
5942,15
-1,14
-1,16
8694,16
5063,16
-1,15
-1,16
-1,15
-1,15
4419,16
3868,15
-1,15
-1,14
5099,16
4203,15
662,16
1298,16
-1,14
-1,15
6167,16
-1,15
9209,15
-1,15
-1,15
9718,15
796,14
8849,15
-1,15
8763,15
-1,15
-1,14
-1,15
8192,15
1525,16
-1,15
6657,15
23,15
-1,17
-1,15
8931,15
-1,16
6076,15
-1,15
-1,15
1018,14
9369,16
7599,15
2802,16
-1,15
3739,15
7329,16
9700,14
5901,16
-1,15
2943,15
688,16
7688,17
-1,16
7887,15
-1,16
-1,15
8324,14
7544,17
6702,16
-1,15
7104,14
4330,16
6731,16
3139,15
7243,16
-1,15
-1,15
-1,15
6477,17
-1,15
-1,14
-1,15
4897,15
-1,16
3785,16
470,15
-1,15
2873,15
-1,15
9359,17
8958,15
9334,17
7744,16
3812,15
5549,16
2832,16
6481,16
3560,14
321,16
1179,16
7044,16
1421,16
-1,14
-1,14
-1,15
9555,16
8194,16
-1,15
8269,16
4685,18
-1,15
8183,16
9203,16
1292,15
-1,15
3516,17
-1,16
-1,15
9340,16
-1,16
-1,14
2668,18
-1,15
-1,15
-1,15
-1,16
7327,17
616,19
8495,15
-1,16
-1,15
-1,16
3735,15
-1,15
-1,15
-1,14
-1,16
-1,15
-1,15
2430,16
1728,15
3918,16
4609,14
9154,16
6244,15
9295,18
9237,17
1290,15
-1,15
3809,17
-1,16
-1,16
6146,16
-1,15
-1,15
-1,17
9066,17
6011,14
-1,16
3559,16
1007,16
-1,14
9620,14
483,14
-1,14
251,16
9799,17
-1,15
-1,15
9040,16
-1,14
-1,16
-1,17
2411,15
7430,15
9318,16
3192,16
5042,17
9797,16
-1,15
-1,15
9851,16
3592,17
-1,16
3025,15
-1,15
2361,16
5698,15
-1,15
-1,15
-1,15
2809,16
-1,15
-1,16
9655,16
973,16
-1,16
6834,15
5147,16
4237,16
-1,16
-1,14
-1,17
3010,16
2909,15
7666,15
-1,15
-1,15
7693,16
-1,15
2280,15
8555,15
9333,16
6201,17
-1,15
9186,15
1003,15
-1,17
5146,16
9868,16
6463,15
5820,16
-1,15
2591,15
7581,16
-1,15
-1,15
-1,14
-1,16
-1,16
-1,15
1588,16
6571,16
6764,18
1043,17
3310,18
-1,15
738,17
7550,16
9523,17
6983,16
9060,16
-1,15
9409,15
9719,15
3252,16
-1,14
6620,17
-1,15
5033,16
-1,16
-1,14
4672,15
-1,16
3809,16
485,17
-1,17
799,17
9713,15
-1,16
5785,17
-1,16
9464,14
-1,16
4700,15
1907,15
3692,16
2813,16
7579,16
-1,16
8329,15
1177,15
-1,16
-1,14
6572,16
2099,17
4580,14
-1,15
-1,16
259,15
5582,15
-1,15
-1,16
3742,15
-1,15
3850,16
4073,18
-1,15
-1,15
-1,14
5497,15
-1,15
4567,15
1232,16
-1,15
221,17
5948,15
5855,15
-1,16
7187,16
8195,16
-1,17
-1,16
-1,16
7124,16
6308,16
-1,15
1799,16
-1,16
-1,15
2624,16
-1,15
9037,17
2815,16
1072,16
-1,17
-1,14
-1,16
1985,15
9520,15
9477,17
-1,15
2836,15
9128,15
8876,17
8368,17
-1,14
9087,16
-1,16
9958,16
561,15
-1,16
-1,16
7315,15
3496,16
6127,16
6607,15
5996,15
4748,15
-1,15
-1,16
-1,15
1895,16
-1,16
6025,16
5147,16
-1,15
-1,14
-1,15
7597,17
-1,15
2632,16
-1,15
9690,15
-1,14
9192,16
5637,15
-1,16
-1,16
7463,18
8009,16
6274,14
-1,14
-1,16
-1,15
2039,18
1491,16
6508,16
4062,18
-1,15
8439,16
8495,15
-1,15
8096,14
-1,14
-1,15
5511,15
3753,15
-1,15
8781,15
534,18
-1,15
-1,16
-1,18
4694,15
2368,15
-1,16
-1,15
-1,15
-1,15
314,16
9918,15
-1,14
-1,16
-1,15
4233,15
3893,17
-1,16
9795,15
1907,15
-1,16
5576,15
6367,15
-1,15
-1,15
-1,15
-1,15
-1,15
4244,14
7071,17
1269,16
-1,17
-1,16
8523,16
524,15
1723,14
-1,15
-1,16
4790,15
-1,15
-1,15
-1,14
7376,16
-1,15
3918,16
2427,18
9398,16
755,15
-1,16
-1,15
-1,16
4008,15
6319,16
9135,15
3576,16
-1,14
508,14
5248,17
-1,13
2123,15
-1,16
5743,17
2139,17
-1,16
4646,14
-1,15
7164,19
2231,17
7991,15
-1,16
2929,16
-1,15
-1,15
7980,15
-1,14
5595,16
-1,15
5508,16
2671,16
-1,16
2611,15
1356,16
7383,17
6325,15
2158,15
-1,14
1700,15
4390,16
9942,17
-1,15
668,15
-1,15
8973,16
-1,15
4462,16
-1,15
6007,17
-1,15
-1,15
-1,16
6411,16
-1,14
-1,16
9237,16
-1,15
4065,18
-1,17
-1,14
9280,15
-1,15
1351,15
-1,16
-1,16
8096,15
7459,15
9758,15
2533,16
-1,14
1138,16
7449,16
-1,15
-1,16
2336,17
3666,16
-1,15
7507,15
-1,15
7706,15
-1,15
5614,15
-1,16
9820,15
-1,17
-1,16
2049,16
-1,16
2099,18
-1,16
8818,16
-1,16
4012,16
-1,15
912,17
-1,15
-1,15
7076,14
3970,15
-1,17
7246,14
-1,17
886,15
-1,15
-1,16
-1,15
5455,16
6199,15
-1,16
2668,16
-1,14
-1,14
-1,17
164,15
-1,16
-1,16
-1,16
1692,16
-1,15
-1,15
-1,14
-1,16
7365,16
8054,16
2060,17
3311,15
-1,15
-1,15
2850,17
-1,16
1244,16
8882,15
-1,15
320,16
5943,17
4176,15
-1,16
9269,16
-1,14
6812,16
4528,15
5236,15
-1,16
2045,17
9182,15
-1,15
-1,14
-1,16
6122,15
-1,14
-1,16
8618,16
1123,15
-1,14
-1,15
3859,15
9365,15
-1,15
-1,17
-1,16
8668,15
1317,16
-1,15
-1,15
3351,15
-1,15
-1,16
-1,17
-1,15
-1,15
5873,15
-1,14
282,17
-1,15
-1,15
-1,15
963,15
4964,14
1670,15
-1,15
6100,16
-1,15
-1,16
2618,16
-1,15
-1,17
8621,15
610,15
-1,16
748,16
3396,15
-1,16
5636,16
-1,15
1668,16
-1,16
-1,16
-1,16
9407,16
58,15
-1,15
1474,17
-1,16
7245,16
1114,15
5423,16
3510,17
2364,16
3548,17
4364,16
8725,17
5694,18
4129,15
7892,16
204,16
4426,14
-1,14
-1,16
-1,15
5689,15
5253,16
1362,17
-1,15
-1,15
1196,18
5082,16
-1,15
-1,15
7267,16
3632,16
4037,15
-1,15
-1,15
7973,18
4574,14
893,17
-1,15
-1,17
4503,16
-1,16
5752,15
1256,17
-1,16
8104,15
-1,15
-1,15
-1,15
4347,14
-1,14
4869,15
961,16
210,15
-1,15
-1,15
-1,15
6794,16
4900,15
9327,16
8705,17
-1,15
4497,15
5245,15
7638,15
-1,15
7082,16
9926,16
954,15
-1,14
-1,14
6214,16
-1,16
254,15
9303,17
-1,15
-1,17
-1,15
-1,17
8426,17
4853,16
810,17
3798,15
-1,16
9908,15
2908,16
5105,18
1353,16
-1,15
5875,15
-1,15
6710,15
8234,15
3183,17
8474,15
65,17
-1,15
2033,15
5739,15
9221,16
8693,16
-1,14
3533,15
-1,16
-1,16
9251,17
-1,17
-1,14
4356,16
-1,16
879,16
1627,14
4691,16
5809,16
8265,15
5977,15
-1,15
-1,15
-1,15
5016,15
-1,15
2017,16
8191,15
5581,16
-1,15
1884,17
-1,16
-1,15
2898,16
-1,15
-1,15
-1,14
-1,16
4677,14
-1,15
-1,15
5761,17
-1,16
9408,15
9576,16
7185,15
7159,16
-1,14
-1,15
7751,15
2873,17
1933,16
-1,17
-1,16
3777,14
9949,15
5441,16
6596,14
-1,15
-1,14
-1,16
-1,15
6691,16
-1,15
-1,14
2255,16
4183,16
596,14
3632,16
7075,15
1677,16
-1,16
9683,16
-1,15
6202,15
-1,15
2521,16
-1,15
152,18
-1,16
-1,14
5084,15
6531,15
3061,17
6986,16
-1,15
4052,15
-1,17
4317,17
-1,16
9922,17
-1,15
-1,16
9129,16
-1,15
3294,15
-1,16
5467,17
-1,15
5920,15
5471,14
5332,15
7523,15
-1,15
6841,15
-1,15
3857,15
344,16
-1,15
-1,15
9635,16
2382,16
-1,16
2373,17
-1,15
-1,17
1036,15
-1,15
1801,16
3512,15
-1,15
-1,14
8991,16
-1,16
-1,15
-1,15
-1,15
-1,15
1726,15
-1,14
-1,16
-1,15
-1,15
3807,15
1037,20
-1,14
-1,15
-1,15
5271,15
4653,16
7522,17
-1,15
-1,16
998,15
3167,15
146,17
2395,16
-1,17
-1,14
2334,14
-1,14
5125,18
-1,15
78,15
-1,15
-1,15
5568,17
-1,15
-1,16
8329,15
143,15
1892,16
2989,17
5949,16
-1,14
-1,15
-1,16
5593,18
-1,16
3938,16
6121,15
-1,14
1763,15
698,15
-1,15
9295,15
-1,16
-1,16
-1,15
7186,16
3437,16
-1,16
7260,15
7434,17
5762,15
-1,16
-1,14
7406,18
-1,15
8617,16
8513,16
-1,16
2273,16
5145,17
-1,15
-1,15
6938,15
4490,15
-1,15
-1,15
-1,14
-1,16
-1,16
3087,17
-1,15
6070,15
7717,17
4713,16
4131,17
7686,15
-1,16
9303,16
7923,17
-1,15
-1,15
584,17
-1,15
7254,17
-1,14
-1,16
-1,17
-1,14
3997,17
5129,15
7491,16
7660,16
8969,15
-1,15
8312,15
6833,15
-1,16
-1,14
9573,16
-1,14
5097,15
-1,16
-1,15
-1,15
7006,17
-1,14
-1,15
-1,15
6411,15
9239,16
7092,15
-1,15
5115,18
2913,15
-1,15
6901,16
-1,16
4799,15
-1,15
-1,15
-1,14
1907,16
-1,16
-1,16
-1,15
6067,16
3284,15
6309,16
-1,16
1444,17
2531,18
-1,15
8195,15
1944,17
-1,15
-1,15
-1,15
-1,16
7176,16
411,17
-1,16
-1,16
9843,15
9280,15
-1,16
95,16
6424,16
9399,15
531,16
920,15
6755,17
3174,15
-1,15
-1,15
9362,15
-1,17
-1,16
312,15
-1,14
1860,15
-1,16
-1,16
-1,16
-1,16
712,15
-1,16
1216,16
4564,17
8224,16
-1,14
8309,15
121,16
-1,16
-1,15
-1,15
-1,16
-1,15
7334,17
5723,16
2106,14
-1,15
8751,15
559,15
6237,15
-1,14
-1,15
1185,15
-1,15
-1,15
-1,15
5109,17
-1,14
5635,16
-1,16
3624,15
5108,15
1851,15
-1,16
-1,16
4678,15
6642,17
-1,15
-1,15
5608,14
-1,15
-1,18
-1,16
9151,17
4441,16
7812,17
-1,16
-1,16
3687,15
-1,16
-1,15
-1,15
4756,16
-1,15
-1,14
998,15
-1,15
-1,16
-1,15
-1,16
-1,15
-1,15
9458,16
-1,17
9110,15
4647,15
1616,16
-1,15
-1,16
-1,15
4801,17
3366,16
-1,15
-1,13
-1,15
6343,14
-1,17
-1,15
5340,15
7249,15
-1,17
-1,15
-1,16
7553,16
-1,16
3778,15
552,16
8238,17
3335,16
-1,16
-1,15
-1,16
9528,17
-1,16
-1,14
-1,16
-1,15
-1,15
6652,15
-1,15
-1,15
1089,15
-1,16
7854,16
8396,17
6783,15
-1,15
6758,17
-1,16
-1,15
-1,17
-1,15
-1,15
-1,15
3289,15
9530,15
-1,17
-1,15
2126,16
-1,16
-1,15
-1,16
516,15
3217,16
-1,14
1165,16
4967,16
-1,16
5324,16
8877,16
-1,15
-1,16
-1,15
5703,16
9742,16
4150,16
-1,15
1061,18
9035,17
-1,15
-1,15
-1,16
6418,16
9311,15
-1,17
6240,16
-1,17
-1,17
-1,15
3842,15
-1,15
-1,16
-1,15
1199,15
6371,17
-1,15
-1,15
7031,16
1188,15
-1,16
-1,14
-1,14
-1,15
-1,16
329,14
2170,16
-1,15
1245,15
-1,15
3405,15
8178,15
7797,14
-1,16
4289,16
-1,14
4316,16
-1,16
-1,16
3052,16
1126,16
-1,16
-1,16
1036,16
5846,16
1868,15
6485,14
2040,16
-1,14
1333,14
-1,15
-1,15
5267,15
-1,15
-1,15
8373,17
7687,17
4414,16
4156,15
4659,15
-1,16
5990,15
6686,15
5541,15
-1,15
-1,14
-1,16
-1,14
-1,15
-1,16
5980,16
-1,16
-1,15
5675,15
-1,15
6614,16
6442,16
6030,15
-1,15
141,16
1361,15
-1,18
1164,16
2692,15
8549,15
-1,16
-1,17
3027,16
-1,15
-1,15
3304,15
-1,14
-1,16
2824,16
-1,14
-1,16
-1,15
-1,16
7880,16
6470,16
6614,16
7430,16
3755,15
5990,16
648,17
-1,14
4974,15
8580,16
-1,17
-1,17
-1,15
-1,16
5200,15
4477,17
511,17
8265,15
-1,15
2437,16
6542,16
-1,15
9752,14
-1,15
-1,15
6859,15
5326,16
-1,16
7227,18
1811,15
809,17
-1,14
6841,16
5459,15
2572,15
7240,15
5038,15
1252,15
732,16
-1,15
-1,16
-1,14
7206,16
-1,17
-1,16
-1,16
8314,16
7668,17
-1,16
-1,14
-1,15
3210,16
1343,15
9470,19
-1,15
-1,16
-1,15
6362,16
-1,16
9855,17
9229,16
134,15
8397,16
-1,15
7108,15
-1,15
-1,14
-1,15
4520,15
-1,15
-1,15
-1,15
291,17
-1,15
3819,17
493,15
-1,16
2570,16
2198,16
-1,16
-1,16
5329,16
9622,16
3348,16
-1,16
-1,16
-1,15
-1,15
1242,14
4227,16
6606,17
-1,15
-1,15
7837,15
5260,15
-1,16
5271,17
9803,15
-1,15
9607,16
4729,17
5546,15
2773,14
-1,15
3260,15
-1,16
-1,14
-1,16
9569,16
5734,14
3172,16
-1,14
7689,16
-1,15
-1,16
-1,15
-1,16
94,15
9357,16
6492,17
-1,14
4101,16
-1,16
6396,18
-1,16
536,15
-1,14
4835,16
2428,16
2319,16
4028,15
-1,15
-1,14
5180,15
6939,16
-1,15
-1,16
4710,17
1760,14
-1,16
8125,17
-1,15
-1,14
-1,15
8831,16
1332,15
-1,15
7842,15
5582,15
-1,16
9252,16
1845,15
-1,15
1061,16
9267,15
-1,15
-1,15
7174,17
4004,17
4737,16
-1,15
-1,16
3884,16
9978,15
8968,16
-1,16
5196,15
4402,15
4701,15
3640,16
-1,15
1779,15
8246,15
-1,15
-1,16
5403,16
7251,17
-1,15
7999,16
-1,16
4543,15
-1,15
2883,15
2984,16
1660,15
8836,17
-1,15
5232,15
-1,15
3267,17
-1,16
-1,14
4256,15
4698,17
-1,16
-1,15
-1,15
-1,17
9314,14
-1,15
-1,14
5927,15
8289,16
-1,15
-1,14
-1,14
8926,16
8271,16
-1,16
6054,15
-1,16
-1,15
-1,15
-1,16
7899,15
1317,16
-1,15
373,16
6841,16
-1,15
7334,15
-1,16
-1,16
8110,15
-1,15
-1,15
-1,15
-1,16
4130,16
-1,16
5554,15
-1,14
-1,15
9499,15
5397,16
6982,17
6884,15
2921,16
-1,16
-1,15
985,15
3711,15
-1,16
-1,15
9108,16
9372,16
-1,14
7884,14
-1,15
-1,16
1357,16
2637,16
8679,18
4975,18
903,16
8519,15
4681,16
5691,16
-1,16
4512,16
9017,15
806,17
1349,16
-1,16
4752,16
-1,15
3300,16
-1,16
-1,15
-1,15
6663,16
7741,17
-1,16
-1,15
5604,15
-1,15
-1,15
-1,16
9197,15
5143,17
-1,14
-1,16
-1,15
-1,16
-1,14
9457,16
-1,15
3662,14
-1,16
6502,16
908,17
5674,17
6118,15
3075,15
-1,16
-1,16
9228,16
-1,16
197,15
-1,17
978,14
5379,15
4633,16
-1,15
-1,15
-1,15
-1,15
7152,16
-1,16
7705,18
2570,16
8768,16
9520,17
-1,16
-1,16
-1,15
9463,15
6163,16
2381,15
4727,16
9234,18
-1,15
4256,16
-1,15
-1,15
3956,16
3133,16
2341,15
7749,16
-1,15
3575,15
-1,15
109,16
-1,16
-1,14
-1,15
-1,17
-1,15
8548,15
2471,18
5549,16
7517,16
2648,16
885,15
-1,15
7393,16
668,17
-1,15
-1,16
-1,15
-1,14
2973,16
8482,16
-1,15
-1,16
4445,15
6535,15
-1,16
8827,16
-1,16
9061,16
-1,15
1189,16
-1,16
1154,15
3210,15
-1,14
8383,17
2780,15
5944,15
-1,15
-1,15
-1,15
-1,15
-1,14
213,16
-1,16
-1,15
7534,16
-1,17
9533,15
-1,15
-1,15
4195,15
2398,15
4331,15
-1,16
-1,16
8524,15
6828,15
-1,15
5085,18
6274,15
6564,16
-1,15
7358,15
-1,15
3838,16
3630,18
7189,15
1321,16
4946,15
-1,16
-1,15
6307,16
4203,16
-1,16
-1,15
-1,16
-1,15
1527,15
-1,17
-1,15
902,16
2761,16
763,14
3941,16
-1,16
-1,16
1714,15
6492,15
9353,15
-1,14
-1,16
2656,15
3994,15
1379,16
-1,14
-1,15
-1,16
1833,16
-1,15
-1,15
-1,16
-1,16
8878,15
-1,14
-1,14
5009,15
3998,15
2653,17
-1,16
-1,16
-1,17
-1,16
-1,15
-1,16
3866,15
-1,15
-1,14
7753,16
283,15
378,16
1588,16
7079,16
3800,16
-1,14
-1,14
-1,15
1874,15
-1,15
-1,16
6170,15
-1,16
4472,15
-1,16
1147,15
803,15
-1,14
-1,14
-1,15
-1,16
3239,15
-1,15
-1,15
-1,15
4956,16
8347,16
3141,15
-1,15
-1,16
5623,16
6674,15
-1,14
8558,17
6631,16
6286,15
-1,15
4587,16
-1,16
1797,16
-1,15
456,14
8871,16
3824,16
-1,15
3222,17
-1,16
8042,16
305,17
8842,17
5206,16
565,16
-1,15
-1,15
1978,14
-1,16
-1,17
-1,16
-1,15
9618,16
-1,16
-1,15
-1,16
6116,16
5427,16
-1,17
-1,14
9570,17
8788,16
6460,16
5686,14
5665,16
-1,16
415,15
5989,16
-1,15
-1,15
3780,15
-1,16
6723,16
-1,16
-1,14
5383,16
-1,14
-1,15
-1,15
-1,14
-1,15
-1,14
9146,17
-1,16
-1,15
5512,15
2744,15
-1,14
8453,15
-1,16
9230,14
1721,16
8350,16
-1,15
-1,14
924,15
-1,15
-1,16
-1,15
1037,16
6932,17
-1,16
-1,16
-1,16
-1,15
-1,16
8263,16
-1,15
5752,16
447,16
-1,14
-1,16
-1,15
-1,17
5561,16
534,16
-1,15
1876,17
8001,15
4020,15
7782,15
-1,15
-1,17
5145,16
-1,15
-1,17
-1,15
3659,15
-1,15
-1,15
-1,16
6759,15
-1,15
-1,16
-1,15
2134,16
-1,16
-1,15
8543,17
6247,16
-1,15
2024,16
8437,17
-1,16
-1,16
7227,18
9301,15
4332,17
1293,17
-1,15
9438,14
1847,15
3408,14
-1,15
5780,16
-1,17
-1,15
2485,15
-1,16
501,16
6981,15
1382,14
7348,15
6168,15
1403,15
4990,15
-1,14
4001,14
-1,16
-1,16
-1,15
-1,15
4915,14
-1,16
-1,16
2272,16
5408,14
8656,16
-1,15
-1,17
-1,15
-1,15
6419,17
8042,16
9864,15
7057,16
-1,15
-1,15
-1,15
6631,16
2692,17
6179,15
-1,15
612,15
8695,17
-1,15
6195,15
-1,16
6854,16
6352,15
-1,15
2221,15
-1,17
5030,14
-1,16
-1,15
-1,16
-1,14
2136,16
-1,16
-1,15
9426,15
5166,15
-1,16
-1,14
-1,15
3551,16
-1,14
-1,15
2030,17
-1,14
-1,15
9830,15
-1,15
3793,17
8920,15
-1,16
-1,15
7932,15
-1,16
8422,17
-1,14
8141,16
3856,17
-1,15
-1,16
7626,14
-1,14
2797,16
-1,15
7407,16
0,14
7030,15
6947,15
7432,15
903,14
-1,17
-1,16
-1,15
-1,15
2556,16
-1,16
-1,14
9664,16
5974,17
-1,14
-1,15
9505,16
-1,15
-1,14
7971,18
-1,16
6572,16
6036,15
4939,16
4811,15
-1,15
-1,15
76,15
2991,15
9047,15
-1,15
1734,15
7814,18
3474,15
-1,16
-1,17
5360,16
-1,16
-1,16
-1,15
5675,15
1091,16
-1,16
259,15
-1,17
-1,14
9943,17
-1,14
6511,17
-1,16
-1,15
9966,17
-1,14
-1,15
-1,15
-1,14
2903,15
-1,16
-1,14
3472,17
7588,16
5072,16
-1,15
5731,16
5398,17
9029,15
-1,15
-1,15
8105,17
2728,17
8826,16
9670,17
1856,15
5402,16
-1,15
-1,15
7622,15
-1,16
-1,15
-1,15
-1,16
-1,15
-1,14
-1,15
8994,17
1038,15
-1,15
2220,15
-1,16
2371,16
-1,14
-1,15
-1,15
-1,16
-1,15
-1,15
-1,16
7694,16
3282,17
6968,14
8535,15
-1,17
-1,16
8274,16
5314,16
5784,16
-1,16
-1,16
2930,15
-1,16
9481,15
3883,16
-1,16
-1,15
2211,17
-1,15
9851,17
9381,17
3347,17
8333,16
5677,15
4646,14
-1,15
-1,15
-1,14
1388,17
1013,16
-1,15
1958,15
-1,15
-1,14
7570,15
8836,15
1814,16
1643,16
1370,16
933,17
7908,16
9380,16
9822,15
-1,14
6393,15
-1,16
2349,18
-1,15
5033,16
-1,15
6336,16
-1,16
8519,16
809,16
-1,15
1553,15
454,18
5665,14
4704,15
-1,15
-1,15
3105,18
7173,16
-1,16
5356,16
366,15
3445,15
-1,15
2536,15
4438,15
-1,15
8446,16
-1,14
-1,15
3115,14
3676,16
-1,15
-1,15
3442,17
5676,15
101,18
1055,16
-1,17
9254,17
2167,15
6130,15
-1,17
-1,15
-1,14
-1,14
-1,15
-1,15
-1,14
6534,16
8706,15
6856,15
2274,17
-1,16
-1,15
-1,16
6986,16
1025,16
2235,15
1010,15
4157,16
-1,15
4362,17
6774,15
-1,15
-1,15
573,16
-1,15
9073,17
-1,15
8691,15
7587,16
3438,14
-1,15
-1,15
-1,16
-1,15
-1,15
-1,16
666,16
-1,17
-1,16
4590,16
-1,15
902,16
-1,17
2841,15
-1,15
-1,16
-1,15
250,16
9759,15
2880,17
9233,17
4835,16
-1,14
957,16
-1,15
693,15
9593,16
-1,15
-1,15
8617,16
-1,15
9351,15
7418,16
3050,16
1319,17
7350,14
-1,14
7037,16
-1,16
1802,15
-1,15
7506,15
-1,16
5368,16
-1,17
3715,15
1076,16
6945,16
-1,15
-1,16
2954,17
3682,15
9869,16
-1,16
-1,14
-1,15
-1,15
8698,15
2410,15
1507,16
-1,15
-1,15
4288,15
3230,15
-1,16
3855,16
3128,15
-1,15
-1,15
-1,16
1109,15
8212,16
9968,16
196,15
7469,16
6793,17
-1,14
6573,15
5396,15
2397,16
1049,16
1855,16
-1,15
2207,15
-1,16
-1,15
-1,14
-1,17
6163,15
-1,16
-1,15
4414,14
-1,15
-1,15
-1,15
8953,16
-1,16
-1,16
-1,16
-1,16
-1,15
-1,14
-1,15
987,16
1068,15
-1,15
-1,16
-1,15
6468,15
2339,16
-1,14
4965,14
6705,16
-1,15
-1,15
-1,14
-1,16
8881,15
-1,15
9845,17
-1,17
2106,15
-1,15
9310,14
-1,15
-1,14
-1,14
-1,16
8627,16
454,15
2103,15
1975,16
2678,14
-1,14
3544,14
-1,15
-1,15
4283,15
-1,14
-1,16
8960,17
3759,15
-1,16
5018,16
3297,17
803,15
-1,14
-1,17
7742,15
-1,16
7371,17
-1,15
-1,17
-1,16
4650,15
-1,15
2332,15
3229,17
2379,15
7374,16
8855,16
-1,15
-1,14
9436,16
-1,18
-1,15
-1,14
115,17
-1,15
-1,16
4576,16
-1,15
3723,15
-1,15
-1,17
-1,14
2943,16
-1,16
-1,14
6015,16
-1,15
6965,16
6476,15
-1,15
6419,14
3717,17
-1,15
-1,16
-1,16
8414,17
-1,16
9687,15
5796,15
-1,14
1324,16
3800,15
-1,15
4630,15
9607,16
4847,15
-1,16
7982,16
4449,15
-1,16
-1,15
-1,16
5000,16
-1,16
8333,14
640,16
9275,15
-1,15
509,16
2995,16
-1,15
934,16
5470,15
-1,14
-1,15
-1,15
-1,16
7722,16
-1,15
-1,15
-1,16
6475,15
2822,16
-1,16
5482,16
-1,16
6876,15
-1,16
-1,15
5180,17
-1,14
-1,16
8191,14
-1,15
7904,16
5673,16
8501,15
-1,17
-1,15
-1,15
7312,16
-1,16
4878,16
-1,15
-1,15
9030,15
7962,14
5186,17
784,15
-1,15
900,17
-1,15
-1,16
-1,17
-1,15
6089,16
3732,15
-1,14
-1,16
5282,15
-1,15
-1,15
-1,16
-1,15
111,16
588,15
-1,15
-1,16
8744,17
-1,16
160,16
-1,15
-1,16
1832,15
8680,16
49,15
-1,15
6649,16
7843,16
-1,15
-1,16
1421,16
-1,14
-1,16
1180,16
-1,17
-1,15
6725,17
4958,15
6651,16
-1,14
4994,15
-1,15
-1,15
-1,15
-1,15
5786,15
-1,15
1470,17
7764,16
43,16
-1,15
9032,17
4075,15
-1,15
2483,15
-1,16
-1,15
-1,15
3661,17
-1,16
-1,15
7622,17
9307,16
-1,16
1491,17
4740,15
2057,16
-1,16
-1,15
1278,15
-1,16
-1,15
7898,16
-1,15
-1,14
-1,17
-1,15
-1,15
-1,16
8082,17
-1,15
-1,15
2218,16
3860,15
7390,17
-1,15
2045,16
-1,15
1965,15
-1,16
-1,15
5028,15
-1,15
-1,15
-1,16
4242,16
9967,15
7588,15
1369,16
-1,15
9010,16
-1,15
-1,16
7258,17
3400,17
-1,15
1538,16
9459,15
-1,15
4062,17
-1,15
-1,15
6298,16
-1,16
-1,15
6678,16
3313,17
-1,15
9924,17
-1,15
4718,15
-1,15
614,17
-1,14
-1,15
5306,16
-1,16
3666,17
7975,14
6636,15
7642,16
-1,15
2507,16
-1,14
3262,17
3522,16
6073,17
2626,17
-1,16
-1,14
8416,16
-1,16
-1,15
-1,15
-1,15
9553,16
2754,17
-1,15
3375,15
-1,14
2500,17
-1,15
-1,14
-1,15
-1,16
724,16
3485,17
-1,18
87,15
-1,16
6494,15
-1,15
-1,15
-1,15
-1,14
3894,18
3094,15
8260,17
9172,15
-1,15
4908,16
-1,16
-1,14
-1,15
7140,16
-1,15
-1,15
-1,15
-1,15
-1,15
7978,16
6322,16
9117,17
-1,16
226,16
-1,15
-1,15
-1,17
-1,14
-1,17
-1,15
2874,16
7200,16
8729,16
-1,15
-1,14
2700,15
-1,15
-1,15
750,15
-1,16
-1,15
575,15
-1,15
6293,15
-1,14
2869,17
-1,15
-1,16
-1,16
-1,16
8089,16
7730,15
2081,15
712,15
1648,14
-1,15
-1,15
2591,16
714,15
-1,17
-1,16
-1,15
7651,16
-1,15
2659,15
-1,16
4674,16
-1,14
8240,15
7416,16
3025,16
-1,16
-1,16
1998,15
-1,15
5928,16
-1,15
3940,14
-1,14
-1,16
7943,15
7333,17
2368,17
8501,15
6884,16
8959,17
7612,15
5712,16
9903,17
-1,15
4022,18
482,15
8910,17
9527,17
5635,16
-1,14
6501,17
2290,15
-1,14
4408,16
7765,16
-1,15
6975,16
3568,15
4747,15
6899,16
-1,16
-1,15
-1,15
7871,16
-1,16
-1,14
-1,15
-1,15
-1,15
-1,15
7257,16
7420,19
540,16
-1,15
-1,16
7486,15
-1,15
9255,14
3924,16
-1,18
5460,15
-1,16
-1,15
-1,15
-1,16
-1,15
-1,15
7562,16
-1,15
-1,15
2834,16
-1,15
-1,16
-1,15
491,16
-1,15
6304,16
1198,16
-1,16
7636,14
-1,16
-1,15
9667,16
-1,15
8656,18
5517,16
-1,16
-1,16
3927,16
-1,16
-1,15
1767,15
-1,16
6557,16
4800,16
-1,16
-1,15
-1,16
7113,15
7789,16
1378,16
-1,15
-1,15
-1,15
-1,15
-1,15
5317,16
6655,15
-1,15
9719,15
-1,15
2654,15
8422,15
2175,15
-1,15
3343,15
-1,15
4518,16
2748,16
5748,17
1562,16
-1,16
3943,18
-1,15
-1,15
1123,15
5067,15
-1,16
1832,14
399,15
8137,17
7932,16
-1,17
421,16
-1,15
-1,14
-1,16
9299,17
-1,14
2132,16
-1,14
-1,16
-1,16
-1,15
-1,16
4793,14
8243,14
-1,16
-1,14
-1,14
8807,14
-1,15
7054,16
4586,16
4436,15
-1,15
4356,17
9315,16
6446,19
510,17
-1,15
-1,15
7974,17
-1,16
4161,15
3361,16
7138,16
-1,15
-1,15
2364,16
-1,15
-1,15
2506,15
9563,15
-1,14
4652,17
5301,15
-1,16
-1,18
7721,15
4384,16
-1,16
-1,16
4602,17
-1,16
-1,14
-1,15
1822,16
-1,15
9975,15
2802,16
54,15
9080,14
-1,16
-1,15
1907,15
-1,16
7499,15
-1,16
673,17
1707,15
-1,17
-1,14
-1,17
6922,15
-1,16
3300,16
8554,16
1828,17
3599,17
3388,15
-1,15
-1,14
5383,16
3451,15
3965,15
7938,15
-1,15
-1,15
-1,16
3649,15
78,15
-1,16
-1,15
4070,16
6441,15
-1,15
-1,14
5929,17
6981,16
2701,16
9983,15
7837,15
6510,16
-1,15
-1,16
-1,16
-1,16
6568,16
-1,17
-1,14
3619,16
-1,15
-1,16
-1,16
3128,16
-1,16
-1,15
4175,16
-1,15
9314,14
3591,14
5793,15
2756,16
-1,15
-1,15
-1,15
2078,17
3411,16
-1,16
4546,16
9637,16
-1,14
-1,14
-1,16
4515,16
9518,15
-1,15
6032,15
-1,15
7331,16
-1,17
6760,16
6656,18
7168,17
-1,15
6110,16
-1,15
6263,14
-1,15
-1,15
7823,16
-1,15
-1,15
1027,16
-1,15
3822,15
9929,15
5082,17
4446,16
-1,17
-1,15
-1,15
-1,15
-1,15
4446,16
-1,15
-1,16
1746,15
3151,17
-1,15
330,15
6140,16
984,15
-1,16
3346,16
-1,16
-1,15
-1,15
-1,15
6754,15
-1,17
-1,16
434,17
-1,15
-1,16
-1,15
-1,16
-1,15
-1,15
-1,14
-1,15
-1,17
-1,15
4730,16
-1,15
2904,14
7609,15
-1,15
6573,15
-1,15
9264,17
-1,15
-1,15
1863,15
74,17
4049,16
929,15
-1,15
-1,16
-1,15
-1,16
-1,16
8885,15
1105,16
78,16
9292,17
-1,16
7612,17
-1,14
-1,15
5108,16
6956,15
2610,15
-1,16
-1,15
-1,15
-1,16
-1,17
4924,15
-1,14
6486,15
-1,16
8862,14
4706,16
-1,15
6044,15
4664,16
7795,15
-1,15
-1,15
2816,17
661,16
-1,14
-1,15
-1,17
7337,15
838,17
-1,16
1394,15
-1,14
-1,15
5589,16
-1,16
-1,15
-1,15
6185,15
7644,15
-1,14
-1,15
-1,15
-1,15
-1,16
1794,16
-1,15
-1,16
1245,16
9521,15
4534,15
-1,16
-1,15
-1,14
-1,15
4556,15
5359,15
4844,15
3409,15
-1,14
-1,15
2333,16
-1,16
7169,15
-1,16
-1,15
-1,15
-1,16
-1,14
3167,16
-1,15
-1,15
9936,16
-1,15
-1,14
2644,15
-1,16
-1,15
3175,16
-1,15
-1,16
5683,16
9241,15
722,16
-1,15
4707,17
3587,14
-1,14
-1,15
9688,16
-1,17
-1,15
5116,17
-1,15
-1,16
1525,16
9620,18
6416,17
8999,16
-1,17
-1,16
-1,16
2044,17
5963,15
6444,16
-1,16
-1,15
5014,16
3545,16
885,16
3911,16
7883,16
7576,16
9648,15
3297,17
5031,18
-1,15
7710,17
2414,15
4902,15
3575,15
-1,15
3036,17
-1,15
7419,18
701,16
422,15
3620,15
5388,16
2786,16
-1,16
-1,16
-1,15
3375,16
1110,16
153,18
5771,16
6010,16
-1,15
-1,15
-1,15
-1,15
-1,15
5038,16
6147,14
7032,16
5421,15
1881,15
4967,16
-1,15
-1,15
8208,15
9318,16
-1,15
-1,15
5117,14
1013,15
7522,15
-1,15
1959,15
-1,15
2366,17
1879,16
7931,16
102,14
1368,17
3662,15
-1,15
-1,15
2742,15
4831,16
3479,15
-1,15
-1,16
-1,15
6639,15
5828,15
7823,16
5962,16
8082,16
6073,16
-1,16
7081,16
-1,16
9717,16
101,17
9156,15
-1,16
-1,15
8976,15
577,15
-1,15
-1,15
-1,14
-1,15
1946,15
9193,17
-1,15
5912,14
-1,15
-1,15
-1,15
110,15
-1,16
-1,16
5368,16
-1,15
7212,15
4193,16
9895,16
886,15
7252,16
-1,15
6217,16
-1,14
-1,14
3197,16
5241,16
7517,16
9515,15
-1,15
-1,15
-1,16
-1,16
3072,17
-1,14
-1,17
-1,15
-1,16
-1,16
-1,15
7746,16
-1,16
9538,14
7849,15
-1,15
2137,15
-1,14
-1,15
-1,15
2361,16
1369,16
1322,16
-1,14
-1,15
-1,15
-1,16
-1,15
-1,15
9030,15
-1,16
-1,15
-1,16
-1,16
6094,14
-1,16
3492,14
6261,15
1876,15
5963,15
3663,15
4754,14
4744,14
-1,15
-1,16
-1,14
-1,15
-1,16
9406,16
3057,15
-1,15
4049,16
8735,16
-1,14
-1,15
6072,16
9380,15
-1,15
2337,16
-1,16
-1,16
6582,15
-1,17
4954,16
-1,15
-1,15
5456,15
2802,17
81,14
6030,15
-1,16
-1,15
1755,15
-1,16
4865,15
781,16
5747,15
279,15
-1,15
-1,15
3877,16
-1,15
-1,15
-1,15
-1,16
1814,15
7588,17
-1,16
-1,15
4145,15
-1,15
-1,15
9390,15
5491,16
-1,16
-1,16
4112,15
-1,14
1411,15
3810,15
-1,15
-1,15
8152,17
1540,16
-1,16
3309,15
-1,14
-1,16
-1,15
-1,15
8864,15
4440,17
-1,16
1397,17
358,15
8354,15
1502,14
-1,15
314,18
-1,16
-1,15
1684,14
9926,15
7334,15
5947,15
5793,17
6302,17
-1,16
8805,16
2367,16
123,15
-1,15
7849,16
-1,15
-1,15
-1,15
2838,16
7465,17
789,16
-1,16
8512,14
6663,15
-1,15
-1,16
-1,16
9853,16
8766,16
-1,17
360,15
-1,16
7070,17
-1,16
9254,17
4080,16
3022,15
-1,15
7494,14
-1,15
1333,16
7917,15
7321,15
-1,15
8856,15
6403,17
8793,18
6548,16
3744,15
6905,16
6468,16
-1,15
-1,15
2097,19
-1,15
-1,15
4316,16
2353,18
-1,15
-1,15
-1,17
8384,15
8053,15
2991,15
-1,15
-1,16
-1,15
-1,17
-1,15
3000,16
4933,17
586,15
-1,15
-1,15
-1,15
-1,17
-1,15
-1,15
9706,15
-1,15
-1,14
-1,18
-1,15
6652,16
-1,16
-1,16
-1,15
7512,18
118,17
-1,16
-1,17
9962,15
-1,15
-1,17
8494,14
-1,14
3879,16
-1,15
6335,15
-1,15
-1,15
-1,15
-1,15
-1,15
-1,16
1752,16
8553,16
2510,15
-1,16
-1,16
-1,15
9604,15
-1,17
444,15
-1,16
8068,16
-1,17
-1,14
2501,17
-1,15
9515,15
5057,15
8588,15
-1,16
-1,15
-1,16
1959,15
-1,15
-1,15
2814,15
-1,15
-1,15
130,16
4378,18
9996,17
-1,16
-1,15
1324,15
-1,16
9773,15
1148,16
9604,16
-1,16
2092,15
-1,15
-1,17
-1,15
-1,15
9595,15
4361,15
-1,15
-1,17
-1,16
-1,16
-1,14
4460,15
1003,15
9557,15
5063,16
1809,15
3789,16
739,17
-1,16
-1,15
-1,17
1235,15
4961,15
6681,15
-1,15
-1,15
9341,15
-1,16
-1,15
8825,16
3689,15
-1,15
-1,15
-1,15
4407,15
650,16
3566,14
4689,16
-1,16
-1,15
1187,16
-1,14
3156,15
-1,16
-1,15
-1,14
7127,15
-1,15
1173,17
-1,15
966,17
1786,15
-1,15
4320,15
2683,15
4255,16
5948,15
395,14
-1,16
4406,17
-1,17
1350,15
1281,14
-1,15
-1,16
-1,16
8931,15
6782,19
-1,15
-1,15
-1,15
-1,15
-1,15
-1,16
-1,16
4554,17
4191,15
4693,15
8651,17
-1,15
-1,14
5747,17
616,16
-1,16
9433,17
-1,14
2516,16
2411,16
-1,15
-1,16
-1,15
-1,16
-1,16
3818,15
819,16
-1,15
-1,15
-1,15
3454,15
-1,14
8361,14
-1,15
420,15
-1,15
6208,16
-1,15
1705,17
-1,15
6995,15
6974,17
2782,19
-1,16
-1,15
6743,17
2268,18
-1,16
1689,17
-1,16
5621,15
7859,15
4832,16
3076,16
-1,15
-1,15
3237,15
-1,15
2387,17
6321,15
1270,16
-1,15
-1,15
-1,15
-1,14
6533,15
6335,14
-1,15
1264,16
2927,18
-1,15
4192,15
7537,16
-1,16
8669,16
8900,15
-1,16
2482,16
9429,15
-1,16
368,15
5657,15
9204,16
-1,14
-1,14
3545,16
-1,16
-1,15
-1,15
2320,14
5027,17
-1,15
-1,16
3557,15
2670,16
8113,16
9534,16
2884,16
4572,15
2346,16
-1,16
3782,15
-1,15
-1,15
4290,16
-1,15
-1,15
992,17
3235,15
647,16
3491,16
-1,16
-1,16
-1,15
5061,15
2211,16
-1,16
1663,16
-1,16
4948,15
-1,15
-1,16
6684,15
5949,14
7138,17
-1,14
5523,14
2636,15
4869,16
-1,15
6131,16
-1,16
-1,16
-1,15
8314,16
-1,15
6468,16
-1,16
-1,15
711,15
-1,16
-1,16
-1,15
-1,15
-1,15
9557,15
-1,15
2391,15
3311,15
-1,15
9892,17
-1,14
-1,15
-1,15
7511,17
7818,15
-1,15
-1,15
-1,15
-1,17
-1,17
2515,16
6448,16
-1,15
-1,16
8534,16
1934,15
5772,16
-1,15
-1,16
-1,15
9418,16
373,15
234,16
7771,17
452,16
6559,16
-1,15
2084,17
7832,16
-1,16
4646,16
-1,15
6753,17
-1,15
-1,15
-1,16
5380,17
-1,15
1443,15
-1,15
851,17
-1,15
-1,15
8100,15
6895,15
5058,16
-1,15
-1,16
-1,15
-1,15
4461,15
-1,16
2189,15
-1,17
-1,16
4055,15
3171,15
2517,15
-1,15
7387,15
6410,16
4767,15
-1,16
5741,16
2601,16
-1,15
-1,17
-1,15
2299,16
1847,15
5193,16
-1,15
-1,15
-1,15
1661,16
2263,15
8297,17
-1,14
1409,16
-1,15
8007,15
-1,16
-1,15
9440,16
4106,14
7791,16
-1,15
9835,16
-1,16
3533,15
587,16
4390,16
-1,16
-1,15
-1,14
7872,15
-1,15
3869,14
1992,16
-1,15
-1,16
3372,17
885,17
2671,17
-1,15
-1,16
9366,15
-1,15
-1,15
-1,15
-1,15
-1,15
-1,17
-1,15
-1,16
8475,15
-1,16
812,15
1354,15
-1,14
9842,15
-1,16
-1,16
-1,15
9099,18
-1,15
2817,14
-1,15
2176,17
-1,14
6372,16
5506,16
-1,15
2225,16
-1,16
8045,16
-1,15
7853,17
4010,16
4618,16
-1,16
5091,16
-1,16
-1,15
-1,15
-1,16
6294,17
-1,15
-1,15
384,15
-1,15
49,16
-1,16
5779,15
-1,17
7931,16
-1,15
1020,16
-1,15
9073,15
-1,16
-1,16
472,16
-1,16
7788,16
-1,15
-1,15
-1,15
6908,16
9197,15
-1,16
3317,15
-1,14
-1,15
-1,15
-1,16
-1,16
-1,14
-1,16
6922,15
758,16
9840,15
-1,16
1943,15
-1,15
5851,16
-1,16
-1,15
-1,14
-1,15
2478,16
2521,18
-1,15
-1,15
5222,16
2322,17
4630,15
-1,16
565,15
-1,15
3475,15
-1,14
-1,16
-1,16
7186,15
9935,15
1438,17
-1,17
8224,17
8856,17
-1,14
-1,15
-1,14
628,16
-1,15
-1,14
-1,14
-1,15
5948,16
-1,14
-1,15
-1,16
-1,16
-1,15
4486,16
9749,15
-1,14
-1,15
8016,15
-1,15
-1,15
-1,15
4518,16
-1,16
5886,16
6119,16
2870,15
-1,14
-1,14
9780,15
-1,15
7332,15
1482,15
-1,18
2784,15
-1,14
4519,16
-1,15
-1,14
-1,16
540,15
9951,15
-1,15
4869,15
-1,15
-1,14
-1,15
-1,16
9593,18
727,15
-1,14
-1,16
-1,15
-1,14
258,17
2852,17
8219,16
3519,16
-1,15
-1,16
-1,15
-1,18
3102,14
1612,16
5985,16
7226,17
7839,16
4746,15
-1,16
-1,15
5955,15
1702,15
-1,16
-1,15
3407,16
-1,16
-1,14
1275,18
-1,16
-1,15
-1,16
322,16
-1,15
8684,15
-1,16
6755,15
9425,17
7139,15
1192,16
9344,17
-1,15
-1,16
3809,18
-1,16
-1,15
7633,16
4406,16
7343,17
-1,16
8741,17
2364,17
5496,16
-1,15
-1,15
-1,16
-1,15
3291,16
5596,14
7081,16
2049,17
5496,16
5572,18
112,15
-1,15
-1,15
-1,17
1950,16
7002,15
-1,15
-1,16
7471,16
-1,16
9232,16
-1,14
3543,18
-1,15
-1,16
1753,14
2537,16
-1,15
4705,17
2420,15
3044,15
-1,16
8355,16
464,16
-1,16
3350,16
301,15
-1,15
-1,15
-1,18
-1,15
2062,15
-1,16
3718,17
3627,15
6600,16
-1,14
7341,15
-1,15
-1,14
-1,15
-1,16
6914,15
-1,15
-1,14
-1,15
302,16
9866,16
-1,15
-1,16
8475,16
236,17
2735,15
-1,16
2499,15
-1,15
-1,14
193,16
8988,19
9282,16
-1,15
97,16
6002,15
1156,15
1413,15
848,15
-1,15
2603,15
3821,16
-1,15
5412,15
2232,15
-1,16
-1,15
3223,16
6656,16
507,15
-1,16
7783,16
95,16
-1,15
-1,17
1888,15
8978,16
6439,16
-1,15
-1,15
-1,15
-1,17
-1,15
447,15
957,16
-1,14
3595,16
4571,15
9310,15
9663,17
642,16
-1,17
-1,15
3629,16
2698,19
-1,16
-1,15
5608,16
8735,17
-1,15
-1,16
-1,16
7037,15
-1,15
2362,15
-1,16
-1,15
4804,15
-1,15
-1,15
2720,15
7684,16
8695,14
-1,15
-1,16
2543,15
-1,15
4918,15
-1,16
5906,15
7870,15
-1,15
1714,17
-1,15
-1,16
-1,15
-1,16
-1,16
1947,17
-1,16
-1,16
539,15
9603,15
3967,17
-1,15
-1,15
-1,17
-1,15
6558,16
747,15
6585,15
-1,15
3513,14
-1,15
-1,15
-1,16
8909,14
-1,16
9812,17
-1,15
5747,15
-1,15
4193,16
4504,16
4761,17
5815,15
3396,15
4470,16
-1,15
8437,17
3790,17
9343,15
-1,14
-1,15
-1,15
7378,15
1222,16
-1,14
4531,16
-1,17
8964,14
9059,16
1368,14
1774,17
-1,17
-1,14
-1,17
6200,16
-1,15
8706,16
-1,16
-1,15
5451,15
587,15
-1,15
-1,15
1173,17
-1,15
7561,15
3476,17
-1,15
9128,15
5297,15
2306,15
-1,16
684,15
2179,16
3805,17
-1,15
-1,15
3162,15
920,16
-1,16
4190,16
8747,17
9714,17
9532,15
-1,15
-1,15
-1,16
3718,16
4833,18
-1,14
-1,15
4446,16
8372,16
-1,16
3118,15
-1,15
-1,15
6028,15
-1,16
-1,15
-1,16
5408,16
-1,15
-1,16
-1,14
193,16
2838,15
-1,15
9244,16
322,15
-1,15
-1,14
-1,16
3982,15
2721,16
-1,14
-1,16
-1,16
7659,16
3525,15
-1,16
-1,15
-1,15
4341,15
-1,17
-1,16
-1,15
-1,15
-1,14
-1,15
7501,15
-1,14
-1,17
-1,15
-1,15
-1,15
-1,16
-1,15
2186,16
619,16
7055,15
8709,17
1981,15
-1,17
9491,17
8992,16
-1,15
9109,15
-1,16
9147,14
-1,16
4771,16
7990,16
7784,17
7679,16
5053,19
-1,16
-1,15
4249,16
-1,16
-1,16
8095,16
4793,16
5926,16
-1,16
8606,15
5958,15
-1,17
-1,16
-1,15
-1,16
-1,15
-1,17
2469,15
-1,14
-1,15
5896,15
9728,15
-1,15
949,15
8809,16
-1,16
4667,15
-1,14
9686,17
4260,16
-1,15
8072,15
8752,14
-1,16
-1,15
-1,14
5334,16
2879,16
7491,16
3630,17
5175,16
8679,16
953,16
-1,15
5646,18
5561,17
-1,15
-1,16
8111,18
514,15
874,15
-1,16
2326,15
278,15
641,14
-1,14
-1,14
9165,17
8908,14
-1,18
4578,15
8236,15
6722,16
1797,17
-1,15
-1,15
-1,16
-1,15
-1,15
-1,15
-1,16
7307,15
-1,15
-1,14
7941,15
-1,17
2675,18
8843,16
5085,17
8687,15
-1,17
2370,17
5319,15
7467,16
-1,15
-1,15
-1,15
6704,14
5674,15
-1,16
-1,16
2425,14
-1,15
-1,15
-1,16
1098,16
2708,15
-1,16
1637,15
7585,16
8558,15
2389,16
6067,17
-1,16
-1,14
4112,15
-1,17
-1,15
-1,15
-1,15
920,15
-1,15
5994,17
1576,17
-1,16
8434,15
1325,15
1554,16
4220,15
-1,14
-1,16
-1,15
8610,16
-1,15
-1,16
3193,16
-1,15
9724,16
-1,14
-1,15
2509,15
-1,15
-1,16
-1,15
6135,15
9141,14
-1,16
6532,15
-1,16
-1,15
-1,14
9371,14
-1,16
2598,17
-1,16
-1,15
-1,16
-1,16
-1,16
2806,17
-1,14
-1,16
-1,15
-1,14
9936,16
1337,15
780,16
1100,16
8111,16
-1,15
-1,15
6502,17
-1,15
2415,16
-1,15
9979,15
9444,16
-1,16
-1,15
5749,16
4578,14
-1,15
-1,15
-1,14
1400,16
-1,15
8335,18
-1,16
-1,16
7510,15
-1,15
-1,15
3218,15
9397,16
-1,15
768,16
-1,16
1810,14
-1,15
7389,17
-1,14
-1,14
-1,14
9261,15
-1,15
-1,15
-1,15
4376,16
-1,16
4201,16
-1,16
-1,16
1000,14
-1,16
452,14
-1,16
5742,17
4934,14
-1,15
-1,16
3962,17
-1,14
905,16
-1,14
8929,17
-1,16
7919,16
-1,14
7986,16
-1,15
-1,14
-1,15
-1,16
-1,15
8302,17
-1,15
902,15
7937,16
1131,15
-1,15
-1,15
-1,15
7767,16
1927,15
7411,15
-1,14
1715,16
804,14
4927,16
-1,15
-1,16
-1,16
-1,15
2980,15
-1,16
5164,17
-1,16
1040,16
2176,14
-1,16
-1,15
-1,15
-1,15
-1,15
5737,16
428,17
-1,15
8354,18
-1,15
1094,16
5186,16
3623,16
-1,15
-1,16
580,15
-1,15
-1,15
-1,15
-1,15
-1,15
-1,15
4079,16
9670,16
-1,16
1629,15
-1,15
-1,15
-1,15
7699,18
-1,15
9947,18
-1,14
3152,17
-1,15
2886,15
-1,14
3093,15
2875,15
-1,16
-1,15
-1,16
9609,14
7285,15
-1,15
-1,16
-1,16
6577,15
-1,14
-1,15
5957,17
8652,16
7887,15
-1,16
-1,15
9597,14
-1,16
-1,16
5874,15
-1,15
817,16
-1,15
-1,16
7788,16
-1,17
-1,15
4836,17
2957,16
3298,16
-1,14
-1,15
3386,14
9445,18
4469,16
7239,15
5645,17
-1,14
-1,14
-1,14
-1,15
-1,15
9093,15
-1,15
-1,15
6105,16
-1,16
7584,14
-1,15
1166,16
7904,15
-1,16
1832,16
9637,16
9197,15
-1,15
8625,15
2954,15
369,15
-1,16
-1,16
526,16
-1,14
-1,15
-1,15
6258,17
-1,15
-1,15
4471,16
-1,15
-1,15
9971,16
-1,15
-1,15
-1,17
2739,16
-1,16
6557,16
-1,16
-1,15
-1,15
3404,17
8814,16
-1,16
-1,15
4621,15
-1,16
6567,16
-1,16
-1,16
-1,15
6453,15
-1,18
-1,14
8075,15
-1,16
-1,15
5738,15
-1,14
2222,14
9868,16
-1,15
-1,15
-1,14
-1,15
2066,16
-1,14
-1,16
-1,15
-1,14
-1,17
-1,15
-1,16
7335,17
-1,14
-1,16
-1,16
-1,15
3372,14
1636,15
-1,15
6605,17
-1,15
-1,15
1420,15
1841,15
-1,16
8616,15
8699,15
-1,15
-1,15
2096,16
-1,18
2548,15
-1,16
8562,16
744,15
9147,16
1542,16
3893,15
930,15
5835,15
-1,15
-1,16
-1,15
-1,15
4798,19
-1,15
5152,16
-1,15
5463,16
-1,14
909,16
7682,17
-1,17
2969,15
-1,15
9507,17
-1,16
-1,16
-1,15
7117,15
-1,15
6663,16
3793,16
-1,14
-1,15
5873,15
-1,15
-1,17
9628,16
4465,15
153,18
-1,15
4998,16
-1,15
1545,16
8395,16
387,16
-1,18
645,14
-1,14
9641,16
1613,17
-1,15
-1,15
-1,14
3176,15
-1,15
7463,15
8636,16
9200,15
1890,18
5731,14
6365,16
4100,15
9531,15
-1,16
-1,17
-1,15
4224,16
6556,15
-1,14
3329,16
-1,16
8555,16
7770,17
8636,17
-1,15
5479,17
-1,15
5186,15
-1,15
7619,16
-1,15
5286,15
3900,15
8458,18
-1,16
2809,15
6026,15
-1,15
-1,15
-1,15
-1,15
686,15
-1,17
-1,16
91,16
-1,15
9873,16
-1,16
4917,17
9285,16
6357,16
1574,15
-1,16
-1,14
8440,15
-1,14
3670,17
9059,17
7938,15
-1,14
1040,18
-1,15
-1,15
6565,17
-1,15
-1,15
8987,15
-1,15
-1,15
8564,14
1087,15
6916,16
3638,17
-1,17
9600,15
7770,15
-1,17
209,15
-1,15
-1,15
7057,19
-1,17
-1,15
7928,15
2357,15
-1,16
4382,17
588,15
-1,16
-1,16
-1,15
-1,15
3556,15
6826,16
7462,16
1335,15
-1,15
-1,15
-1,15
-1,15
6467,16
-1,16
580,17
2613,14
3873,17
-1,16
-1,16
2869,16
7086,16
7280,14
-1,15
1845,16
-1,15
1582,14
-1,15
8169,16
1385,16
2277,14
-1,15
-1,15
9728,15
575,16
-1,15
2452,15
-1,16
169,17
-1,15
4617,16
5142,16
3009,16
-1,15
-1,14
-1,17
8993,15
-1,16
87,15
-1,14
-1,15
-1,14
-1,14
-1,15
-1,15
7725,16
-1,19
-1,14
-1,15
875,16
-1,15
-1,15
3800,16
7170,15
-1,15
-1,15
-1,17
-1,14
9594,15
4798,16
2612,16
2420,16
-1,16
8845,16
5842,15
-1,16
8547,16
-1,15
9354,16
4508,16
-1,15
406,15
-1,15
8134,16
5182,15
-1,16
1474,17
423,16
-1,15
-1,15
9424,17
-1,16
676,16
2307,16
2319,14
4641,15
-1,15
-1,15
-1,16
5264,16
1158,15
-1,15
-1,16
7357,15
3082,17
2778,16
9550,15
-1,16
-1,15
3406,16
-1,17
1541,17
7552,16
-1,16
-1,14
-1,16
-1,17
-1,15
-1,15
-1,16
9695,15
9093,15
503,15
-1,16
22,14
-1,15
5165,16
2622,17
-1,15
-1,15
-1,16
1034,16
428,16
-1,15
-1,15
8208,17
8233,15
4531,16
-1,15
3071,16
-1,16
6641,16
6717,15
-1,15
-1,15
-1,15
-1,14
-1,16
3302,17
3039,15
1919,16
-1,14
-1,16
-1,15
-1,15
-1,15
5760,16
-1,16
-1,15
3430,16
-1,16
-1,15
2136,17
7055,16
-1,15
8447,16
-1,14
-1,14
5991,17
6322,15
5383,15
-1,15
2122,18
6866,16
7702,16
-1,15
7848,17
4995,16
-1,15
-1,15
-1,16
7241,17
7628,14
1625,15
9453,16
-1,15
3780,15
-1,16
4504,15
7774,14
-1,14
-1,14
6073,15
619,16
5390,16
1769,16
-1,16
-1,14
9334,16
8860,17
7403,17
1502,15
4068,15
1846,15
-1,15
8784,14
-1,14
8374,14
-1,15
-1,14
-1,17
-1,16
-1,15
606,14
2724,16
-1,15
2695,14
9551,15
-1,14
2245,16
-1,16
-1,15
3989,17
-1,16
-1,15
-1,15
9552,16
6814,17
-1,14
-1,16
-1,16
5331,15
4488,15
-1,16
8428,15
5232,16
7283,16
8863,15
-1,15
-1,15
637,15
-1,14
-1,16
5229,15
5920,16
4686,15
2955,17
-1,14
-1,14
-1,15
-1,15
1695,15
-1,15
-1,15
5962,16
-1,15
-1,14
9668,16
-1,15
2943,16
9222,15
6804,16
-1,15
-1,15
-1,17
-1,15
-1,15
-1,17
8794,17
-1,15
5995,16
1358,15
-1,14
5546,17
-1,16
4763,17
1458,16
-1,16
-1,18
5098,16
-1,15
4755,17
9017,15
7573,15
7369,17
-1,14
-1,15
3347,17
8866,17
527,15
3799,15
4025,16
1992,16
-1,15
-1,15
254,16
8487,16
8400,15
7454,15
-1,15
8904,15
6691,15
9196,16
2922,14
-1,14
6275,17
-1,16
-1,15
-1,16
4817,18
7226,17
5536,16
-1,15
7949,15
-1,15
-1,14
926,15
7691,14
-1,15
7818,15
-1,14
7352,17
2611,16
-1,17
1956,15
4669,16
850,16
-1,15
3645,15
-1,15
319,15
9289,15
4708,16
5296,15
6495,16
7839,17
-1,15
-1,16
338,15
9701,16
5785,15
-1,15
-1,16
-1,15
-1,17
-1,15
7835,17
-1,16
-1,17
6845,15
6613,15
-1,18
-1,16
8427,16
-1,16
-1,15
-1,15
-1,15
5009,15
2255,15
-1,15
7598,16
-1,16
5608,15
3717,17
-1,15
-1,15
8879,17
-1,16
3018,17
3768,15
1779,16
8684,16
-1,14
-1,15
-1,15
9647,16
-1,15
8957,15
1295,16
-1,14
-1,16
-1,16
2265,17
-1,15
3485,15
1769,15
5789,16
-1,17
-1,17
-1,16
9502,14
-1,16
4623,16
7037,16
-1,16
-1,15
8753,15
-1,17
-1,15
-1,15
-1,15
-1,16
-1,16
-1,15
-1,14
3161,16
-1,15
2485,19
-1,16
3027,15
5646,15
-1,15
-1,16
6157,16
-1,15
-1,15
-1,15
-1,16
-1,15
6377,16
-1,15
1151,15
975,15
5514,15
-1,15
9857,17
4757,15
5090,16
9134,16
7470,15
1233,17
-1,14
-1,15
9920,15
4763,16
-1,14
-1,17
-1,16
8280,15
4133,15
2862,16
1472,16
5708,17
5565,14
-1,15
637,16
2639,14
-1,15
9637,16
1818,16
3500,18
-1,15
9791,15
6278,17
8721,16
-1,14
5199,18
-1,14
655,15
1282,17
-1,14
-1,17
-1,16
-1,16
-1,15
1322,15
-1,15
2216,17
2750,15
-1,16
-1,15
-1,15
-1,15
2538,16
-1,15
-1,17
5184,17
4172,16
7299,16
-1,15
5030,15
-1,14
173,15
-1,16
-1,15
3964,17
-1,16
-1,17
-1,16
5462,17
-1,16
-1,16
-1,16
-1,15
9878,16
-1,15
-1,16
-1,15
-1,15
1044,17
8953,15
9450,16
-1,16
532,15
-1,14
-1,15
250,16
971,16
6006,16
-1,15
4445,15
-1,15
-1,15
7524,15
-1,14
2782,17
4168,15
1920,15
-1,15
-1,16
-1,15
-1,14
7239,14
-1,14
3075,17
3957,16
-1,15
-1,15
-1,15
7167,17
-1,15
-1,15
-1,16
-1,15
-1,16
-1,16
8950,16
4378,18
-1,15
-1,15
5711,16
-1,15
8588,16
1853,18
-1,15
-1,16
-1,15
8970,15
-1,14
-1,15
4975,18
1152,15
-1,15
-1,15
4825,18
4605,17
8553,14
1036,16
7110,16
-1,15
-1,16
7450,16
-1,15
-1,15
-1,14
-1,14
-1,16
-1,14
-1,16
1890,17
-1,15
8740,15
5264,15
4692,15
-1,16
4303,16
-1,15
-1,16
5488,16
-1,14
82,16
1061,17
-1,15
3409,17
9986,17
-1,16
8066,17
-1,15
985,15
3076,16
-1,15
-1,15
-1,15
8735,17
-1,15
8943,15
653,16
3104,15
6501,15
2632,14
-1,16
-1,15
4799,17
2032,16
894,17
-1,16
6972,16
741,16
9819,16
-1,16
-1,15
-1,15
8817,15
-1,14
-1,15
4503,14
-1,15
613,15
-1,17
-1,17
7008,14
1628,15
-1,15
3807,15
-1,15
-1,19
-1,15
-1,15
6425,17
-1,15
1718,14
1480,16
-1,14
-1,15
-1,15
4144,15
-1,14
-1,15
-1,15
3597,18
5675,15
8363,16
9531,16
-1,14
5595,17
-1,15
4858,15
-1,15
8238,16
-1,17
8263,15
7753,17
1787,15
-1,16
-1,16
-1,15
3519,15
509,16
-1,15
1898,17
-1,16
-1,15
4425,18
-1,15
7288,16
4486,15
-1,15
-1,16
-1,14
2611,15
-1,15
353,16
7106,16
8236,16
9921,17
-1,16
3110,15
-1,15
9606,18
9979,15
3904,16
-1,15
8617,15
5211,15
-1,14
9732,17
1718,15
1692,15
8472,15
2425,15
-1,16
-1,17
1634,16
-1,15
8995,16
1540,16
-1,15
-1,16
-1,15
2281,15
4017,16
-1,16
-1,17
8961,15
-1,17
-1,15
-1,15
-1,16
-1,16
-1,16
4796,16
-1,15
-1,14
-1,16
9796,16
-1,14
528,17
-1,14
-1,15
414,15
7544,16
-1,16
-1,14
-1,14
217,14
7521,16
-1,14
-1,15
9503,15
1899,15
-1,16
8043,17
8504,15
4354,17
-1,15
1601,15
5781,16
6848,15
8895,17
6074,15
7918,17
-1,16
7294,15
-1,16
4355,16
9488,15
4225,16
-1,14
1360,15
2367,16
5414,15
-1,15
5229,16
-1,14
7977,15
2863,15
5629,17
7333,15
-1,16
-1,16
-1,15
-1,16
7481,15
1871,16
-1,17
-1,15
8431,16
-1,15
1306,14
-1,15
-1,15
-1,16
-1,14
-1,16
142,15
3749,15
6802,16
3851,17
8617,17
3995,16
8767,16
4536,15
-1,16
3823,16
-1,15
1942,16
1468,17
-1,15
3119,17
-1,15
5183,15
-1,15
4818,16
-1,15
-1,14
-1,16
4153,16
-1,15
9098,17
-1,15
-1,15
6692,15
6389,14
237,16
7922,16
8165,16
4300,16
4674,16
-1,14
-1,15
-1,15
-1,16
-1,15
8194,16
-1,15
-1,16
9532,17
-1,16
6529,15
-1,14
8292,15
-1,16
-1,14
-1,15
1045,15
-1,15
6796,16
1612,15
-1,15
1938,15
-1,15
-1,15
-1,15
-1,16
-1,15
-1,16
7684,16
273,17
-1,15
-1,15
7986,17
9653,16
775,15
5308,17
-1,16
-1,15
-1,16
-1,15
2450,16
-1,15
-1,15
7818,16
3646,15
-1,15
-1,14
-1,15
8770,15
9149,17
-1,14
4582,15
-1,14
8752,17
9183,15
4493,16
8739,16
-1,17
9981,16
6879,15
-1,17
6142,16
5706,15
-1,17
6435,17
-1,16
8097,15
-1,15
-1,16
-1,15
-1,14
6623,18
-1,14
-1,15
-1,16
-1,16
-1,15
4314,17
-1,17
2790,17
-1,15
19,16
-1,16
390,15
-1,14
-1,15
-1,16
3834,18
-1,15
-1,15
-1,15
-1,15
5040,16
-1,15
2759,16
6595,14
-1,16
-1,15
-1,15
-1,15
-1,15
4528,15
2884,17
-1,15
9954,16
9259,15
4845,16
-1,16
-1,16
-1,16
9538,15
-1,15
6879,15
2776,15
2481,18
2294,18
-1,15
-1,16
2353,17
6331,17
-1,14
-1,15
4685,14
-1,15
643,15
-1,16
-1,16
-1,15
-1,15
3924,15
-1,14
-1,15
-1,15
-1,15
-1,16
-1,16
4804,15
-1,15
-1,15
1849,14
-1,16
-1,16
5272,16
5890,16
-1,15
5492,16
-1,14
3823,15
3802,16
-1,16
-1,16
-1,16
-1,15
-1,15
5422,16
6762,14
7295,14
7790,15
-1,15
-1,15
-1,16
3696,15
-1,17
-1,16
-1,14
8113,17
8052,16
-1,14
-1,15
-1,16
-1,17
8626,16
-1,16
-1,15
6419,16
2166,17
-1,15
-1,15
3655,14
2803,16
-1,14
-1,15
5980,15
9557,15
-1,15
-1,15
-1,15
9344,16
-1,17
5908,15
5451,15
4067,16
4667,15
-1,15
5210,16
5975,16
3440,15
4428,16
-1,15
5724,16
8733,17
8507,16
-1,14
-1,15
4363,15
9431,16
2702,16
6803,15
9381,17
8402,15
-1,15
6569,16
2088,14
3348,15
-1,15
4994,15
7319,17
7835,16
4247,16
1692,16
-1,16
-1,15
-1,14
-1,15
-1,16
3899,17
-1,14
-1,14
611,18
7039,15
-1,16
5025,15
-1,15
238,15
7477,16
6254,16
1076,17
-1,15
3901,16
-1,16
-1,16
176,16
5289,15
-1,16
8885,14
-1,16
-1,15
337,16
-1,16
78,16
7175,16
446,16
4793,16
313,16
-1,15
-1,16
-1,15
-1,15
1425,16
-1,15
6400,16
-1,15
6608,16
-1,13
-1,15
-1,15
-1,14
-1,14
8609,17
-1,16
3277,15
5310,15
4328,17
4407,16
4083,16
463,15
9085,15
-1,15
3156,14
-1,14
6139,15
-1,15
8795,16
-1,14
-1,15
-1,14
1661,16
4674,16
-1,15
1640,15
3836,16
-1,16
-1,16
-1,14
-1,17
-1,15
-1,14
1778,14
3685,16
7008,16
7929,15
-1,14
1931,16
106,17
-1,16
-1,17
9916,15
-1,15
-1,15
91,18
-1,16
6757,15
3018,16
-1,16
1747,15
4173,16
-1,15
-1,15
2861,16
3530,18
2974,15
-1,15
1355,16
619,16
8980,14
-1,15
6470,16
-1,16
1593,14
9459,15
-1,14
8052,15
-1,14
6564,15
1395,15
-1,14
-1,16
9920,15
-1,16
4128,16
8470,15
3306,17
313,17
3571,17
-1,14
5702,16
9466,15
-1,15
4703,16
2727,16
-1,15
-1,16
-1,15
-1,15
-1,15
-1,14
8597,15
-1,15
3184,16
-1,16
-1,15
-1,15
-1,16
-1,15
9226,16
5449,15
2744,16
5604,15
3856,15
8533,16
5823,16
-1,14
2509,16
9146,15
-1,14
-1,15
3244,16
-1,14
-1,15
9493,15
5131,17
173,15
6979,15
-1,15
-1,16
-1,17
3644,16
9182,16
-1,14
2849,16
1644,17
-1,15
7440,16
917,18
9992,15
1040,16
4630,17
-1,16
-1,16
-1,14
4246,15
2432,16
9163,15
-1,15
-1,16
7891,14
7172,15
-1,16
3513,15
8863,18
-1,15
-1,16
9554,16
-1,15
-1,16
1283,15
-1,15
-1,15
3716,16
5430,15
-1,15
-1,15
-1,17
8436,16
-1,17
-1,16
-1,15
6609,17
-1,15
4354,16
256,15
-1,15
-1,14
2469,15
-1,14
-1,15
6188,17
9781,16
-1,15
1330,16
6338,15
5495,15
-1,15
3119,16
5134,16
-1,14
-1,16
-1,16
-1,16
-1,16
-1,15
1013,15
6968,16
-1,15
-1,17
9389,16
8581,15
-1,16
9822,16
3421,15
2710,17
2427,16
5074,15
-1,16
-1,14
5718,14
-1,15
-1,15
-1,16
-1,15
-1,16
7682,17
5536,15
-1,15
-1,15
-1,15
-1,17
747,16
-1,16
1867,16
-1,16
4079,16
-1,15
-1,14
8145,15
-1,16
8327,16
-1,15
-1,15
-1,14
4283,15
-1,15
5571,16
-1,17
2802,16
-1,15
-1,15
7880,17
-1,17
-1,15
2811,16
-1,16
-1,16
8069,17
6685,15
4063,17
9887,16
2594,15
9025,17
-1,16
1677,17
8791,16
4729,16
-1,15
-1,15
-1,15
2943,15
-1,15
-1,15
-1,17
454,17
-1,14
-1,15
-1,16
-1,14
-1,15
-1,15
5297,15
3833,17
2619,17
-1,16
-1,15
7857,15
8904,16
6534,17
7659,16
181,16
9211,15
-1,16
-1,16
5575,15
7248,16
-1,15
-1,16
8096,16
-1,15
-1,16
9316,15
1225,15
-1,16
-1,15
-1,15
7271,16
-1,15
-1,15
9875,18
-1,15
7295,16
8672,15
3155,16
-1,16
4992,18
6295,16
3104,15
6966,15
-1,15
6820,16
3432,15
-1,16
-1,15
-1,15
-1,14
-1,15
5131,14
1352,16
-1,16
-1,15
-1,15
-1,15
-1,15
1915,14
-1,17
2676,17
2343,14
5378,16
6049,15
-1,15
-1,16
-1,17
6234,14
613,15
-1,15
6763,15
1108,16
2981,15
-1,15
8845,16
-1,15
1195,15
2108,18
7019,15
-1,15
-1,15
-1,16
3584,16
2096,16
-1,15
-1,15
-1,17
-1,15
-1,16
6131,16
7309,16
-1,15
4664,16
5625,15
-1,16
-1,15
-1,15
2543,16
1544,16
4348,16
2352,15
-1,17
4248,16
-1,15
-1,17
1461,14
4736,15
4333,17
-1,15
606,16
4763,18
4917,16
2217,17
-1,15
608,14
8725,16
-1,14
1874,16
-1,16
-1,17
2798,15
-1,15
-1,15
-1,17
1970,15
-1,15
2795,16
6634,15
-1,16
-1,14
1244,17
-1,15
-1,16
-1,15
-1,15
8112,17
-1,15
-1,14
-1,15
94,15
7242,16
-1,17
3076,16
8844,15
3486,15
-1,16
-1,15
-1,15
-1,16
8814,16
1169,18
2942,15
-1,15
8757,16
9654,17
6547,17
-1,16
-1,16
-1,14
-1,14
8645,16
6360,14
-1,16
-1,15
-1,15
-1,15
422,15
8089,17
-1,16
-1,14
6802,16
-1,17
-1,15
6049,16
-1,16
2886,15
-1,15
-1,18
-1,14
-1,18
6988,14
-1,14
-1,14
9180,16
8054,16
-1,14
-1,15
-1,16
614,16
4651,15
-1,15
-1,15
-1,15
-1,16
6165,16
-1,16
9614,16
3222,17
5853,16
5885,17
1774,17
-1,16
-1,15
-1,15
3481,17
-1,15
1397,17
2887,16
-1,15
2761,17
5694,17
7988,17
8222,16
-1,15
7518,15
-1,16
-1,16
7512,18
858,15
-1,15
5301,15
-1,14
3828,14
-1,15
4627,15
-1,16
4013,15
9182,16
-1,16
-1,15
796,16
9295,15
5135,15
-1,15
165,15
-1,16
-1,16
-1,17
-1,15
8887,16
9414,18
-1,16
5303,15
5822,15
663,17
7513,16
324,17
8867,15
985,17
3125,16
8511,17
7038,15
-1,15
-1,15
-1,15
-1,15
-1,15
5365,15
-1,15
-1,15
7633,17
-1,15
-1,14
9002,16
98,15
3327,16
-1,15
6656,16
-1,15
9138,15
-1,16
7625,16
-1,15
1004,15
-1,15
7402,18
2025,15
-1,15
8477,17
-1,15
7956,16
-1,16
1681,17
5117,16
-1,16
4768,16
-1,14
-1,14
-1,14
3866,17
7439,16
8719,16
4100,17
8586,16
9206,15
-1,15
-1,15
5829,15
9537,15
4773,16
-1,14
2626,16
8675,16
-1,15
-1,16
5746,15
3438,15
4228,14
4488,15
-1,15
2317,16
-1,15
-1,14
778,14
-1,16
2867,16
1359,14
8271,15
-1,15
-1,15
-1,17
-1,16
-1,15
-1,15
5730,18
-1,15
6121,16
3788,15
-1,15
-1,16
7039,15
-1,16
8341,15
5217,15
-1,14
5529,16
-1,14
-1,15
4335,17
-1,15
2271,14
3836,16
918,16
-1,15
-1,14
9822,16
-1,15
-1,16
1367,16
3489,16
463,14
9235,15
5734,16
8422,16
-1,15
-1,15
-1,15
6082,14
-1,16
-1,15
-1,15
3697,16
838,15
7814,15
8025,15
5225,16
-1,15
7727,17
2179,16
-1,15
9326,16
9022,16
9770,14
6336,15
-1,15
114,17
5009,15
-1,15
-1,16
-1,15
1612,16
-1,15
4591,17
-1,15
8605,15
-1,15
-1,15
-1,16
3249,15
8788,16
-1,15
-1,15
1103,15
4789,16
7818,16
-1,15
755,15
7587,16
-1,15
8840,15
-1,15
-1,16
-1,14
-1,14
7697,17
2634,16
8695,17
499,15
4684,18
3986,16
-1,16
2975,16
1981,15
-1,15
34,15
-1,16
-1,15
-1,16
-1,17
4174,18
-1,15
-1,16
-1,16
8959,15
5053,15
6102,18
8197,15
6219,15
-1,16
9125,14
8168,15
5893,15
7731,15
-1,14
-1,15
6552,15
-1,15
-1,14
-1,16
1042,15
6543,15
4026,16
-1,15
8373,16
4790,15
-1,16
-1,17
-1,15
3372,15
4414,15
5507,16
2238,15
-1,16
-1,14
-1,14
9668,16
-1,15
-1,16
-1,14
5573,14
2643,14
9527,15
6564,15
-1,16
-1,17
8573,15
8818,16
1341,16
-1,15
5809,15
-1,15
3463,15
5542,16
-1,15
-1,17
-1,15
-1,14
-1,16
5773,16
-1,15
2862,15
3431,15
6988,15
-1,15
-1,14
-1,14
5137,16
111,17
-1,14
2539,19
3218,16
3867,16
9871,16
2464,16
-1,15
301,17
4051,16
6663,16
-1,15
-1,16
-1,16
5501,18
2009,14
171,17
-1,15
5307,19
7755,16
-1,17
-1,16
7626,16
-1,15
426,15
-1,15
564,17
-1,14
-1,15
-1,15
4735,16
9327,16
-1,15
6724,15
-1,15
-1,15
-1,16
-1,15
-1,15
-1,15
-1,15
-1,15
-1,14
-1,15
-1,15
9048,15
-1,15
-1,15
6771,16
1388,17
8869,16
-1,16
-1,16
8908,16
-1,15
5303,15
-1,15
7250,18
-1,15
-1,14
7857,15
3940,15
9799,14
5229,16
-1,14
8000,16
-1,15
1774,16
-1,16
-1,15
-1,14
4536,15
-1,15
-1,17
582,15
-1,15
6663,15
9172,16
-1,14
8587,15
9059,15
2464,17
1331,17
9782,16
8612,16
-1,15
-1,15
-1,16
-1,15
-1,14
2241,15
-1,16
4639,15
7964,16
9395,16
3275,16
-1,15
-1,15
-1,15
-1,15
-1,15
7843,15
568,15
1364,16
-1,15
-1,17
2196,17
5684,15
-1,15
-1,14
5402,16
6163,15
-1,14
-1,16
-1,14
-1,14
8973,16
-1,16
-1,15
-1,15
4658,14
-1,15
1836,15
4051,15
5632,15
1566,20
-1,17
5314,15
1342,15
5878,17
-1,15
-1,16
-1,15
-1,16
5823,15
4004,17
-1,15
-1,16
-1,15
-1,15
-1,15
6577,15
-1,15
6053,18
-1,16
4722,14
9766,17
-1,16
204,18
1908,16
8877,16
1143,14
-1,15
4486,18
955,15
-1,15
-1,14
5162,17
-1,15
3737,16
9312,16
4781,16
3788,16
9849,17
2024,15
3952,17
-1,15
512,15
-1,15
7764,16
9910,17
-1,16
1763,15
-1,15
3935,15
-1,16
-1,15
9505,15
7579,14
954,15
-1,15
-1,15
-1,15
9429,16
8433,15
-1,15
-1,16
-1,16
-1,16
-1,14
-1,15
-1,15
-1,17
-1,15
6097,16
8145,16
668,16
-1,15
9779,17
5461,17
-1,14
-1,16
7108,17
-1,16
-1,15
-1,15
2369,16
-1,16
9749,15
-1,15
7420,15
-1,14
-1,15
-1,16
-1,16
2496,15
6196,15
-1,16
-1,15
2892,16
6190,16
-1,17
9731,15
-1,14
-1,14
-1,16
-1,16
7148,15
627,16
2108,16
7872,15
-1,15
-1,17
-1,14
-1,16
-1,15
7763,17
-1,16
8112,17
8392,16
-1,16
-1,15
-1,15
104,16
8199,14
2958,17
-1,15
-1,15
-1,15
-1,16
-1,14
-1,14
-1,15
-1,15
-1,15
-1,15
-1,15
9645,15
1004,15
8540,16
8459,15
9237,14
5533,16
-1,15
7510,15
-1,15
-1,15
-1,16
7735,17
3824,14
8272,16
-1,15
-1,15
7835,16
237,16
-1,15
4205,17
-1,13
7378,17
564,15
4313,16
8435,16
2680,15
-1,15
8837,15
950,15
-1,15
8325,15
2802,15
6705,15
9736,16
-1,16
4599,15
5206,16
5818,16
-1,15
-1,15
5082,16
7205,17
-1,18
6250,15
-1,16
3434,16
-1,15
6656,16
-1,15
-1,16
-1,15
7349,16
-1,16
9968,16
6766,15
5067,15
3993,17
-1,16
-1,15
9240,15
931,16
4283,17
1741,14
-1,17
-1,17
1083,15
194,16
2626,16
3096,15
6858,17
6774,17
-1,15
-1,15
-1,16
-1,15
-1,15
8229,16
-1,16
-1,16
8523,15
-1,15
-1,16
-1,15
-1,15
848,15
-1,16
-1,16
-1,15
866,14
-1,15
-1,14
5614,15
7554,15
-1,15
3233,16
-1,15
7549,17
-1,16
8985,16
2218,15
6815,17
7833,15
6890,14
-1,16
9665,16
6897,17
-1,16
3180,16
3320,18
9445,18
-1,15
-1,15
-1,15
-1,16
7408,15
6680,15
5769,15
5485,16
6407,17
-1,15
-1,15
-1,14
9432,15
7530,18
558,16
7967,17
-1,15
-1,15
37,17
3589,16
-1,15
-1,15
-1,15
-1,15
1604,14
-1,15
6543,16
-1,15
5015,16
-1,16
-1,16
9590,16
-1,15
-1,15
-1,16
512,15
5509,17
6060,16
7237,18
8192,15
-1,15
6555,16
-1,15
-1,15
-1,15
8784,16
-1,17
5372,16
-1,14
-1,15
-1,15
9367,17
-1,14
9509,15
-1,18
653,16
-1,14
9595,15
3088,16
1885,19
4583,16
9118,16
-1,15
-1,16
7436,17
6779,17
-1,15
9535,17
-1,15
-1,15
7517,16
1472,15
6373,16
6549,15
-1,14
6109,15
4586,17
678,15
-1,15
6044,15
8829,15
-1,16
-1,17
-1,16
5636,17
-1,16
-1,16
-1,17
4737,15
9756,16
9236,17
727,15
5364,15
1938,15
2558,15
-1,16
9039,15
9074,16
1401,15
-1,15
-1,14
1561,15
-1,15
-1,16
5791,14
-1,16
-1,15
-1,15
8210,14
-1,15
2150,15
2035,15
-1,15
-1,15
-1,15
-1,15
-1,16
8915,15
7119,15
-1,16
1063,17
-1,14
8112,15
4976,15
-1,16
2499,17
5515,18
217,15
-1,15
-1,15
-1,15
573,17
-1,17
-1,18
-1,15
506,15
-1,15
-1,16
-1,15
7,16
-1,15
9550,15
500,15
-1,16
-1,15
9874,15
-1,16
8128,16
5583,16
9258,15
5246,16
-1,16
7445,16
7558,15
7796,16
8150,16
3047,18
989,16
2424,15
5792,17
-1,15
7958,16
-1,15
2289,15
3510,17
-1,15
-1,14
7037,15
9977,17
-1,16
-1,15
-1,15
3209,15
1051,16
4877,17
1607,15
1291,16
4112,14
5971,14
-1,16
7552,15
6788,17
-1,16
7087,15
-1,14
248,16
7144,16
386,17
2612,15
-1,15
3610,16
4637,15
3577,16
5401,16
5705,16
-1,16
-1,16
-1,15
3742,16
-1,16
-1,17
2939,15
3194,16
-1,15
-1,15
5536,16
-1,16
-1,15
-1,16
-1,14
1231,17
9843,18
513,15
-1,15
9957,17
4398,17
1734,18
2032,15
1126,16
9913,15
8911,16
5926,17
-1,15
1925,16
-1,14
-1,15
-1,16
-1,14
-1,16
8454,18
9284,16
-1,16
2018,16
1597,16
9678,17
-1,15
-1,14
1906,17
-1,16
-1,16
-1,17
6339,20
6409,15
6142,16
-1,17
-1,16
-1,15
-1,14
3751,16
-1,16
-1,17
-1,14
1955,17
4050,16
6309,15
4799,16
3197,16
4409,17
2649,16
-1,15
-1,15
9254,17
4075,14
9290,15
-1,16
1101,15
5289,16
-1,16
1642,17
8479,15
-1,16
-1,15
1066,17
8192,17
4797,15
-1,14
2385,16
-1,14
3440,16
7192,15
3257,15
-1,14
-1,16
8183,15
6943,15
-1,15
4406,16
-1,15
-1,15
-1,15
-1,15
4988,15
-1,16
-1,17
-1,15
2205,15
4887,16
8897,18
3528,17
9799,18
284,16
-1,16
-1,14
6924,16
2417,17
7482,16
4306,15
-1,14
8196,17
5991,14
-1,15
-1,16
404,15
7910,16
-1,16
6188,15
6164,16
-1,16
9888,15
7217,15
1958,16
8833,15
-1,16
7081,15
-1,17
-1,17
1216,15
-1,16
-1,14
3307,15
1111,16
2833,16
-1,16
8305,17
-1,16
-1,15
771,17
7032,15
-1,16
9310,18
-1,15
-1,15
-1,16
-1,14
-1,16
1977,18
-1,15
4283,16
7250,15
-1,16
-1,16
-1,16
-1,14
-1,15
-1,15
4247,16
3901,16
-1,15
-1,15
-1,15
5819,18
7596,16
6659,15
9259,17
-1,15
-1,16
5693,16
5985,16
8698,15
-1,14
-1,14
-1,15
4480,17
5190,16
5566,16
-1,15
246,17
-1,15
5945,15
9062,15
4376,15
6473,16
-1,15
-1,16
-1,15
-1,15
138,17
4427,15
8204,16
7059,15
7061,17
-1,15
8765,17
6283,15
-1,16
-1,15
2282,16
8632,14
7186,15
-1,15
-1,15
-1,16
-1,15
7532,17
-1,16
-1,16
71,15
8829,16
6288,15
3259,15
4724,15
-1,15
4802,15
-1,15
5174,16
382,17
209,16
4396,16
-1,15
2342,16
2787,17
-1,15
-1,16
-1,15
8529,15
3076,16
-1,14
7953,17
7036,16
-1,16
-1,16
8653,18
-1,15
-1,16
-1,15
-1,15
5755,17
6780,16
-1,16
-1,15
-1,15
6362,15
4399,17
-1,15
1179,15
-1,15
-1,16
8088,15
390,16
-1,16
6141,16
-1,16
-1,14
6457,17
-1,15
-1,14
-1,15
-1,15
9651,18
-1,15
-1,15
3541,16
963,17
9756,16
4926,16
6638,18
-1,16
5572,15
5637,16
-1,15
5499,17
8661,17
-1,16
6191,16
5253,16
5096,14
9189,16
-1,15
-1,15
8182,16
8587,17
800,16
-1,15
-1,15
467,16
-1,15
5345,14
-1,15
8876,14
-1,16
4836,17
7213,16
6399,17
2447,17
-1,15
-1,15
2473,15
3382,16
-1,15
530,14
6788,15
7071,14
-1,14
2963,16
-1,15
2433,17
5644,15
5133,16
-1,16
-1,15
2068,16
2669,16
3333,16
-1,15
9018,16
-1,15
3735,16
7140,15
-1,14
-1,15
1634,16
-1,15
3386,16
7371,15
6847,17
9782,15
-1,14
127,16
7958,17
-1,14
-1,15
5042,15
8795,17
7520,17
-1,15
9038,16
9364,15
-1,15
-1,14
6598,17
-1,17
-1,16
-1,15
-1,15
-1,17
4261,16
-1,14
9712,16
6546,16
3835,16
6591,16
571,16
9584,16
-1,14
-1,15
9365,18
592,15
8642,17
-1,15
-1,15
-1,14
-1,15
-1,16
-1,15
-1,16
-1,16
-1,15
-1,16
4006,15
447,16
-1,16
-1,16
-1,16
-1,14
2154,15
-1,16
3981,15
-1,15
-1,16
-1,16
-1,15
2521,17
-1,15
4406,16
9153,15
-1,15
777,17
-1,15
-1,15
-1,16
-1,16
776,16
-1,15
2646,17
2659,16
-1,16
4460,16
-1,16
1176,17
9608,15
-1,16
-1,17
-1,15
-1,14
-1,14
-1,16
2558,17
8701,15
2644,16
4777,15
9031,16
-1,15
6954,15
778,14
1819,17
6808,17
-1,15
-1,15
3807,16
944,17
-1,16
-1,15
5060,17
-1,15
1317,16
1158,14
-1,15
-1,15
1461,15
-1,15
7454,14
-1,15
2039,15
3878,15
1738,16
7129,15
-1,14
-1,15
1261,15
-1,15
6280,15
8699,15
9675,17
9210,18
-1,15
2948,16
8565,16
1652,15
3171,17
6500,17
-1,14
1996,17
-1,15
6475,16
-1,14
-1,15
2988,16
8672,15
-1,15
-1,15
2484,16
8438,14
-1,16
7308,16
-1,15
-1,15
2151,16
9978,16
5328,15
1876,15
-1,15
-1,15
-1,16
-1,16
7713,17
-1,15
-1,17
1032,16
980,17
-1,15
-1,15
5829,17
-1,14
-1,17
2785,15
3786,16
-1,15
-1,15
-1,14
388,17
5651,19
-1,15
9752,14
-1,16
5105,16
5237,17
-1,15
-1,15
989,16
-1,15
-1,17
-1,15
-1,15
29,14
8483,17
5499,17
1939,15
4740,17
-1,15
-1,15
-1,15
339,17
3364,17
-1,14
7913,15
5267,15
5484,15
368,15
3302,16
-1,14
3112,15
3576,17
247,16
-1,15
-1,14
-1,15
-1,16
3979,17
681,16
-1,16
987,15
7132,16
-1,16
-1,15
3364,16
-1,16
5666,16
-1,16
2093,15
3434,17
-1,17
6029,15
-1,15
-1,16
-1,15
-1,16
-1,16
-1,15
-1,14
-1,15
6947,15
-1,15
1935,17
-1,15
2394,15
1410,16
8260,15
4781,16
-1,15
9598,15
-1,15
1283,16
8247,16
8782,15
1599,16
197,16
7334,17
-1,14
6595,16
727,15
7092,15
-1,15
-1,17
-1,15
8075,14
9640,15
5501,17
-1,16
2034,15
637,16
-1,15
-1,16
6508,16
-1,14
4004,15
-1,15
9242,15
-1,15
2068,16
-1,17
-1,16
-1,15
-1,15
-1,15
8351,17
-1,15
-1,15
-1,16
-1,15
6852,15
-1,15
-1,18
3261,17
8278,16
-1,16
-1,15
7308,16
-1,16
7843,16
6066,17
3806,16
5561,18
-1,16
9542,17
-1,16
8791,16
5559,16
5989,17
980,15
-1,15
-1,15
-1,16
8550,17
6523,15
6740,16
6047,16
-1,16
-1,16
-1,15
9049,16
64,16
-1,16
4257,17
6471,16
-1,16
9154,15
-1,15
-1,15
-1,16
3271,15
3953,16
1382,16
-1,15
-1,14
-1,15
1312,15
-1,15
2703,17
1823,16
1059,15
1993,17
9093,16
-1,16
-1,15
-1,15
-1,16
-1,16
9602,15
5652,16
-1,17
-1,14
-1,15
-1,16
-1,15
-1,15
-1,14
-1,15
6750,15
-1,16
-1,16
258,14
-1,15
950,15
-1,17
7585,15
-1,16
1806,15
7305,15
5054,18
2684,15
-1,15
3124,17
-1,15
119,17
8362,17
-1,15
658,16
2629,15
-1,15
1747,15
-1,15
4465,16
290,16
-1,15
-1,15
4351,17
-1,15
8279,15
-1,15
2577,15
-1,15
-1,16
9747,15
-1,16
-1,17
370,16
7654,16
3971,16
-1,16
-1,15
2293,15
-1,15
-1,15
2544,15
-1,16
-1,16
-1,15
-1,18
7477,16
4727,15
-1,16
-1,15
-1,17
-1,14
-1,15
-1,14
7519,15
-1,15
-1,14
-1,15
-1,15
-1,15
-1,14
2392,15
2291,15
5079,15
4598,16
-1,15
-1,15
-1,14
-1,16
-1,15
9773,16
-1,16
8238,18
-1,14
-1,16
-1,14
-1,17
3481,16
-1,15
402,16
-1,15
2216,15
3139,16
6009,16
-1,16
899,14
4100,15
-1,16
7973,17
-1,16
6739,15
8515,16
-1,16
1530,14
3057,16
6199,16
8718,16
-1,16
717,17
-1,15
1746,17
-1,15
6336,17
7413,17
-1,15
-1,16
-1,15
5398,17
-1,14
-1,15
-1,15
2421,16
2429,16
2612,15
6129,14
3216,15
4566,16
2209,17
-1,16
9255,15
6928,16
4592,15
6927,16
9569,18
-1,15
2193,14
-1,14
1941,15
-1,17
8744,14
9154,16
5819,16
5305,15
-1,15
-1,17
1530,15
-1,17
4834,16
5992,14
3260,16
-1,14
-1,14
-1,15
-1,15
-1,14
-1,15
5361,16
-1,15
3326,16
2757,16
9154,16
-1,16
2363,15
-1,15
-1,15
5849,16
7523,15
-1,14
3001,16
-1,15
7822,16
8571,16
-1,15
4278,16
-1,14
9107,15
-1,14
3741,17
-1,15
-1,15
-1,16
-1,14
-1,15
5140,15
-1,16
-1,15
5041,15
444,16
-1,15
5388,16
7022,16
-1,15
-1,16
2075,15
-1,16
1273,16
-1,15
6343,15
-1,15
-1,15
3656,16
7051,16
-1,16
8708,15
8400,16
-1,16
-1,15
7519,15
-1,16
-1,16
5369,16
619,16
-1,16
-1,17
8756,16
8027,17
6714,15
-1,15
69,15
4636,16
930,15
9964,16
-1,16
1058,16
1362,17
-1,17
7615,16
6569,15
1008,15
1371,14
-1,15
-1,15
-1,14
273,16
6987,17
-1,16
1498,15
8551,17
6726,15
1717,15
-1,17
2174,15
1100,16
-1,17
9319,16
3572,15
1398,16
-1,17
9896,16
2866,17
-1,17
6899,17
437,17
4101,15
-1,15
-1,17
9784,16
7965,16
2906,15
-1,14
-1,16
-1,14
394,16
3830,16
5020,16
8903,16
-1,15
1712,15
-1,15
-1,15
1785,14
6016,15
3213,17
1147,15
5388,15
6939,17
-1,14
-1,16
-1,14
-1,16
7682,16
9344,17
4692,15
-1,16
-1,16
3707,15
958,14
-1,17
-1,15
-1,15
-1,15
-1,15
-1,15
9604,16
6204,16
6603,16
-1,15
-1,15
-1,14
2614,18
6470,19
-1,15
-1,15
8938,15
8061,17
-1,15
-1,15
-1,16
186,17
3536,15
6178,16
-1,16
1571,17
-1,14
5087,15
-1,16
-1,15
6061,16
3266,17
4355,16
-1,15
-1,15
1064,17
9139,16
9823,16
8063,14
5541,16
6548,15
2455,17
8100,15
-1,15
2239,17
-1,16
1244,17
-1,16
2364,15
1241,15
-1,14
7454,15
6706,15
-1,16
-1,14
3487,15
-1,16
-1,16
-1,15
-1,16
4167,16
5673,16
8427,16
7140,16
7518,15
2955,17
2233,16
5168,15
-1,15
4436,15
-1,15
9603,15
2368,15
4879,16
-1,14
6760,14
-1,15
-1,16
-1,15
-1,15
-1,15
-1,15
382,18
2161,15
7365,16
-1,16
9764,15
-1,15
9832,16
9369,14
-1,15
1647,15
9673,16
4430,15
544,15
-1,15
5273,14
-1,14
8955,17
-1,14
-1,15
-1,16
7772,16
1459,16
-1,16
-1,15
1431,15
-1,16
-1,16
6172,17
4809,16
-1,15
9334,17
8470,16
-1,15
-1,15
-1,16
-1,17
-1,16
-1,16
4954,16
-1,15
-1,16
-1,15
9846,15
8254,16
5595,16
-1,15
5460,15
-1,15
-1,16
-1,15
8141,17
8708,15
4457,16
9495,16
-1,16
-1,16
-1,16
9270,15
-1,15
-1,16
-1,16
-1,17
-1,15
-1,15
4489,18
6422,15
7885,16
-1,15
3945,16
9608,17
5259,16
4129,19
-1,15
3509,15
-1,15
-1,15
-1,17
-1,16
-1,15
-1,14
-1,15
-1,14
6974,15
3192,17
-1,15
-1,14
8957,15
9993,18
-1,15
3034,15
6178,15
-1,15
8057,14
-1,14
-1,15
-1,16
-1,15
-1,14
4250,16
4520,16
9756,16
-1,17
5031,16
1520,18
-1,15
-1,16
-1,15
-1,14
9331,14
-1,14
-1,15
9888,17
-1,15
9261,15
559,15
-1,16
4467,16
4355,16
-1,15
625,15
3511,15
-1,15
1379,17
5819,18
-1,15
635,17
9582,15
-1,16
9591,15
-1,16
9398,16
3964,15
-1,15
4850,15
-1,17
3836,15
9770,17
-1,15
2949,16
-1,14
5947,15
371,15
6871,16
5274,15
-1,16
1456,16
8320,17
3769,16
1802,16
-1,15
-1,14
1714,16
-1,15
-1,15
7830,16
-1,17
-1,16
-1,15
-1,15
6890,16
-1,15
7807,16
-1,16
-1,16
6376,16
2414,18
-1,14
1894,15
-1,16
1143,14
-1,15
-1,16
9647,15
7506,17
-1,15
2921,16
8336,17
5387,14
-1,15
1607,15
8138,15
-1,17
6908,15
-1,15
746,15
-1,15
-1,16
814,15
9432,15
-1,15
-1,15
4182,14
6162,16
-1,16
-1,17
4835,16
-1,16
-1,16
5400,16
-1,16
1055,18
3592,14
-1,15
-1,14
-1,16
1651,15
7343,15
-1,16
3498,16
-1,15
5459,15
-1,15
7634,14
4977,14
6208,17
-1,15
1339,16
3747,15
-1,15
6022,16
-1,15
-1,15
4017,16
-1,15
1835,16
1152,17
4245,15
2600,17
4370,14
-1,15
1255,16
3954,17
4757,15
4813,15
-1,15
2492,16
7485,15
-1,15
-1,15
-1,14
4915,14
7363,14
-1,17
4652,16
-1,15
-1,14
1958,15
1325,15
-1,16
-1,15
9873,17
-1,15
221,17
4246,17
7908,16
-1,16
8493,17
-1,16
9750,16
7312,16
6396,15
-1,15
-1,15
-1,15
-1,16
3002,17
7286,15
-1,15
-1,14
-1,16
-1,15
7530,15
-1,15
1204,17
7246,15
-1,15
3852,18
8278,16
-1,16
-1,14
8278,14
-1,15
7291,14
-1,16
7242,15
5681,16
-1,17
-1,16
-1,16
6062,15
6703,17
-1,15
9266,15
-1,15
7167,16
9820,15
-1,15
8229,15
-1,14
2121,15
-1,16
-1,15
6219,17
-1,14
-1,16
1266,18
5941,15
-1,16
7545,15
9193,18
1991,16
8128,16
9619,16
3500,15
2524,15
7579,16
-1,15
-1,16
-1,15
384,16
8710,16
2972,17
-1,16
9590,15
8403,15
6265,15
4189,17
6006,16
-1,15
-1,15
-1,16
4807,17
-1,15
-1,16
2340,17
7427,15
3592,16
3061,15
6732,16
-1,15
-1,14
9046,15
-1,15
2126,15
-1,16
-1,14
-1,15
925,16
-1,14
9639,16
9063,15
4383,16
-1,15
7445,16
613,15
-1,17
6430,16
6682,15
-1,14
-1,16
-1,15
5676,16
2577,18
6441,16
3923,19
-1,15
-1,15
9046,15
-1,15
4308,17
7486,16
2078,18
2044,16
-1,16
9362,17
634,18
9227,18
-1,15
40,17
5951,15
4527,17
4514,16
-1,16
-1,15
-1,15
-1,16
6662,15
-1,16
9635,16
2856,16
3204,16
-1,16
381,14
3853,15
-1,16
-1,15
5257,15
3612,16
-1,15
3186,17
-1,16
-1,15
9399,14
-1,17
1292,15
-1,14
1929,17
-1,16
2400,15
-1,14
-1,15
-1,16
-1,15
-1,16
-1,15
1526,15
9451,16
-1,16
-1,16
6483,17
1658,18
6678,18
-1,14
-1,15
-1,15
-1,16
1229,16
-1,17
6823,15
6325,15
6223,19
-1,16
3613,16
-1,15
3365,18
5386,16
-1,16
5255,14
-1,15
-1,15
-1,15
-1,15
-1,17
-1,17
-1,14
2268,18
-1,15
-1,14
-1,14
7181,15
-1,15
1146,16
-1,15
4840,15
605,16
-1,17
629,16
-1,16
-1,16
-1,17
6956,16
-1,15
-1,15
2872,16
7755,15
1618,15
-1,17
-1,15
-1,15
-1,16
6079,18
2346,16
-1,16
-1,16
-1,15
4399,15
7233,15
8444,17
-1,15
8830,16
-1,16
5965,17
-1,16
2614,14
9681,16
5201,14
3367,15
3341,15
-1,16
2121,16
9796,16
158,15
8621,15
3783,15
-1,15
-1,15
3353,16
2358,15
-1,15
467,15
3467,16
4216,16
-1,15
-1,15
-1,16
-1,16
7464,16
-1,14
-1,15
-1,15
4396,18
7952,15
7523,15
-1,16
6174,15
-1,15
-1,16
919,16
-1,15
-1,15
-1,15
-1,17
-1,15
-1,14
8718,15
2160,15
8902,16
-1,15
-1,15
1151,16
9123,16
-1,14
-1,18
-1,15
-1,14
6204,17
-1,15
-1,15
5190,15
9313,15
-1,15
3264,15
-1,17
-1,15
-1,16
9871,17
-1,14
4566,17
1305,16
-1,15
3676,17
4110,15
6366,16
9628,16
8896,16
-1,16
6827,15
-1,15
8792,16
6503,14
1398,14
-1,15
9979,16
4603,16
-1,16
3345,16
-1,14
-1,14
9719,15
-1,15
5143,16
-1,14
4573,16
1655,15
-1,15
6608,16
-1,15
643,16
-1,15
338,16
-1,15
-1,16
7605,16
5008,17
-1,15
2618,15
4287,16
4953,17
9642,15
-1,16
-1,16
-1,16
-1,15
-1,15
-1,16
1688,15
-1,16
-1,15
4118,15
3857,16
-1,16
-1,15
-1,15
2237,16
-1,15
-1,16
-1,14
256,16
-1,15
6114,16
9502,16
-1,14
1883,17
-1,16
-1,16
1829,16
7592,15
-1,17
-1,16
-1,14
-1,15
6317,16
9954,15
5930,17
-1,19
4141,15
7476,16
-1,16
9259,14
1823,16
2872,15
-1,15
6929,15
-1,16
-1,15
2082,17
8214,15
233,17
-1,15
1460,15
6564,15
9788,17
-1,14
1373,16
-1,15
1304,17
-1,15
-1,15
9486,16
-1,14
1637,16
6552,14
1657,17
4228,14
5458,17
-1,16
5675,16
-1,15
-1,14
-1,15
-1,16
5021,16
-1,15
-1,14
-1,15
-1,15
9379,14
-1,14
1920,16
5250,16
-1,16
9417,15
-1,16
4101,16
-1,15
585,16
-1,17
160,16
9052,16
3837,15
-1,15
7671,17
-1,15
2512,15
8950,15
-1,16
-1,15
-1,16
312,15
3657,15
-1,16
9771,15
-1,15
-1,14
8350,15
-1,16
-1,15
-1,16
-1,16
8968,15
1753,16
-1,15
-1,16
1783,17
8849,16
7968,16
4480,15
-1,17
-1,16
6320,14
-1,14
-1,15
987,15
1474,15
1774,15
-1,16
-1,15
-1,15
-1,15
5130,16
-1,15
-1,16
-1,15
5892,17
-1,14
419,17
9406,15
-1,17
-1,14
-1,15
-1,14
-1,15
-1,15
-1,15
8359,16
4173,17
-1,16
-1,16
-1,15
-1,16
29,16
2735,16
6937,15
-1,17
-1,15
-1,14
3717,16
8315,15
4303,15
-1,15
-1,15
-1,15
-1,14
6717,15
-1,15
8844,17
9651,14
5336,14
-1,14
-1,15
7125,15
-1,15
-1,15
7580,15
3719,15
-1,15
-1,15
-1,16
3816,17
9479,15
5614,17
-1,15
1243,17
-1,15
-1,15
-1,15
2218,16
-1,15
-1,14
-1,16
-1,15
-1,16
-1,15
-1,15
-1,13
-1,15
6705,15
-1,15
-1,15
194,15
-1,17
5403,18
-1,15
7870,16
1427,14
-1,15
-1,14
-1,15
-1,16
-1,16
-1,16
1943,15
1345,16
5924,15
1856,17
5417,15
-1,15
-1,16
-1,15
-1,15
3589,16
-1,14
-1,16
1561,17
6033,14
6810,16
7160,15
6574,15
-1,15
1653,16
2703,16
-1,14
-1,16
1282,15
7687,17
932,15
-1,14
-1,15
-1,16
-1,16
4753,17
6608,17
-1,17
7789,16
-1,18
1777,17
-1,15
8577,14
-1,15
3460,15
1471,15
8829,15
-1,14
3270,15
-1,16
8263,15
8123,15
5968,15
-1,15
9267,15
-1,15
9504,15
9873,16
4055,16
8512,15
7109,16
-1,16
-1,15
-1,16
-1,16
-1,16
1553,17
7087,17
-1,14
-1,16
-1,16
-1,14
2948,16
6696,15
9403,17
-1,16
399,15
-1,15
1724,17
4231,16
-1,15
-1,15
-1,15
5281,15
-1,15
7966,17
-1,16
2322,16
-1,16
3667,15
-1,14
3137,17
-1,16
-1,15
-1,17
1668,16
5017,16
7866,15
-1,16
-1,16
5699,16
5924,17
-1,15
-1,15
-1,16
-1,16
-1,16
-1,17
-1,15
-1,15
-1,15
2849,16
8130,16
1310,16
-1,16
9640,15
-1,15
-1,15
9586,15
-1,14
4519,16
-1,14
-1,14
3213,16
-1,14
2251,15
7548,16
-1,16
-1,17
2769,16
344,16
5659,16
-1,15
8331,16
5074,16
-1,16
3046,16
-1,15
7686,16
-1,15
1791,15
-1,15
-1,16
6992,16
-1,15
3303,17
3014,15
-1,14
5570,14
7455,16
7294,18
2978,15
-1,16
3451,15
-1,15
3665,16
930,14
-1,15
5022,17
8784,14
-1,14
1773,15
7705,16
-1,16
2990,17
6036,15
-1,15
-1,16
-1,16
-1,15
-1,17
5380,17
3474,15
8725,16
-1,16
775,17
-1,15
8000,17
-1,14
3580,16
-1,16
-1,15
1006,16
-1,15
-1,15
-1,15
8055,17
-1,16
-1,15
-1,15
192,16
9711,16
6135,15
-1,15
6190,15
3347,15
-1,15
-1,15
-1,15
-1,15
6462,17
5761,15
-1,15
-1,15
7936,15
-1,15
4667,15
-1,15
478,16
-1,15
6362,15
4212,14
-1,15
-1,14
-1,16
2925,14
2952,16
6515,17
907,16
9983,14
1174,15
-1,15
4560,15
4786,17
-1,15
-1,15
19,17
-1,15
2470,15
-1,16
-1,17
-1,14
-1,15
1747,15
-1,15
2893,16
4814,15
9500,17
-1,15
-1,15
-1,14
-1,15
-1,16
-1,17
1295,19
-1,15
7790,17
-1,15
4406,16
5156,14
-1,15
-1,17
9229,16
-1,16
-1,16
8214,17
4677,17
7495,16
7276,15
-1,15
-1,16
4541,16
-1,15
-1,15
5243,16
-1,17
-1,16
6344,16
-1,15
937,17
-1,16
9567,17
-1,17
-1,15
7016,15
3746,16
-1,14
7531,15
-1,15
709,16
-1,16
3001,16
-1,15
-1,15
-1,14
-1,16
-1,16
5947,15
5625,15
-1,15
-1,15
831,16
384,16
-1,14
4616,17
3550,17
-1,16
3855,15
-1,14
-1,16
-1,15
-1,15
-1,16
-1,15
-1,15
2046,16
-1,16
690,15
-1,15
6997,16
-1,16
-1,15
-1,15
9597,16
9757,16
-1,16
-1,16
-1,15
3382,17
-1,18
-1,16
-1,16
-1,14
322,15
-1,15
5110,16
-1,15
-1,14
2901,15
1339,17
823,17
-1,16
-1,16
3885,15
-1,15
-1,15
-1,15
508,15
8295,15
9993,16
7355,16
-1,16
2954,14
-1,16
-1,15
-1,16
6078,16
-1,16
2844,15
74,15
-1,16
-1,15
-1,15
-1,15
-1,19
-1,17
6732,16
3238,15
8247,15
85,14
-1,16
7724,14
3868,14
8838,16
-1,16
7347,16
4212,15
-1,16
-1,15
-1,14
-1,16
7485,17
2328,17
1726,17
-1,15
-1,16
6226,15
-1,15
-1,15
-1,16
-1,15
-1,15
43,16
7870,15
-1,16
1212,15
-1,15
1634,17
4050,15
7473,16
4061,15
-1,15
-1,15
-1,16
-1,14
4746,16
-1,16
-1,15
4768,16
523,14
4531,18
-1,15
-1,15
7875,16
-1,16
-1,16
-1,14
5680,14
7454,14
-1,14
3071,16
2832,15
-1,16
5681,16
3249,17
3485,16
-1,15
-1,15
-1,16
6123,15
-1,16
-1,15
-1,15
-1,14
-1,18
899,17
7924,16
-1,15
-1,16
-1,16
4733,15
5708,16
-1,15
6050,16
9338,16
2505,16
-1,15
7294,15
-1,15
-1,15
1184,15
-1,15
1272,16
1423,14
3940,16
9028,15
-1,15
4051,16
8896,16
-1,15
-1,16
37,17
4832,15
9665,18
4795,15
9813,14
29,15
1214,17
7531,15
8653,16
-1,16
-1,14
-1,16
6881,16
-1,14
1688,15
3197,16
2709,16
-1,15
4452,14
-1,14
5723,15
-1,14
9089,17
-1,14
-1,16
8544,14
-1,16
5866,15
-1,15
-1,15
-1,16
-1,18
3429,15
-1,16
4483,16
-1,16
4751,16
-1,14
4517,16
7529,16
-1,15
-1,15
9047,15
-1,18
-1,14
1279,17
-1,15
-1,15
-1,14
4622,15
-1,16
-1,16
-1,16
-1,16
-1,16
6121,15
6783,17
9511,17
-1,16
-1,15
-1,17
8749,15
-1,14
-1,15
1780,17
487,15
9112,15
-1,14
3991,14
9623,16
-1,15
-1,15
7546,14
3179,15
-1,14
9112,15
9533,16
9148,15
-1,15
6624,15
-1,15
-1,15
2512,15
660,18
1998,15
5925,15
5670,16
203,14
-1,14
1375,16
2851,16
2777,14
6831,16
-1,16
-1,15
5346,14
6159,16
8249,16
4339,15
-1,16
-1,16
-1,17
1521,16
5373,16
-1,15
-1,16
3653,16
4374,15
5895,15
-1,15
388,15
-1,14
8881,16
-1,14
-1,18
8556,15
-1,16
159,15
3256,17
6189,16
7473,16
6905,16
5067,16
5644,15
-1,15
-1,14
-1,14
-1,15
-1,15
6308,15
2968,16
2401,16
-1,15
-1,16
2303,16
-1,16
3248,16
-1,16
595,16
5150,16
7117,15
-1,15
663,15
4995,16
5099,16
9328,16
4302,17
318,16
8304,16
-1,17
4420,15
2506,18
1277,16
-1,14
-1,15
216,17
6965,16
4912,16
5044,16
1738,15
4715,16
6440,16
4003,15
-1,15
5179,16
-1,16
2838,15
2584,16
-1,15
-1,15
5880,15
4833,16
4432,16
-1,15
-1,15
-1,16
-1,15
-1,15
-1,15
7216,14
-1,14
-1,15
4698,16
-1,15
842,17
-1,16
-1,15
566,15
-1,14
6748,16
-1,14
-1,15
4767,18
9748,16
4980,15
-1,15
-1,16
4238,15
8679,16
8841,17
2948,16
6571,16
-1,15
-1,15
-1,16
-1,16
2632,16
8178,15
9640,15
-1,18
-1,15
-1,14
3858,15
-1,18
-1,15
3006,16
3364,16
9177,15
7522,17
9294,16
-1,17
7584,16
-1,14
6927,16
3702,16
-1,15
-1,15
-1,15
-1,15
-1,15
-1,14
-1,14
5468,17
-1,14
8115,15
-1,15
3202,16
-1,15
5637,17
7093,16
6855,15
2,15
8028,16
-1,15
-1,16
-1,16
-1,14
-1,17
845,16
3727,16
5133,16
-1,15
-1,15
5432,15
3907,17
-1,14
6959,16
8566,15
9820,15
-1,15
8514,15
7491,16
8154,15
-1,15
1207,16
5337,15
-1,16
5719,16
5573,15
-1,15
-1,17
3971,15
-1,16
-1,15
-1,15
8229,15
-1,16
-1,16
-1,15
-1,15
14,15
7469,16
-1,16
9401,16
5956,16
8504,15
-1,16
4928,18
-1,16
-1,16
6232,17
-1,14
2386,17
7987,16
-1,16
2869,15
9320,16
-1,14
-1,17
-1,16
4018,15
-1,16
3082,17
9131,15
5232,17
-1,15
7973,14
-1,16
-1,14
-1,17
-1,15
-1,15
-1,15
-1,16
-1,15
-1,14
-1,17
-1,16
-1,14
5290,15
-1,15
-1,14
9318,15
3997,17
-1,15
-1,16
2371,15
6811,15
-1,15
760,15
4023,17
5747,17
-1,16
-1,15
-1,17
-1,15
-1,16
-1,15
862,15
-1,15
4101,15
-1,17
9191,16
-1,15
-1,16
-1,15
-1,15
-1,14
-1,16
9579,16
-1,15
-1,15
685,15
-1,15
7716,14
5645,15
9260,15
-1,15
4431,16
4647,16
-1,15
-1,15
-1,16
-1,15
-1,17
-1,16
-1,14
8061,16
-1,16
-1,14
-1,15
9156,15
9845,17
-1,16
9019,14
1222,16
-1,15
1690,16
3065,16
-1,17
-1,15
9194,16
-1,15
-1,15
3582,15
-1,15
8986,15
-1,15
-1,15
6709,16
1071,15
1478,15
-1,16
-1,15
5262,16
-1,16
8685,16
7206,16
7458,16
-1,15
-1,14
2683,17
8236,15
-1,17
6527,16
3045,16
-1,16
3387,15
-1,16
-1,15
-1,16
-1,15
1281,15
6949,14
-1,15
3576,17
-1,16
-1,15
-1,17
481,17
-1,16
-1,16
-1,16
-1,15
-1,15
-1,16
-1,15
3719,17
5310,15
215,16
690,15
2208,15
4344,16
-1,15
-1,15
-1,15
-1,16
2562,17
-1,14
-1,15
-1,16
-1,15
-1,16
-1,15
-1,15
1222,16
869,14
-1,15
898,17
9778,17
-1,16
7356,16
2474,15
8713,15
-1,16
5952,15
6261,16
-1,15
-1,15
-1,15
8544,15
-1,15
-1,15
-1,15
4843,18
4139,17
-1,15
9672,15
6538,15
-1,14
9564,16
3350,15
5018,17
5228,15
6310,16
2702,16
9766,16
156,15
-1,15
-1,14
-1,15
-1,15
-1,17
4595,16
9310,16
-1,14
9075,14
-1,17
114,15
-1,14
-1,16
2480,14
1119,16
-1,14
1276,17
1609,16
8192,15
-1,15
-1,15
1581,16
7126,16
-1,16
-1,14
-1,16
7859,15
-1,15
5560,17
-1,15
5104,16
-1,14
3073,17
-1,17
-1,15
-1,15
-1,15
-1,17
-1,15
-1,16
-1,15
-1,14
-1,17
-1,17
-1,17
-1,15
4480,15
-1,15
127,16
9166,16
-1,15
1401,16
3296,16
-1,16
-1,15
-1,16
-1,14
6842,16
-1,15
1596,16
-1,17
3561,16
382,15
-1,14
961,17
1097,18
-1,15
-1,16
1758,15
3192,16
-1,15
6388,16
2517,15
2978,18
9681,17
-1,16
-1,14
-1,16
221,17
2139,17
6907,15
-1,16
7108,15
-1,15
6806,14
8210,16
5684,17
4518,14
3709,15
4805,15
2279,18
2768,17
-1,14
-1,14
-1,15
-1,15
-1,15
8372,15
-1,15
2788,16
-1,16
-1,15
4522,15
-1,15
9327,15
-1,16
-1,16
-1,15
-1,18
-1,15
6521,17
286,15
7989,17
6908,15
5691,16
5750,16
-1,17
726,16
-1,15
-1,15
8096,16
4775,17
6902,18
-1,15
-1,15
-1,16
8324,16
-1,15
5372,16
8137,14
1813,16
1413,15
-1,17
3512,16
8663,16
5512,16
-1,16
9919,16
-1,15
-1,16
9758,16
2604,17
-1,15
-1,16
-1,16
-1,16
-1,14
-1,14
-1,15
3443,16
-1,15
-1,16
2363,15
-1,15
-1,16
7104,17
-1,15
7168,15
-1,15
-1,15
5729,15
-1,15
6158,16
-1,14
2234,16
371,16
-1,16
7124,16
-1,15
-1,15
-1,16
8640,17
7415,15
-1,15
-1,15
-1,15
-1,15
-1,15
1622,17
6342,15
-1,16
8851,14
5505,15
6794,16
-1,16
-1,15
8102,16
-1,14
-1,15
-1,15
-1,16
9181,15
-1,15
-1,15
5876,16
6928,16
2164,16
6109,16
3492,14
5038,17
4868,15
9892,16
-1,14
8083,17
9422,16
7503,17
-1,15
5298,16
2782,16
3250,16
-1,14
-1,16
-1,16
-1,14
6329,17
496,17
-1,14
-1,15
-1,16
1094,14
-1,15
-1,14
7618,16
-1,15
-1,18
-1,16
-1,17
-1,15
-1,15
8442,16
3452,15
-1,15
-1,16
7807,15
-1,15
-1,15
-1,16
-1,15
8912,17
7369,17
-1,16
6557,15
4559,15
-1,15
3148,15
1179,15
1028,16
6520,15
-1,16
-1,15
-1,17
8017,17
-1,16
3628,15
-1,15
5704,15
5336,15
9728,15
-1,16
6792,16
6525,15
1656,16
8963,16
-1,15
6355,15
-1,14
9085,15
-1,15
2258,14
-1,15
7302,15
9964,15
-1,14
1541,17
7184,16
9753,15
-1,18
3867,17
-1,16
2867,15
-1,16
7524,15
657,15
5792,14
4418,15
1960,16
260,15
-1,15
7028,15
9850,15
-1,14
4631,15
3269,14
1121,16
-1,15
5196,16
-1,15
507,16
-1,17
1319,16
7693,15
6281,16
-1,18
-1,16
402,15
1915,17
-1,14
516,15
-1,16
2881,15
-1,15
-1,14
8118,16
5560,14
-1,15
-1,15
5481,16
-1,15
-1,14
6788,16
7210,15
2606,19
-1,16
1571,17
-1,15
2963,16
-1,16
-1,15
-1,15
1776,15
-1,16
1172,17
-1,15
1129,17
4919,15
-1,15
8353,18
695,16
6852,15
-1,15
173,15
-1,16
597,16
3668,16
-1,15
3841,17
-1,15
-1,15
2266,16
8834,16
-1,15
5212,18
-1,15
3360,15
7066,16
5427,17
-1,15
-1,15
7875,15
-1,15
-1,15
-1,14
9651,16
-1,14
-1,15
6478,17
-1,16
-1,16
-1,15
-1,16
-1,15
-1,15
-1,14
-1,16
-1,15
99,17
3990,17
-1,15
-1,14
9214,16
-1,16
-1,16
1183,16
9749,15
-1,16
518,15
-1,16
7591,17
4724,16
3824,17
846,16
-1,15
-1,15
-1,15
753,16
7571,16
-1,15
7424,15
-1,16
-1,15
-1,15
-1,15
3498,16
4751,16
-1,15
-1,15
2686,15
1759,16
-1,14
8368,17
-1,14
-1,16
9029,17
-1,16
2385,16
3028,16
3650,18
-1,15
8885,14
3068,15
-1,15
6157,16
2108,17
2892,16
6420,16
-1,16
2459,15
-1,17
-1,17
-1,13
1975,15
-1,14
-1,15
4106,16
4029,16
3831,15
2988,16
2237,14
-1,15
6771,14
-1,15
5244,15
4342,17
-1,17
-1,16
6173,18
-1,15
9260,16
-1,14
-1,14
-1,15
-1,15
-1,15
-1,14
1121,15
6526,15
4818,15
1904,17
8882,16
7547,16
-1,15
2718,16
-1,16
-1,15
8104,14
-1,15
-1,14
-1,14
8347,16
8695,18
-1,15
2671,16
-1,16
-1,14
136,14
7480,16
-1,15
9794,18
7220,17
4593,16
9299,17
-1,15
-1,15
5515,16
-1,15
-1,15
-1,15
-1,15
-1,15
-1,15
-1,15
343,16
9264,15
9627,15
7876,16
776,15
-1,15
5954,16
-1,14
-1,17
-1,15
-1,15
8493,16
-1,13
3948,16
-1,15
3436,16
-1,14
-1,16
6125,15
-1,14
-1,15
5889,16
-1,14
9525,15
-1,16
1689,18
1284,16
-1,16
-1,15
1959,17
-1,16
3330,17
-1,15
-1,14
4501,15
-1,16
5059,16
-1,15
-1,14
-1,15
-1,15
-1,15
-1,17
7220,17
-1,14
-1,17
5085,15
-1,18
1359,14
8476,15
-1,16
7962,15
-1,15
1340,15
8007,16
-1,15
-1,17
-1,15
-1,15
-1,15
-1,15
-1,15
-1,15
-1,14
-1,15
-1,15
8804,15
5335,18
-1,15
-1,16
3720,17
-1,17
6976,16
8874,15
965,16
-1,15
3064,15
-1,14
2397,16
-1,15
-1,16
4119,16
1277,16
1451,14
1879,16
4450,15
471,15
-1,16
-1,14
2,16
-1,15
2992,16
-1,14
8653,15
2033,16
2822,16
-1,15
2982,16
-1,16
2586,15
-1,16
1802,16
5118,15
-1,14
-1,15
7683,14
8482,16
3780,17
-1,15
-1,14
-1,15
-1,14
5553,16
-1,14
-1,16
-1,14
-1,16
-1,17
5696,14
-1,15
3998,15
4878,17
95,15
2038,15
-1,15
-1,15
1100,17
-1,15
-1,16
4843,15
-1,15
-1,15
-1,16
-1,16
9273,16
5818,16
-1,16
-1,16
8846,14
1044,16
6673,17
8005,15
5330,16
-1,15
8340,15
-1,15
7111,15
148,14
6793,16
9525,15
-1,17
-1,14
9631,15
-1,15
1844,15
4410,17
-1,15
-1,16
-1,17
13,15
-1,16
7916,16
7885,16
-1,14
7991,16
-1,15
-1,15
4822,16
-1,15
5182,14
-1,15
1293,16
-1,15
-1,14
-1,14
401,16
-1,15
-1,16
-1,16
5813,19
100,15
-1,15
7344,14
-1,15
-1,16
-1,15
-1,16
-1,15
3155,15
6479,16
2792,16
6645,16
7672,16
2751,16
973,16
6349,15
-1,17
621,16
-1,17
5383,15
-1,14
2527,15
-1,15
8142,16
-1,15
8497,17
1801,15
-1,15
-1,14
-1,15
4628,15
5182,17
2293,16
7469,16
-1,16
1534,15
618,17
5666,16
-1,16
-1,15
9105,15
2534,17
767,17
-1,15
-1,16
751,16
5381,15
9097,15
9611,14
6689,15
2382,16
3093,15
4924,15
2816,15
-1,15
-1,16
1872,18
4138,16
3524,15
-1,14
3752,16
-1,15
4223,15
-1,15
4403,15
-1,15
-1,15
-1,15
-1,14
-1,17
7664,15
7152,17
4216,15
2052,17
-1,15
-1,17
2930,15
-1,15
-1,17
-1,15
8634,15
7089,16
4743,15
5005,15
8669,16
1742,14
1983,15
2575,17
6119,16
3837,15
-1,17
-1,16
2933,17
-1,15
-1,16
4803,15
-1,15
3392,15
-1,17
3416,16
8147,16
-1,17
-1,15
-1,16
-1,15
8882,16
-1,16
7806,16
-1,17
7803,16
2990,18
-1,14
1177,15
-1,15
3783,16
8219,16
7376,15
-1,15
-1,16
1012,16
2198,15
920,16
-1,15
-1,15
1544,14
-1,15
-1,15
7351,16
5556,16
162,16
-1,15
-1,15
302,15
-1,16
2910,15
-1,16
-1,15
-1,15
-1,15
3684,17
-1,16
-1,15
-1,14
-1,14
1154,17
6757,14
5111,17
-1,13
4666,15
-1,14
3017,16
-1,14
2361,16
1377,15
-1,15
-1,15
-1,17
-1,15
5027,16
1303,18
-1,14
5908,17
4796,17
-1,15
830,17
-1,15
-1,14
1673,16
1610,16
-1,16
-1,15
9892,15
519,16
3970,18
2023,16
4097,15
4341,16
6122,16
-1,15
7504,15
6209,15
-1,18
6549,17
1239,17
-1,15
3733,15
-1,15
-1,15
4045,15
-1,16
1859,16
9330,15
196,16
-1,17
-1,16
-1,17
-1,15
7566,15
1003,17
-1,15
2487,15
-1,14
7834,16
-1,15
9487,19
-1,17
4953,14
-1,16
-1,16
-1,15
9111,15
5457,16
-1,16
3577,17
1247,15
-1,16
-1,14
7734,15
1075,16
-1,15
7763,15
7263,17
-1,17
9059,15
-1,15
-1,15
-1,15
9063,15
2371,14
9980,16
327,16
9881,17
-1,15
4652,16
-1,16
-1,16
1473,16
-1,15
-1,15
1269,14
9807,17
7935,14
6451,18
6066,15
9003,15
-1,16
7927,16
1010,15
3955,17
-1,16
8374,15
3018,16
2732,17
485,16
1919,16
-1,17
-1,16
3568,15
-1,15
-1,16
2280,15
-1,15
8274,15
1373,16
-1,14
-1,15
-1,17
-1,15
3799,16
3095,15
-1,16
4318,16
8068,16
-1,14
-1,15
9127,15
-1,14
63,15
-1,17
-1,16
431,16
-1,15
7002,16
2699,17
9967,15
8421,16
9593,16
-1,15
7923,15
6914,15
-1,15
-1,15
4487,16
-1,14
-1,15
3989,16
-1,15
2123,15
-1,16
-1,15
-1,16
-1,16
3685,15
-1,14
8544,16
2669,15
-1,16
4197,15
-1,15
-1,16
170,16
5579,18
-1,15
-1,15
-1,15
-1,15
-1,17
-1,16
-1,16
-1,14
6174,15
6070,15
-1,15
-1,17
9677,15
9885,16
267,16
7289,15
-1,15
4609,15
-1,15
-1,15
-1,16
-1,14
-1,17
-1,15
9845,17
7765,16
-1,16
-1,15
4103,14
-1,15
-1,17
-1,15
952,16
-1,16
-1,16
8719,17
-1,15
7056,14
-1,15
-1,15
1294,17
-1,15
9145,17
9399,16
9638,15
31,16
-1,15
-1,15
-1,17
-1,15
6300,18
-1,16
-1,15
-1,15
-1,15
9509,15
-1,16
6118,16
609,14
-1,15
5545,15
-1,14
-1,15
-1,13
-1,15
3996,16
1975,15
8094,15
-1,14
2438,17
4020,15
-1,15
8890,15
8749,17
-1,16
-1,16
-1,15
-1,16
-1,15
2821,15
-1,15
5109,17
5834,14
5466,15
-1,15
-1,15
3985,15
5718,15
3469,15
-1,16
513,16
-1,14
2453,17
6939,17
4044,16
4013,16
6884,17
-1,14
6402,16
-1,15
637,15
3078,15
3884,15
667,16
8661,16
-1,16
940,16
-1,15
-1,16
-1,17
-1,16
-1,16
7198,16
-1,15
9039,15
7228,15
1934,17
1112,17
-1,14
-1,16
-1,14
-1,16
-1,15
8969,15
-1,15
5562,15
-1,16
9156,15
-1,15
-1,16
-1,15
3318,16
-1,15
8065,17
8140,16
-1,17
-1,14
-1,15
-1,14
-1,14
3313,16
738,15
-1,15
-1,15
7840,16
-1,15
-1,17
4087,15
3688,15
6239,16
-1,14
1062,15
2239,14
4051,15
-1,16
3319,15
7699,18
-1,16
8924,16
1516,17
-1,15
-1,15
8310,17
-1,15
3098,15
4785,16
-1,14
2710,16
-1,15
520,17
-1,16
-1,17
-1,16
4387,16
34,16
-1,17
-1,15
-1,16
-1,16
-1,15
8072,15
-1,15
1397,17
1478,15
551,16
7947,14
-1,15
6065,15
4258,17
-1,18
3085,16
-1,17
3364,17
-1,14
-1,16
5612,16
9271,15
-1,16
-1,16
377,15
-1,15
681,16
-1,15
9970,16
2793,17
9513,15
5796,16
9356,17
4464,16
-1,14
1748,16
4519,17
-1,15
-1,15
-1,16
9610,14
-1,15
-1,15
-1,16
-1,15
-1,15
1878,16
-1,15
-1,14
695,16
-1,15
-1,16
-1,16
4833,16
-1,15
-1,17
-1,16
995,15
-1,16
7726,16
9458,17
460,16
2787,16
-1,14
7070,16
3725,18
8155,16
950,16
-1,15
-1,14
7091,16
-1,15
629,16
5718,16
3925,16
3474,16
-1,14
-1,15
2223,15
-1,15
7402,16
4665,15
-1,14
-1,16
832,15
86,15
4100,17
7534,15
9178,16
-1,17
8237,14
2287,16
-1,15
-1,15
4544,15
-1,16
2364,14
9618,16
7743,14
-1,15
5746,16
8362,15
5066,14
-1,16
-1,15
9277,16
9745,17
-1,15
7988,15
5612,16
-1,17
3240,15
-1,14
-1,15
5753,16
5544,16
4183,17
9238,17
546,17
-1,16
-1,15
-1,16
318,17
-1,15
-1,15
5414,15
5377,16
4062,16
4640,16
-1,16
8956,16
-1,16
-1,15
-1,16
-1,15
-1,14
1302,16
-1,16
-1,16
-1,15
-1,14
3470,14
-1,16
-1,15
1424,15
-1,15
843,16
7687,19
-1,17
-1,15
8510,17
-1,17
8101,15
-1,15
-1,15
5985,15
-1,14
-1,15
-1,15
-1,16
-1,16
-1,14
-1,16
3633,16
4747,15
2712,15
-1,16
-1,15
4559,17
1623,16
2321,15
1196,17
5604,15
7048,15
-1,16
7489,14
5729,15
4435,17
-1,15
2230,16
-1,14
5621,16
8945,16
6728,14
3092,16
1049,15
914,16
-1,15
-1,15
-1,15
-1,16
4252,15
9712,15
-1,15
-1,15
-1,15
7681,15
-1,15
-1,16
4740,17
-1,15
-1,16
-1,15
-1,15
2452,15
7566,15
9985,15
3805,17
-1,15
1379,17
3339,15
-1,17
147,15
7805,17
3707,16
5225,16
-1,15
-1,15
9147,16
-1,15
-1,14
1215,17
2303,16
-1,17
-1,15
9775,18
456,14
-1,16
9905,14
-1,16
-1,15
7019,15
-1,15
-1,15
-1,15
2898,15
-1,16
-1,16
-1,15
1772,16
5255,14
-1,15
-1,15
-1,15
8307,17
-1,16
-1,15
9768,17
-1,17
-1,16
564,16
-1,15
-1,15
578,16
5216,15
9139,15
-1,14
2613,14
-1,14
-1,15
7116,16
-1,14
-1,14
9508,15
8286,16
-1,15
-1,16
8943,15
8506,14
5440,16
-1,15
6315,16
-1,15
2572,16
-1,15
3126,16
8192,16
2004,16
9849,16
1030,16
-1,15
80,15
-1,16
-1,15
5167,16
-1,17
-1,16
-1,15
-1,16
-1,15
2708,16
-1,15
-1,18
2332,16
8587,17
-1,14
-1,15
5077,15
-1,15
6025,16
-1,16
-1,15
4563,17
752,16
-1,17
3343,15
-1,17
-1,15
3387,15
-1,15
7765,16
-1,15
-1,16
-1,14
-1,16
5725,17
4861,15
5503,16
-1,16
8099,17
5279,15
-1,14
-1,15
1846,15
6030,16
-1,17
-1,15
-1,15
4909,16
-1,15
3639,15
-1,15
5557,15
4768,17
-1,16
7649,16
-1,14
5642,15
-1,15
-1,16
6307,15
567,16
-1,16
6844,16
-1,16
-1,16
-1,16
-1,15
-1,16
8671,17
-1,15
-1,16
-1,15
407,16
-1,15
1402,16
8971,16
-1,16
-1,15
8595,16
-1,15
-1,16
3064,16
-1,17
-1,15
-1,15
5515,18
378,16
2528,16
883,17
896,16
1237,17
-1,17
-1,16
-1,17
571,16
-1,14
-1,16
4603,15
5787,15
3041,16
4237,17
403,15
9869,17
-1,16
-1,16
7927,17
3453,15
2116,16
9467,16
4507,15
-1,15
806,15
-1,16
8995,16
2074,16
2101,15
9876,15
2446,15
9680,16
-1,16
3337,15
-1,16
-1,15
7191,16
3388,14
5101,17
-1,15
-1,16
-1,16
4546,16
-1,15
-1,15
-1,17
-1,14
-1,17
9261,16
-1,15
-1,16
-1,15
-1,15
9961,15
2796,17
-1,15
-1,15
6315,14
862,15
-1,14
9677,15
-1,15
-1,15
-1,15
1984,17
3786,17
-1,14
-1,15
-1,15
-1,15
7740,16
-1,15
1783,17
5587,14
-1,17
6922,15
7954,16
-1,14
-1,15
-1,15
2021,15
-1,14
-1,14
5314,16
9860,15
-1,15
5108,14
368,15
7882,15
-1,15
6221,16
4845,16
-1,16
-1,17
-1,14
-1,16
-1,14
1661,15
-1,16
3320,16
5270,15
-1,15
7714,16
5503,16
3155,15
6166,15
-1,14
-1,15
8297,16
9550,15
2639,15
4197,15
5515,17
-1,16
-1,16
9704,16
7265,15
7545,16
6930,16
-1,16
-1,15
6549,17
-1,16
-1,15
5980,16
-1,15
-1,15
-1,15
-1,17
-1,15
3459,15
-1,15
-1,16
-1,15
5413,16
-1,14
-1,15
8558,16
-1,16
-1,15
6866,20
1123,18
-1,15
8954,15
-1,16
-1,15
-1,15
-1,16
1024,16
-1,15
7918,15
-1,15
9905,15
-1,16
914,16
1313,15
-1,15
-1,16
-1,17
6862,15
-1,15
9894,15
1569,17
-1,16
2787,17
-1,17
-1,15
6148,15
-1,15
8810,16
-1,15
-1,16
-1,14
-1,16
1834,18
6102,17
-1,16
-1,15
1806,15
4281,17
-1,17
-1,15
-1,16
7097,17
1438,18
3723,16
-1,15
7569,15
7065,15
3739,19
6385,15
7733,15
9367,15
1676,15
5819,14
7344,16
5033,16
-1,15
5513,15
4164,16
-1,16
4518,15
2416,17
-1,15
-1,15
5973,16
-1,17
1193,16
6028,16
-1,15
-1,15
-1,15
6576,17
-1,15
-1,15
6214,16
3244,14
-1,15
-1,15
4518,15
-1,14
4781,16
-1,16
-1,16
-1,14
1768,16
7128,16
-1,14
4020,17
3832,14
4078,15
8723,15
-1,15
-1,15
-1,15
9900,16
2104,16
2509,16
-1,15
-1,16
8967,15
3487,17
-1,15
4536,16
178,17
6374,17
5166,16
614,16
-1,16
-1,16
-1,17
3978,16
-1,15
5398,15
-1,14
7937,16
-1,15
5807,16
7771,16
-1,15
8595,14
8810,16
-1,15
-1,15
-1,15
-1,15
-1,15
2668,17
-1,14
-1,14
-1,17
1695,15
9909,14
3587,16
-1,15
4482,16
-1,15
3000,16
8871,16
8813,15
1359,15
5400,15
-1,15
831,16
-1,16
-1,15
1691,17
3648,15
8268,14
-1,16
8866,16
-1,15
5132,16
6204,16
3203,16
-1,15
9965,16
2968,18
5324,16
4024,15
-1,14
-1,14
-1,15
-1,15
3900,15
-1,15
-1,14
9665,15
-1,14
449,16
-1,17
2021,16
-1,15
6223,14
-1,15
-1,15
8736,16
8707,17
-1,15
-1,14
-1,16
-1,16
-1,17
7030,15
9137,15
312,15
1386,16
241,15
1817,15
5087,14
-1,16
-1,16
-1,17
-1,17
1194,15
-1,17
-1,15
-1,14
-1,15
6791,16
-1,15
4911,16
-1,14
-1,16
1498,14
-1,15
6525,16
8618,15
53,16
1501,16
-1,14
-1,16
-1,15
9349,16
6010,17
2094,15
8591,15
6393,15
2672,16
-1,16
-1,16
-1,15
-1,17
-1,15
5602,15
-1,16
5030,14
1069,17
-1,15
4985,16
-1,16
1105,15
6643,16
-1,16
-1,15
3492,14
-1,16
7777,15
2361,16
-1,14
2063,14
7437,15
-1,15
7375,18
6116,16
3936,16
-1,16
8663,15
-1,14
4338,16
-1,15
-1,14
2279,15
-1,15
-1,16
-1,16
-1,15
-1,15
3019,15
-1,15
-1,15
4635,16
-1,14
-1,16
-1,15
-1,16
-1,15
948,15
-1,17
589,15
630,15
8994,15
9043,17
6620,15
-1,14
-1,17
2147,15
1211,15
-1,16
-1,15
2522,16
6531,15
1658,15
7367,16
-1,16
-1,16
-1,15
-1,15
5503,16
3310,15
1716,16
5133,18
2423,15
9030,17
-1,16
-1,15
-1,15
-1,16
2746,18
5185,16
-1,16
8292,14
1999,15
368,15
3030,16
6158,16
1704,19
-1,14
-1,14
-1,16
-1,14
-1,16
958,18
221,16
1966,18
-1,15
5870,16
2958,14
-1,15
-1,15
-1,16
833,15
602,16
9032,17
-1,15
2421,18
9762,17
-1,15
2065,15
-1,17
546,16
4902,15
6695,15
-1,15
-1,15
89,15
-1,15
-1,15
4398,15
8394,16
-1,16
-1,16
865,14
124,16
-1,16
-1,16
1886,14
-1,15
-1,15
3671,15
-1,16
-1,16
5498,16
976,16
-1,16
5567,15
-1,15
-1,16
-1,15
3270,15
-1,16
3364,17
8465,16
9583,16
-1,16
-1,15
-1,16
3462,16
8208,15
4002,16
-1,15
-1,15
1523,17
-1,15
9186,17
8058,16
-1,15
-1,15
6996,17
1429,17
-1,14
4560,16
-1,15
3722,16
3587,14
-1,14
7716,15
9613,17
1557,15
-1,16
-1,14
7992,14
3735,16
5919,14
-1,15
-1,16
8597,15
203,16
4778,17
2810,15
6599,15
2351,14
-1,16
-1,15
-1,16
-1,15
-1,17
8843,16
-1,15
6441,17
546,14
9125,17
-1,16
-1,16
-1,15
-1,17
6009,16
2207,15
-1,14
-1,14
-1,16
5499,16
-1,16
-1,17
-1,17
-1,16
-1,17
-1,15
7037,14
2902,16
-1,15
-1,15
-1,15
9351,15
9478,14
-1,16
-1,16
-1,15
9068,15
3657,14
3849,16
-1,17
7811,15
4663,17
-1,15
-1,16
-1,16
4174,15
-1,15
-1,15
506,18
-1,15
1425,15
727,15
-1,16
-1,15
5321,17
-1,17
-1,17
-1,15
-1,16
4325,15
2456,15
-1,16
8334,15
8583,14
-1,15
8778,16
9578,16
1654,16
-1,16
6714,15
-1,15
1784,15
-1,14
-1,15
612,18
-1,16
-1,15
9461,16
-1,14
405,15
1674,16
6950,15
4125,17
6780,14
5262,17
9550,15
8373,15
-1,16
-1,15
-1,16
6895,15
538,15
9005,16
-1,14
4961,15
-1,16
4909,15
6281,15
3205,16
9706,16
2559,16
8804,15
-1,16
5544,15
-1,15
-1,14
7751,15
9464,16
-1,15
2840,15
-1,15
6800,16
9383,15
-1,16
5808,17
8350,16
3429,15
-1,16
-1,16
-1,17
3775,15
-1,16
8051,15
-1,16
673,15
9044,15
5530,16
-1,15
-1,15
-1,15
-1,15
-1,16
-1,16
-1,15
-1,15
-1,16
-1,16
-1,15
4985,17
8708,16
-1,16
-1,15
7052,16
-1,16
-1,15
7553,16
5139,15
4003,16
6523,17
-1,14
-1,15
-1,15
7459,14
-1,15
-1,15
7292,15
1567,16
7819,16
3621,16
-1,15
9479,18
-1,15
-1,15
7829,16
-1,15
9582,15
7019,15
-1,14
-1,17
-1,15
-1,16
-1,14
-1,17
7206,16
-1,16
-1,14
7597,15
717,16
5182,16
2199,16
9849,16
6573,16
-1,15
-1,14
4407,16
9974,16
1925,16
-1,16
67,17
1200,17
-1,16
6983,15
5456,17
-1,16
-1,17
-1,15
-1,15
3962,16
4549,16
-1,14
-1,14
3246,15
-1,15
-1,17
4082,16
-1,15
6806,16
5398,15
-1,17
8046,14
4420,15
2135,15
1515,15
9208,17
7156,15
5554,16
-1,16
492,15
-1,15
3610,16
-1,14
-1,16
-1,16
-1,15
2526,17
4742,17
5733,15
-1,15
6389,15
-1,14
-1,15
8488,16
-1,14
3230,15
-1,15
1445,16
-1,16
1373,16
-1,16
3095,15
1790,15
2249,14
-1,15
1372,16
5950,15
5293,14
-1,15
4243,15
-1,15
5223,15
619,17
3807,15
817,16
-1,15
358,16
-1,15
7153,16
-1,15
555,18
7771,16
5096,17
-1,15
2931,16
-1,15
4929,16
8816,16
8745,15
-1,15
5804,16
-1,15
9003,16
6593,15
-1,14
-1,15
4787,15
3561,16
2549,15
-1,16
3496,16
-1,15
-1,16
9167,16
5066,16
-1,16
2870,15
-1,14
-1,16
-1,16
-1,14
-1,16
5353,16
-1,15
-1,15
5045,14
1960,15
-1,16
2863,15
4274,16
6857,14
-1,15
4693,17
-1,14
-1,15
-1,16
5264,16
-1,17
-1,15
8303,16
4492,15
1091,15
-1,17
-1,15
2289,16
-1,15
-1,14
4853,16
-1,15
-1,15
6569,15
-1,16
9310,17
6664,16
7977,16
7676,18
4891,15
5108,17
5901,16
-1,16
-1,14
-1,15
-1,16
-1,16
2807,15
-1,15
412,16
9143,16
-1,15
-1,16
5444,15
-1,15
2524,15
-1,15
8424,16
-1,17
6408,15
-1,15
3647,17
1055,15
2493,16
8022,16
7123,16
4134,15
1105,17
9122,17
2394,15
2602,14
-1,16
6924,16
-1,16
319,16
7794,16
-1,14
7391,15
311,15
5353,16
-1,14
4741,15
2898,15
-1,15
5717,15
-1,16
-1,16
4889,16
2892,15
-1,14
-1,15
-1,15
-1,16
-1,15
-1,15
-1,14
6556,15
299,16
-1,15
-1,15
7583,17
-1,15
-1,16
5791,17
4016,15
5146,16
7724,18
2736,15
-1,15
1742,16
3321,16
3775,15
-1,15
4600,14
7904,15
-1,15
-1,16
-1,15
1190,17
3067,16
-1,15
-1,15
3683,15
8144,16
-1,15
-1,16
-1,15
5953,15
-1,15
6018,16
-1,16
-1,15
7967,15
6292,15
-1,16
1783,15
3543,16
7236,15
-1,16
-1,15
-1,15
-1,16
-1,16
3628,15
-1,16
6533,15
5336,15
4998,16
-1,14
-1,15
-1,15
9603,16
-1,16
298,16
5411,16
3488,16
479,17
7643,17
6570,17
2170,16
-1,16
-1,15
-1,16
-1,15
-1,14
893,16
1303,15
9005,17
1973,16
-1,16
-1,14
-1,15
7868,16
-1,15
-1,16
4419,16
-1,17
7139,16
-1,15
6322,15
1057,14
1991,17
2154,15
6885,16
5150,14
1548,16
-1,17
7363,15
2693,15
-1,16
-1,16
-1,15
-1,15
2963,16
5882,16
-1,15
4035,15
4385,17
-1,15
-1,16
3644,16
-1,15
8431,17
-1,15
-1,16
9910,17
965,16
-1,17
5195,17
5136,17
9382,17
-1,15
-1,15
3509,16
-1,15
6631,16
3407,16
-1,15
232,14
-1,16
-1,16
5109,15
1214,15
-1,16
6964,15
366,15
-1,15
-1,15
2163,15
2978,16
-1,15
356,17
8181,14
-1,16
5470,16
-1,15
-1,16
-1,15
9567,16
-1,15
-1,15
1202,17
-1,15
6050,16
-1,16
2987,16
6585,17
-1,16
9853,15
6258,17
9422,17
-1,15
-1,15
-1,15
8552,16
-1,17
811,16
-1,16
908,17
-1,15
-1,14
2337,16
-1,15
4029,16
8303,17
5251,15
5900,16
-1,16
-1,15
145,16
-1,15
7902,15
5257,16
1092,16
5947,15
2383,16
-1,15
-1,16
980,15
-1,18
9178,16
5652,15
-1,15
5065,16
8874,15
1319,16
-1,15
3279,15
2319,15
-1,15
-1,14
7037,14
-1,15
5199,17
-1,15
-1,14
-1,15
-1,16
5662,15
-1,16
2370,16
9226,15
-1,15
3391,16
-1,15
7815,17
2974,15
3434,16
4100,16
-1,16
4373,15
-1,15
-1,15
5984,15
-1,16
7238,16
-1,16
1687,16
8731,18
-1,17
9093,17
2580,16
1188,17
9147,15
542,17
7478,16
3061,15
5396,15
394,15
8208,15
-1,15
-1,14
9272,15
9860,15
6101,15
-1,16
-1,15
-1,17
4773,18
-1,17
6231,15
-1,15
-1,14
8258,15
9773,16
8285,15
4669,19
6512,15
-1,14
-1,15
4200,15
6613,15
-1,15
-1,15
9819,16
-1,16
-1,15
-1,14
-1,16
1749,15
8423,15
8280,15
1600,15
-1,15
-1,14
9141,16
1835,16
834,16
-1,15
3719,16
9347,14
-1,15
-1,15
6827,16
6999,17
8857,16
-1,14
3956,15
-1,15
4039,15
838,15
9063,15
-1,15
4772,15
-1,16
9306,15
-1,15
8055,15
4313,16
8391,15
5485,18
-1,16
8501,15
3879,16
5860,16
4628,15
8910,15
-1,15
-1,17
5818,16
3334,17
-1,15
-1,16
-1,14
5813,15
957,15
6847,17
2689,17
-1,17
-1,14
4158,15
-1,15
-1,15
569,15
-1,15
2383,16
-1,14
-1,14
3055,17
7461,15
-1,17
-1,17
-1,16
9385,14
-1,15
538,15
1169,15
-1,15
-1,15
-1,15
1977,16
-1,15
6440,16
-1,15
5939,16
-1,14
-1,15
2153,15
-1,15
-1,15
-1,15
1621,15
-1,15
3509,15
9778,16
-1,15
-1,15
5235,16
264,16
7204,14
-1,14
-1,15
7170,15
1984,16
7879,15
-1,15
8307,17
-1,14
1476,16
-1,15
1277,15
-1,14
-1,14
-1,16
2181,15
1213,15
3791,17
4373,16
-1,15
8316,16
7805,16
637,15
2105,15
-1,15
8353,16
9677,16
-1,16
5338,19
-1,15
-1,15
1058,16
-1,15
-1,14
3381,15
-1,16
6052,17
-1,17
-1,15
-1,15
-1,15
-1,16
1237,17
4869,16
302,18
-1,16
8373,17
720,16
-1,15
8683,15
-1,14
-1,16
-1,16
-1,15
-1,15
-1,16
-1,15
-1,14
-1,14
-1,15
-1,16
-1,16
7742,15
-1,16
3473,15
7863,15
7623,16
-1,15
-1,15
8237,15
-1,15
-1,15
-1,15
-1,15
-1,17
-1,15
-1,15
3547,18
-1,15
-1,15
5304,15
9734,16
-1,14
5730,16
4883,14
-1,15
-1,14
-1,15
-1,15
-1,15
-1,15
5482,18
5372,16
5723,16
8867,16
-1,15
4686,15
-1,15
-1,16
-1,15
-1,15
-1,14
9956,17
-1,16
-1,14
-1,16
454,15
2776,15
-1,14
-1,16
-1,15
-1,15
1641,14
-1,15
-1,16
4311,15
-1,16
-1,15
2488,16
-1,16
-1,15
5132,16
-1,17
-1,15
-1,15
7831,15
-1,17
-1,15
1599,17
-1,15
8398,16
1980,15
-1,14
-1,14
-1,15
-1,15
4384,16
7777,17
-1,16
5880,15
-1,16
4489,16
2912,16
-1,15
5121,16
1074,16
-1,15
2500,17
6962,15
-1,15
-1,16
-1,16
-1,15
8477,16
8632,14
-1,17
9988,14
4430,15
8838,15
-1,16
-1,15
3945,17
3709,16
1428,17
8921,17
-1,15
3391,15
-1,15
-1,16
4961,17
-1,16
-1,14
5815,16
6604,16
5117,15
-1,14
5280,17
1664,16
6222,15
-1,16
6440,16
-1,15
-1,17
-1,16
-1,14
-1,16
-1,15
-1,16
1983,15
-1,15
2802,15
-1,16
-1,16
-1,16
-1,14
4465,15
-1,16
3011,15
9249,17
-1,16
-1,14
221,18
5161,16
4647,16
2432,15
-1,15
-1,16
9420,17
3768,15
5306,17
-1,14
-1,16
-1,15
5057,16
8544,16
-1,16
-1,16
-1,15
5509,17
8466,15
3557,16
-1,16
-1,14
2423,15
-1,16
-1,15
2606,16
8260,15
-1,17
-1,16
6581,16
-1,15
918,18
-1,14
-1,14
1951,16
-1,15
-1,14
-1,15
3004,17
-1,15
8749,15
-1,16
-1,16
7610,17
-1,16
-1,15
4607,15
8533,16
4289,16
6330,15
450,15
7369,15
-1,14
-1,16
-1,16
6007,16
596,16
-1,15
-1,16
-1,17
7465,16
625,15
-1,15
-1,14
4067,17
-1,15
2383,16
-1,15
9067,15
-1,16
9154,15
-1,15
-1,16
4843,16
4591,16
28,15
2119,15
5983,17
-1,15
437,16
-1,15
2964,16
-1,16
-1,15
-1,15
-1,14
-1,16
1057,14
6093,15
6514,15
6898,16
-1,15
-1,16
-1,15
946,15
-1,16
-1,16
-1,15
1671,18
4008,14
4753,17
8576,15
-1,17
-1,16
-1,16
-1,17
8159,15
-1,15
-1,15
27,16
6400,15
-1,16
-1,16
3956,16
-1,16
7216,15
6220,15
-1,15
-1,15
-1,16
226,17
3066,15
5191,17
-1,16
9435,15
-1,15
440,18
-1,16
2662,16
-1,15
7938,16
-1,16
4548,14
4740,15
-1,16
-1,15
-1,15
-1,16
-1,15
3625,16
-1,16
7807,17
-1,16
-1,16
-1,15
-1,15
470,15
-1,15
-1,14
3552,16
-1,16
-1,15
3652,16
7134,16
4180,16
-1,16
-1,14
7332,17
272,17
-1,15
-1,15
-1,15
-1,16
8471,16
3833,15
-1,16
7973,16
2290,19
6820,16
5761,17
9667,14
5694,15
9532,15
991,16
6354,15
4646,16
2161,16
7332,15
-1,15
-1,14
5302,18
-1,15
4343,16
2387,16
4391,15
-1,15
276,16
-1,14
-1,15
3901,16
-1,15
424,15
-1,14
7817,16
-1,14
-1,15
-1,15
9942,17
-1,17
-1,16
-1,17
9870,16
-1,17
3843,15
97,16
-1,17
-1,16
4545,16
-1,15
-1,17
-1,14
-1,16
-1,15
-1,15
7136,18
-1,16
-1,15
-1,15
9387,17
-1,16
-1,15
5333,14
9891,15
1499,15
9306,15
-1,14
-1,15
9580,17
1954,16
8565,16
-1,15
-1,15
-1,16
-1,15
-1,16
9910,15
-1,16
2241,15
-1,15
9626,15
5829,17
9243,16
746,16
522,16
-1,15
5125,18
5686,15
2419,17
7485,16
1116,15
-1,15
-1,15
-1,16
9055,17
1248,16
-1,15
-1,14
-1,16
-1,16
1113,16
8031,15
-1,16
9291,17
-1,16
-1,15
1967,15
-1,16
-1,15
3176,15
-1,14
3044,16
2445,15
568,16
-1,14
-1,15
7021,16
3486,16
-1,15
-1,15
89,16
-1,16
6088,15
4518,17
7824,15
1005,14
1853,15
-1,16
1674,16
7711,15
4959,18
1733,15
8519,17
-1,16
-1,16
-1,16
3477,15
4796,15
9408,16
1779,15
3548,17
-1,16
-1,16
-1,15
3011,16
-1,15
8524,15
1125,16
1057,16
9853,14
-1,16
-1,14
-1,15
9467,16
2330,15
2013,15
-1,14
1878,15
-1,15
6354,15
-1,16
-1,14
-1,16
4535,16
-1,15
284,14
4887,16
-1,15
9166,16
-1,15
8495,17
3456,15
-1,15
2999,17
7159,16
4910,16
3792,15
7415,16
3605,16
4501,15
3467,15
-1,15
-1,15
1139,17
8747,16
-1,16
-1,14
-1,16
-1,15
-1,15
-1,15
-1,15
-1,15
-1,15
-1,15
1451,16
9047,15
-1,15
-1,16
-1,16
4659,15
-1,16
-1,15
-1,17
-1,15
-1,16
-1,15
9330,15
7797,16
2933,15
5829,15
1403,15
-1,15
3359,15
-1,16
3690,16
5971,16
4562,15
-1,16
4419,15
1413,15
-1,15
-1,15
-1,15
4572,17
-1,15
9947,18
793,16
948,16
8025,15
-1,15
-1,15
8320,17
-1,16
-1,14
-1,16
8922,16
7142,15
-1,16
-1,16
-1,16
6016,16
-1,15
-1,15
-1,17
-1,15
2221,15
-1,16
8241,15
-1,15
-1,16
716,16
5135,16
3385,18
505,16
-1,16
-1,15
-1,16
5607,15
-1,16
2969,15
-1,15
-1,15
7364,16
4310,14
6035,16
4802,17
3822,17
-1,14
-1,14
-1,15
884,15
7867,14
-1,16
1061,14
-1,16
5611,16
-1,16
1277,17
-1,14
6023,17
-1,14
-1,14
-1,17
1682,16
-1,16
8959,16
9721,16
1063,15
4177,16
-1,14
-1,16
1928,16
137,16
5667,16
7110,14
-1,16
-1,16
-1,16
6082,15
2386,16
5475,16
-1,16
-1,16
7782,15
499,15
5229,16
7733,16
86,16
-1,16
2906,15
742,15
-1,15
-1,16
-1,15
9595,17
-1,16
7039,15
1065,15
-1,15
907,14
-1,17
5061,15
-1,15
5075,16
-1,15
-1,15
8162,17
-1,15
-1,15
-1,15
2115,15
3946,16
9632,15
-1,15
1000,17
-1,15
-1,16
1113,15
840,15
6138,15
-1,15
-1,15
-1,14
5199,16
5690,16
4696,15
-1,16
-1,16
5780,16
8597,14
6813,17
-1,15
-1,15
7485,16
-1,14
7559,16
1043,16
-1,15
1121,17
4695,15
3430,16
2034,15
8914,16
-1,15
-1,15
-1,16
-1,16
-1,15
8258,15
3363,18
-1,14
-1,14
-1,15
3704,15
-1,16
-1,16
1556,15
4602,17
8495,16
9226,17
1553,17
-1,17
-1,14
4519,15
6485,15
-1,15
9914,16
1674,17
7003,16
-1,15
5240,15
552,17
7175,16
1458,16
-1,15
-1,15
-1,14
5478,16
-1,14
530,18
3579,15
-1,17
809,16
-1,16
-1,15
-1,16
-1,16
4812,15
854,15
-1,16
-1,15
5943,15
7825,15
8825,16
5086,18
7141,15
3011,17
3001,16
-1,15
-1,14
4953,14
-1,15
3657,16
-1,16
-1,17
8253,16
4727,17
-1,16
-1,17
-1,15
-1,14
8719,16
-1,16
6445,16
5481,16
-1,15
-1,17
8421,16
-1,18
-1,15
3609,16
-1,15
-1,16
-1,16
-1,15
-1,15
6852,16
5523,15
5434,15
1491,15
-1,16
5056,15
-1,16
8963,15
1619,16
2805,16
9853,16
-1,16
-1,14
-1,15
-1,17
8320,16
9316,17
192,15
-1,15
-1,14
-1,17
-1,15
1212,14
6210,16
-1,16
9454,16
-1,16
2800,15
-1,14
5150,15
1026,16
-1,15
8471,15
8139,16
277,16
4688,15
193,15
-1,15
3329,16
6343,17
-1,15
3690,15
9853,16
-1,16
7151,14
8439,16
-1,15
-1,16
186,16
-1,16
-1,15
6093,15
6066,16
4907,15
7859,17
8048,16
496,17
7935,15
1319,16
7755,16
-1,14
6471,16
9600,16
-1,15
-1,15
1036,15
-1,15
-1,15
-1,17
8130,16
338,16
-1,14
2369,16
-1,15
7032,16
-1,16
1297,17
-1,15
5078,17
-1,15
7657,16
-1,15
3980,15
4339,16
7450,17
6635,16
3881,16
6036,16
-1,14
373,15
-1,14
3969,16
5525,16
4833,15
7560,16
-1,15
-1,14
7668,16
297,18
-1,17
912,15
-1,14
-1,15
3212,16
-1,16
-1,15
-1,16
-1,15
-1,16
4349,18
9235,15
-1,15
-1,15
33,16
8389,16
-1,15
7275,16
9,16
5408,15
-1,15
7673,16
-1,15
2762,17
3449,15
8078,16
-1,15
-1,15
-1,15
3582,14
-1,15
1794,16
2704,16
3540,16
9671,16
-1,16
-1,16
-1,16
2422,17
-1,17
1301,15
904,14
-1,17
-1,17
6226,15
5484,16
7711,16
-1,15
-1,15
8861,15
-1,15
4640,15
6658,15
-1,15
1943,16
6178,16
-1,15
-1,15
-1,17
-1,15
4857,17
1838,15
-1,16
-1,15
2967,15
1499,15
-1,15
7463,18
6297,16
121,16
-1,14
779,16
-1,15
4366,17
5598,20
-1,16
-1,16
-1,15
8089,16
2441,15
6626,18
5066,18
-1,17
-1,15
-1,15
6968,16
-1,15
8457,15
5820,15
-1,15
8320,16
-1,16
-1,15
7605,16
-1,14
1043,15
5461,17
2658,18
-1,14
571,16
-1,16
8526,15
-1,16
-1,16
7379,16
8988,16
-1,15
-1,15
-1,15
6875,16
-1,14
-1,15
2955,16
1333,17
-1,16
8515,15
5084,18
1575,18
-1,16
4113,15
6131,17
9378,16
6847,16
-1,18
-1,15
1504,16
2205,16
3290,15
9575,16
-1,15
-1,15
6606,15
749,15
543,16
9289,16
363,17
-1,15
-1,14
-1,15
5362,16
4114,17
7081,15
-1,16
8769,15
6071,15
4847,15
-1,15
-1,16
8581,16
4796,17
-1,16
6337,15
9407,14
-1,15
1257,16
3452,18
4601,16
-1,15
-1,15
885,15
2127,15
6900,16
5690,16
-1,15
8106,14
5487,17
-1,15
-1,16
3760,16
854,17
1513,16
659,15
-1,16
2573,17
9842,16
204,15
-1,15
655,15
9416,15
-1,17
3514,16
-1,16
5432,14
-1,16
4488,15
-1,16
5433,16
-1,14
-1,16
6859,15
-1,15
7167,16
-1,15
-1,15
2232,16
2852,15
3213,16
6930,17
-1,15
5627,15
-1,14
-1,16
5214,16
601,15
2461,14
1772,15
-1,14
2638,15
-1,15
7639,14
-1,16
-1,16
8740,15
-1,15
3687,16
6050,16
-1,16
-1,16
8426,15
417,16
13,15
3939,16
-1,16
8133,14
4182,16
812,15
744,16
9743,16
7474,15
-1,15
-1,15
-1,16
-1,15
-1,15
-1,15
7257,16
-1,15
-1,17
-1,14
-1,15
7068,15
2766,15
-1,16
-1,16
-1,17
-1,14
-1,17
-1,15
-1,15
592,15
2638,15
7210,15
7044,15
6179,16
2215,15
3521,16
-1,14
3709,14
-1,16
-1,15
-1,16
3476,17
6755,16
6357,16
-1,14
3230,15
4240,15
6820,16
4704,16
-1,14
-1,16
3045,16
-1,16
2948,17
1844,16
8002,16
4178,15
-1,15
8595,16
-1,14
-1,15
-1,15
-1,15
7832,15
-1,16
9204,17
8365,15
7706,15
-1,15
-1,16
6730,16
-1,15
7155,16
-1,15
8368,16
-1,15
941,16
-1,16
-1,15
-1,15
-1,14
-1,15
6258,17
6836,15
5096,14
7348,15
1363,15
-1,15
7817,15
-1,15
-1,16
4786,17
-1,15
7331,16
5811,14
-1,15
-1,14
-1,14
-1,16
-1,15
-1,15
7238,17
-1,15
2035,15
-1,15
2027,16
-1,15
9885,16
7048,16
3696,16
7616,16
1295,15
3331,15
232,17
8754,16
8942,16
-1,15
8610,16
-1,16
5746,15
-1,15
6441,15
7544,16
6820,15
7085,16
-1,14
6656,15
-1,16
-1,15
-1,15
59,15
9955,16
-1,16
-1,15
-1,15
5913,16
978,15
-1,14
-1,15
-1,15
-1,16
-1,15
5348,16
-1,15
2857,15
-1,15
-1,14
-1,15
2581,15
-1,14
-1,15
8391,15
-1,16
7838,16
4174,16
1942,16
1237,17
-1,15
6499,15
-1,16
-1,15
9358,15
2387,18
7393,16
545,16
-1,16
-1,16
7998,14
6642,18
-1,16
9703,14
8149,15
7284,16
7843,17
7153,16
-1,15
-1,17
9575,16
8055,16
-1,15
-1,15
-1,15
-1,14
1182,17
1368,15
743,16
7200,18
-1,14
-1,16
4970,15
-1,14
-1,15
18,15
-1,15
-1,17
971,16
4021,15
3506,15
-1,16
6874,16
-1,15
9649,15
7342,15
-1,16
-1,16
982,17
1740,15
2231,15
-1,14
8389,15
2735,17
-1,17
-1,14
7348,16
-1,17
-1,16
4008,15
478,15
-1,15
1302,15
-1,16
-1,15
6178,18
5788,14
-1,15
5901,17
5902,15
9236,16
-1,15
-1,15
5806,15
-1,15
6311,17
-1,15
2199,16
-1,16
6385,16
-1,15
-1,17
958,16
-1,15
3367,15
-1,15
-1,16
-1,14
-1,15
-1,16
-1,16
-1,15
9926,15
-1,16
-1,16
6541,17
5562,15
-1,15
5284,16
4232,18
537,15
-1,16
3988,15
4274,16
-1,15
827,16
-1,14
6637,17
-1,15
2648,15
-1,15
-1,16
-1,15
290,15
4390,15
-1,16
-1,15
6150,15
-1,15
-1,16
8600,16
4786,16
8945,15
5976,15
3403,17
4179,18
327,17
460,17
5551,15
-1,16
1668,18
7278,17
-1,16
6205,16
91,17
7871,15
864,17
4299,18
-1,15
6276,15
-1,15
8992,14
8396,15
1695,16
4821,16
-1,15
1416,16
-1,15
-1,16
-1,15
-1,15
3564,16
2155,16
2171,16
8465,16
-1,16
3181,16
-1,15
7622,17
2546,16
5910,17
-1,16
-1,15
-1,15
113,14
5828,15
-1,15
9631,15
-1,16
-1,16
2919,19
7777,15
9937,17
2360,15
1185,15
-1,15
-1,16
-1,14
-1,14
4367,16
7300,16
2150,16
5339,15
2643,15
-1,14
-1,14
-1,16
-1,15
6597,16
1297,18
-1,16
3863,15
-1,15
6141,15
9363,15
8549,15
3700,16
-1,16
-1,16
7110,17
772,16
4257,15
-1,14
-1,15
6510,14
6824,16
4434,16
450,15
1885,15
8212,16
-1,14
5806,16
-1,16
6051,17
-1,16
8828,15
-1,15
378,16
2759,16
5345,17
-1,15
6352,15
5517,15
9579,15
3695,16
-1,15
9409,15
4314,15
9735,18
259,15
6726,16
-1,16
-1,16
-1,15
3979,17
-1,17
9170,16
8197,16
573,16
-1,16
7391,16
-1,15
5275,17
-1,15
-1,19
2477,15
7349,18
-1,14
-1,14
-1,15
4745,15
-1,15
2638,15
-1,15
-1,16
7712,15
-1,14
8278,14
-1,15
-1,14
-1,15
-1,15
8781,15
-1,15
-1,13
-1,15
-1,15
-1,15
-1,14
8531,16
4065,16
6205,15
-1,17
-1,16
-1,16
-1,15
-1,16
5533,16
-1,15
3048,17
-1,16
-1,15
-1,16
-1,16
-1,16
-1,16
4372,15
-1,14
-1,15
3044,15
4317,17
3637,16
-1,15
-1,15
7779,15
-1,16
-1,15
-1,16
3242,16
-1,17
-1,15
-1,14
-1,15
-1,15
-1,15
4300,16
3968,16
-1,15
9575,15
9766,16
-1,15
6485,16
-1,15
-1,16
1941,15
-1,15
11,16
-1,15
-1,16
6219,16
-1,16
5939,15
9044,15
-1,14
-1,16
130,16
2489,14
4529,15
-1,16
-1,16
8385,15
6831,16
-1,15
-1,15
-1,15
-1,15
9126,16
6746,16
-1,16
4171,15
5100,16
-1,15
-1,16
480,15
5686,16
-1,17
-1,16
-1,17
-1,16
1026,18
-1,15
-1,16
-1,16
-1,16
4900,16
8733,16
6878,14
-1,15
1720,16
-1,15
6753,15
-1,16
-1,15
-1,15
837,15
-1,15
6326,15
9827,15
-1,17
3576,16
8191,14
6078,16
-1,14
9328,15
57,15
5729,15
2955,14
8460,16
2470,16
8640,14
-1,15
2570,16
9940,15
-1,15
-1,15
1476,15
3789,18
-1,15
492,16
7632,15
-1,15
3658,17
881,16
6976,18
-1,14
6155,16
9155,15
959,16
153,15
-1,15
-1,14
8577,15
7036,18
2743,16
5722,15
474,16
7195,15
3039,17
6023,15
8959,16
-1,15
399,17
1278,16
5791,15
-1,17
8858,15
6191,16
7997,17
-1,15
-1,15
-1,15
-1,17
-1,16
9580,16
-1,15
9304,14
5694,14
6308,15
-1,15
2547,16
8191,17
3922,17
9353,17
3473,15
-1,15
-1,15
-1,15
5326,17
-1,15
5667,15
-1,16
7122,16
9971,18
6459,16
-1,15
-1,15
4054,15
1358,16
-1,15
-1,17
8221,17
7929,16
-1,16
3857,15
6407,17
1897,15
-1,15
2010,17
77,15
9803,16
6043,17
5308,15
4305,16
-1,14
-1,17
-1,15
-1,14
9539,15
-1,16
785,16
9346,14
-1,14
-1,14
-1,16
-1,16
-1,14
9231,15
-1,16
-1,15
7532,15
-1,15
9121,16
-1,16
-1,14
-1,16
-1,15
-1,16
-1,15
8802,15
2898,15
580,16
-1,15
-1,16
3630,15
-1,15
5925,16
3405,16
5432,16
-1,16
-1,15
7192,17
-1,17
9140,17
1406,16
-1,15
-1,17
7227,18
-1,15
660,14
9049,16
3600,15
6577,17
1503,16
-1,15
5344,17
-1,15
-1,16
2386,17
1843,14
3760,17
-1,15
-1,16
1236,16
9258,15
2025,16
-1,15
5422,15
894,15
5460,15
-1,14
-1,16
-1,16
9735,16
9610,15
-1,14
2469,15
1434,17
-1,15
3647,16
8545,16
-1,15
4477,17
1423,15
-1,16
-1,15
-1,14
6578,15
3771,15
7497,15
2523,15
-1,14
-1,14
-1,15
-1,16
-1,15
1641,17
-1,16
6970,16
7405,16
-1,15
-1,15
-1,16
2877,15
7346,18
4209,15
5742,15
5387,15
-1,14
-1,15
2757,15
3961,16
-1,15
7001,16
7707,16
8479,16
-1,16
7712,15
4787,16
4164,15
5580,16
5532,16
1839,16
7841,16
-1,15
4229,15
5611,15
-1,14
3107,15
-1,16
8403,15
-1,16
-1,15
1044,17
1420,16
7598,16
-1,16
-1,14
-1,16
5228,17
4980,15
8394,17
-1,16
4622,15
-1,15
-1,16
-1,16
759,16
2682,16
2525,17
-1,16
761,15
-1,16
6157,17
8581,15
1130,16
-1,15
-1,16
6329,15
451,15
-1,15
1504,17
-1,14
-1,16
-1,14
-1,14
-1,15
4796,16
-1,14
-1,16
9366,15
-1,16
-1,15
2247,16
2731,16
-1,15
-1,15
-1,15
-1,15
-1,15
-1,15
-1,15
5314,17
6713,15
-1,16
9199,14
-1,15
-1,15
4951,17
412,16
-1,15
-1,16
-1,14
6161,16
-1,15
5557,15
6327,14
-1,16
1260,16
-1,14
7355,15
6871,15
-1,16
7521,16
-1,15
1216,16
-1,15
5229,16
4864,16
1979,15
-1,14
-1,14
7282,15
-1,14
9795,16
3321,15
2347,17
-1,15
-1,15
4425,15
-1,14
2494,18
9142,17
-1,14
-1,15
-1,16
-1,14
-1,15
-1,16
6920,17
-1,15
-1,17
-1,14
5192,15
-1,15
4520,16
-1,16
4778,16
-1,15
-1,15
-1,15
8532,15
8119,15
-1,16
-1,15
-1,15
6377,16
5542,16
3790,17
-1,16
9079,16
3658,15
-1,15
-1,15
6867,16
6599,16
-1,16
6586,15
6052,15
5530,17
392,15
-1,16
-1,17
6341,15
-1,14
4351,16
7239,14
4020,15
-1,14
-1,15
-1,15
-1,15
4080,16
2322,16
2356,15
-1,15
-1,16
-1,16
6930,15
2964,15
6019,15
4518,16
-1,16
6732,16
-1,15
4079,16
9550,17
8754,15
-1,14
654,16
-1,14
6670,14
-1,16
1630,19
3771,15
5725,16
9417,15
-1,16
8328,16
8456,16
3949,16
-1,15
6750,15
-1,16
-1,15
-1,15
-1,15
-1,17
2605,18
7148,15
-1,15
-1,15
-1,14
3976,15
-1,14
6964,16
5634,16
6553,17
8753,15
-1,15
-1,15
-1,14
7774,15
-1,15
-1,16
8129,16
4226,15
5801,15
-1,16
1151,16
-1,15
-1,15
664,15
-1,15
1108,17
-1,15
9978,17
-1,16
882,16
-1,15
5252,16
-1,15
-1,14
3561,18
9992,17
-1,14
4337,15
-1,15
2185,15
-1,16
-1,14
-1,15
1182,17
-1,16
-1,16
-1,17
-1,15
5629,16
-1,16
7173,16
2511,15
9306,14
-1,15
-1,16
-1,15
1563,15
-1,14
-1,15
-1,17
4402,15
1777,16
6615,17
-1,16
3708,15
6721,16
8971,16
-1,16
57,15
-1,15
-1,16
7428,15
-1,14
2976,16
-1,15
4727,15
2404,15
5846,16
-1,15
-1,14
-1,17
2061,16
5885,15
-1,16
3092,16
-1,14
6093,16
-1,17
-1,15
1760,16
-1,14
-1,15
8555,16
-1,16
9536,15
-1,15
8320,15
-1,16
7711,16
9575,15
-1,17
5822,15
1700,15
1142,16
-1,15
-1,15
1713,15
-1,15
-1,15
8273,17
-1,15
-1,15
2530,15
-1,15
7629,16
7060,15
-1,16
5375,17
-1,17
-1,14
4970,15
-1,15
-1,14
4550,16
5137,15
6202,16
-1,15
-1,16
7235,16
-1,16
654,15
-1,14
2740,16
8001,16
6123,16
7042,16
5887,16
9040,16
-1,15
-1,15
5922,16
-1,15
7935,17
-1,17
-1,15
9811,17
4416,15
6445,17
-1,16
2871,16
5579,16
-1,15
9466,15
-1,14
-1,16
9167,16
-1,15
-1,15
303,15
-1,14
7234,15
8891,15
-1,15
-1,14
-1,15
4877,16
-1,15
-1,15
8800,15
3907,14
-1,15
-1,16
5840,16
5821,16
245,16
-1,16
6763,17
-1,15
-1,15
8918,15
3858,18
-1,14
5150,16
-1,15
985,15
-1,16
-1,16
4794,15
1225,15
-1,15
5295,16
3422,15
1020,16
-1,15
-1,15
4231,16
-1,15
-1,15
-1,15
-1,15
9573,16
1021,16
-1,14
3054,17
-1,15
-1,15
-1,15
875,16
-1,14
2495,16
6591,19
6915,16
-1,16
3210,15
2463,16
1506,16
-1,16
-1,15
-1,15
4255,15
-1,15
3279,16
-1,16
6042,15
5865,16
2922,15
-1,16
-1,14
6181,16
-1,16
-1,15
-1,15
4535,15
9081,16
-1,16
9350,16
9969,16
9631,15
5188,16
-1,16
1414,18
9388,17
-1,15
-1,15
-1,16
2521,18
6005,16
-1,15
2365,15
9282,15
-1,15
9721,16
-1,15
648,15
-1,15
-1,15
5356,15
1443,16
3516,17
-1,16
-1,15
9354,16
7768,16
3695,15
-1,16
7923,15
-1,15
4478,15
8102,15
-1,16
6546,15
-1,15
-1,16
-1,15
1929,17
3364,15
-1,16
-1,15
-1,16
-1,16
-1,16
2070,15
-1,17
8896,16
-1,16
6083,15
-1,15
9217,16
4524,16
-1,16
-1,15
-1,15
-1,17
-1,15
-1,15
1811,17
6396,16
-1,15
-1,14
7075,16
7380,16
2703,16
8542,17
-1,16
4974,15
-1,16
1185,16
-1,15
9277,16
-1,15
5397,16
-1,15
55,15
2941,17
4088,15
6593,16
9193,15
-1,15
3901,16
-1,15
1735,17
-1,15
-1,16
1251,17
-1,15
1785,16
-1,15
4189,17
-1,16
399,16
-1,15
-1,16
401,16
-1,16
3096,15
-1,17
1816,16
-1,16
-1,16
-1,16
-1,15
1517,16
-1,16
-1,14
-1,15
5561,16
4987,16
-1,15
5909,15
738,16
1123,18
1356,15
-1,15
-1,15
-1,15
-1,16
-1,14
6396,15
4643,16
-1,15
-1,15
6607,16
-1,16
9703,14
-1,15
-1,17
3121,16
-1,16
-1,15
-1,16
-1,14
6779,17
-1,15
3587,16
-1,16
9615,16
5045,16
-1,15
-1,15
-1,16
6410,16
-1,16
-1,15
4263,15
128,14
8291,16
-1,17
4781,16
9898,15
247,16
-1,15
4844,16
1419,15
-1,15
2288,15
3992,16
5229,16
5271,15
9531,17
3204,14
306,16
-1,15
-1,16
-1,15
7349,16
-1,17
4839,15
-1,15
-1,16
-1,16
9662,15
-1,16
-1,15
6581,16
2465,15
5681,14
-1,15
-1,14
-1,15
-1,15
9531,16
2593,15
-1,15
1992,16
7389,16
4161,15
-1,15
7535,16
6438,18
5856,16
-1,15
-1,14
7514,15
495,15
7391,15
-1,15
-1,14
-1,14
-1,15
6230,17
2795,16
-1,16
4264,17
-1,18
9996,16
2198,15
-1,15
7685,18
7808,16
-1,14
105,16
-1,15
-1,15
7469,15
-1,15
6875,16
5982,15
1758,20
-1,14
-1,15
-1,15
-1,15
-1,15
-1,15
-1,16
-1,15
1570,15
8655,16
-1,17
5881,15
7149,16
-1,15
2004,14
5991,16
1081,17
-1,15
9042,16
5894,16
6990,16
-1,15
5731,15
138,17
-1,14
3677,14
1051,15
-1,15
-1,17
8883,15
9472,16
-1,16
2554,15
-1,16
-1,15
-1,16
-1,15
-1,14
8378,16
-1,15
-1,14
669,16
-1,15
-1,15
-1,15
2714,15
-1,15
4731,16
-1,14
1090,16
5337,16
6968,16
-1,17
-1,15
2239,16
3630,16
-1,15
-1,14
-1,17
8903,15
4863,16
553,15
-1,15
-1,15
-1,17
-1,16
-1,15
4821,16
-1,15
8090,14
-1,15
9059,16
2097,16
-1,15
9656,16
-1,16
3602,15
2992,15
8605,15
3626,16
5690,15
-1,15
-1,14
-1,15
5070,16
-1,15
2768,17
-1,15
-1,15
-1,15
-1,15
1900,16
-1,14
-1,16
5861,18
-1,14
-1,15
756,17
527,15
8089,16
-1,16
1399,18
-1,16
5269,15
1033,15
-1,15
6735,16
-1,16
8431,16
-1,14
-1,15
8893,16
-1,16
3429,16
6163,15
4763,16
1400,15
-1,15
989,15
-1,15
1310,15
5276,15
-1,14
-1,15
7029,15
947,17
-1,15
9325,16
-1,15
-1,15
6656,16
-1,16
-1,14
-1,16
3437,16
8085,16
4954,16
9475,17
8410,16
-1,16
-1,15
6484,17
-1,16
4851,15
7842,17
-1,15
7367,15
-1,14
-1,15
-1,16
4616,15
-1,15
-1,16
2813,16
-1,14
-1,17
3007,16
8596,17
1238,16
-1,15
6998,15
-1,14
264,15
2171,16
9617,16
4425,15
-1,15
947,16
-1,16
17,15
2521,16
1962,16
8228,15
3409,15
-1,15
2849,16
-1,17
1568,16
6085,16
-1,15
-1,16
-1,16
9873,15
-1,16
-1,16
8307,15
4880,16
-1,16
-1,15
-1,15
9512,16
-1,16
-1,15
3357,16
9325,15
-1,15
-1,16
-1,16
5275,16
-1,16
3235,16
7120,15
8658,16
-1,16
-1,16
-1,16
4271,16
1226,15
3445,15
5041,15
-1,16
-1,15
-1,14
-1,15
7459,16
-1,15
3388,15
-1,15
7533,14
-1,16
5438,17
9662,16
9047,15
9602,17
-1,14
-1,15
-1,16
9027,16
5474,17
4199,16
-1,14
7092,15
-1,15
3576,15
-1,17
4227,16
-1,16
-1,14
-1,15
3369,16
-1,15
8751,17
8537,15
-1,16
6438,17
216,16
9844,16
4684,16
6803,16
3027,15
-1,14
6183,15
-1,14
7780,16
5061,16
3616,16
5390,17
-1,16
-1,15
-1,16
-1,15
-1,17
-1,15
4198,16
4475,17
-1,14
4692,15
2060,14
666,15
1769,17
-1,16
-1,16
1522,15
-1,15
-1,15
3970,15
-1,15
1539,16
5578,15
5337,15
-1,16
9436,17
4173,15
7579,16
2654,15
1817,17
-1,14
8701,15
4118,16
8787,15
-1,16
5331,15
4204,16
-1,14
-1,15
-1,16
-1,17
-1,15
4721,16
-1,16
804,17
5547,17
4016,16
7728,16
2916,16
5012,15
1458,15
-1,15
-1,16
3313,15
5796,16
3950,16
-1,15
-1,15
-1,15
2488,17
-1,15
-1,15
-1,16
9685,15
3382,17
-1,16
-1,15
-1,18
-1,14
2702,16
-1,16
-1,16
-1,16
-1,16
4585,16
9133,15
3471,16
9944,17
-1,17
-1,16
-1,15
-1,16
5029,17
-1,17
-1,15
-1,15
-1,16
-1,15
-1,15
-1,15
4524,15
7935,15
128,16
6233,17
-1,16
1726,15
1307,17
-1,15
4295,15
-1,16
3577,16
4564,16
7091,15
750,15
-1,15
5409,15
6312,16
-1,16
-1,15
4332,14
-1,16
5371,15
3511,15
6237,15
-1,17
1574,16
7301,15
7205,17
-1,16
9268,15
1897,17
-1,16
-1,15
1442,18
-1,15
-1,16
1459,14
9901,15
6544,15
1353,16
-1,16
7594,14
6705,15
-1,14
-1,16
6125,15
7124,16
-1,15
8062,17
9784,17
-1,15
5620,15
1065,17
-1,15
2984,15
-1,16
6962,15
9061,16
-1,14
-1,16
-1,15
-1,16
-1,15
-1,15
2879,17
746,15
-1,15
-1,14
1755,16
-1,16
3295,15
3204,16
5785,15
-1,15
8342,16
3145,17
3126,15
7391,15
-1,14
6003,14
-1,15
7272,15
-1,16
-1,17
-1,16
-1,15
8548,15
-1,15
4917,15
-1,15
-1,17
5005,16
-1,15
1040,14
-1,16
-1,16
-1,16
-1,17
6340,16
-1,16
9357,16
-1,15
4495,16
9638,15
-1,15
9236,16
9905,17
-1,15
-1,15
-1,15
2928,16
632,16
-1,15
1203,15
-1,14
2947,16
-1,15
-1,15
-1,15
-1,15
-1,15
-1,15
-1,15
3000,15
6213,15
-1,17
4931,15
-1,15
-1,16
3885,17
4414,15
-1,14
-1,15
6598,15
4914,16
4966,16
-1,15
5515,17
-1,16
8996,16
-1,15
-1,15
287,15
4286,17
5083,16
-1,14
5183,15
3019,17
-1,16
5333,15
1264,16
-1,15
-1,15
-1,15
-1,15
3735,15
-1,15
-1,16
-1,15
-1,17
-1,15
-1,18
2451,18
-1,15
3672,15
7172,15
-1,17
-1,15
449,14
-1,16
5109,17
1307,18
631,17
-1,15
6057,16
-1,15
-1,15
-1,16
-1,16
6731,16
3715,15
1591,15
-1,15
154,16
-1,16
-1,15
1815,16
-1,15
-1,16
-1,15
2847,15
-1,16
-1,15
-1,14
-1,14
6784,15
-1,15
4948,15
-1,16
-1,16
7346,16
-1,15
-1,15
5587,15
-1,17
-1,15
8408,15
-1,15
-1,15
2490,17
-1,16
-1,17
7287,17
-1,15
8682,16
0,15
-1,16
9035,17
2841,15
2265,15
-1,17
9272,17
-1,15
3182,15
2199,16
-1,15
4627,16
915,15
3942,17
1744,17
-1,16
-1,16
3963,15
6428,15
846,17
-1,16
-1,15
-1,15
6397,16
-1,15
988,16
-1,16
1000,14
-1,15
5243,15
-1,18
-1,16
-1,16
-1,16
-1,15
6107,17
-1,15
6883,15
7112,15
7574,15
5148,17
-1,15
-1,15
5851,16
6167,16
7226,15
-1,15
-1,16
-1,14
-1,14
-1,15
-1,15
-1,15
2080,16
6076,17
-1,16
-1,16
-1,16
-1,15
-1,17
-1,14
-1,16
-1,15
8664,17
3178,16
3929,16
-1,18
-1,14
8000,16
-1,16
9325,16
-1,15
7554,18
7392,17
-1,16
-1,14
6468,15
-1,15
-1,14
1984,16
-1,16
8303,17
-1,17
-1,16
1209,15
-1,16
-1,15
5706,15
564,15
-1,17
746,15
-1,14
8883,16
-1,16
-1,15
-1,15
-1,15
1333,14
-1,16
-1,16
-1,15
-1,17
4216,16
-1,16
-1,15
-1,14
-1,17
-1,15
-1,16
-1,17
-1,16
7455,17
5303,15
-1,17
-1,17
2945,15
-1,14
-1,15
873,16
-1,15
-1,15
-1,15
-1,15
-1,16
4651,16
-1,14
3075,17
-1,15
-1,16
2477,15
-1,17
7481,15
5771,16
7937,16
1432,16
1339,16
1335,15
-1,16
-1,15
2654,17
-1,16
9076,15
1977,16
-1,15
1264,17
6410,15
8753,15
3697,15
-1,16
1345,17
-1,16
3020,14
6783,15
-1,16
-1,16
6305,16
1473,16
1535,15
-1,15
8245,15
3311,16
4180,16
-1,15
2401,16
4814,17
-1,15
-1,15
-1,15
-1,15
8209,19
-1,14
-1,15
1218,16
-1,14
7079,16
5777,16
-1,15
-1,14
2331,15
8962,15
84,17
-1,16
-1,16
1081,17
-1,17
-1,15
5665,16
-1,15
7490,16
3668,16
-1,14
4640,16
917,17
-1,16
7317,15
6541,16
-1,15
-1,15
7612,16
6396,16
8587,17
-1,16
7311,16
3370,17
7618,14
3052,17
9176,16
-1,15
-1,16
-1,15
8065,17
6695,16
4471,16
-1,15
5234,16
-1,16
6847,16
8415,16
2262,16
-1,16
9124,17
7563,15
-1,16
-1,15
4177,15
7571,15
-1,14
3458,17
4631,15
499,17
-1,15
-1,15
-1,14
699,16
-1,16
-1,15
-1,15
-1,16
-1,15
1631,16
4008,16
123,17
-1,15
-1,14
3262,17
2248,15
-1,15
6232,16
-1,14
-1,16
2941,17
3987,16
7873,15
-1,15
5506,16
-1,16
-1,15
-1,15
-1,14
399,15
7454,14
-1,15
9620,18
-1,15
-1,16
5448,15
-1,15
-1,15
3223,17
9838,15
6650,17
9403,15
9926,16
2909,17
6154,18
469,16
4525,15
-1,15
6192,15
-1,15
-1,15
7651,16
5799,16
4074,15
1206,17
-1,16
-1,14
7869,14
-1,15
-1,15
-1,15
-1,15
-1,15
2617,16
-1,14
9708,18
-1,17
-1,16
9397,17
3000,16
3199,17
-1,16
-1,16
-1,15
-1,15
9686,16
-1,16
5232,15
-1,16
6538,16
3032,16
-1,16
-1,15
9432,17
-1,15
7948,17
-1,15
4994,15
-1,16
7547,17
9005,17
-1,15
-1,16
-1,13
2978,18
3982,17
5588,15
-1,15
-1,15
-1,15
9757,16
5142,15
5242,15
1084,15
-1,16
7908,17
-1,16
9994,17
-1,15
961,16
4234,16
-1,15
-1,15
1364,16
1107,16
-1,15
-1,16
9138,15
7388,17
8864,16
-1,14
-1,15
-1,16
-1,15
-1,16
-1,15
1682,16
1476,15
-1,16
2636,16
-1,15
-1,17
-1,15
-1,15
6051,16
9283,16
-1,16
-1,15
593,17
-1,16
-1,16
4694,18
-1,15
-1,14
5964,15
-1,17
-1,15
-1,17
6017,15
480,14
6278,16
6186,17
-1,14
1508,15
-1,15
-1,14
-1,15
-1,14
500,15
-1,15
-1,15
7496,15
-1,15
-1,15
-1,16
-1,15
-1,16
-1,16
-1,14
3156,15
8790,15
-1,15
-1,15
-1,14
6349,16
3367,17
-1,15
-1,16
-1,18
9372,15
-1,15
-1,15
1460,16
-1,15
-1,15
-1,16
2211,15
3664,17
9835,15
-1,15
6630,15
-1,15
-1,16
-1,15
-1,15
7242,16
-1,16
-1,16
-1,15
-1,14
-1,16
3397,17
5387,14
6622,16
8718,15
7199,16
-1,16
5695,15
-1,14
-1,16
3860,15
6183,15
-1,15
-1,14
3447,15
2220,17
-1,15
487,15
7197,15
-1,15
8173,16
8846,15
-1,15
8745,17
-1,15
5187,16
-1,15
7514,15
-1,15
-1,15
8457,16
1025,16
3997,16
2968,15
9727,15
-1,16
-1,16
-1,15
5078,17
-1,15
2692,15
-1,16
6915,16
7189,15
-1,15
-1,16
6939,16
63,15
-1,16
-1,16
-1,15
-1,15
9539,16
-1,14
4652,16
-1,15
-1,14
9811,16
-1,15
4911,16
8689,16
-1,16
-1,15
-1,15
3053,15
-1,16
-1,15
-1,14
-1,16
3483,15
-1,15
7909,16
-1,16
5604,17
6119,16
9067,15
-1,15
-1,15
-1,14
94,15
7587,16
7372,18
-1,15
-1,16
-1,16
-1,15
8893,15
-1,15
-1,14
-1,15
4685,18
-1,15
-1,15
240,15
7349,15
4479,16
253,16
-1,14
6850,17
-1,15
-1,16
-1,15
6985,17
9137,17
-1,15
5741,16
5512,16
-1,15
8071,16
-1,16
-1,15
-1,16
8804,16
7158,15
1003,15
-1,15
-1,15
-1,14
6317,16
-1,15
-1,16
500,16
9178,16
5734,16
-1,15
2276,16
-1,15
-1,17
7898,14
2490,17
-1,16
-1,16
6299,15
8478,15
-1,14
-1,15
-1,15
-1,17
-1,16
-1,15
-1,15
-1,15
9775,18
5367,15
1396,16
-1,17
-1,15
1325,15
-1,16
2824,17
-1,16
-1,17
2302,16
-1,15
-1,15
7805,16
3349,15
9092,16
-1,15
-1,15
6735,16
152,16
8174,16
-1,15
-1,16
-1,15
1511,15
-1,16
7071,15
7434,15
6779,15
4253,14
-1,15
-1,14
9461,15
5370,16
4997,16
6557,15
-1,15
390,16
-1,15
-1,16
-1,17
-1,14
-1,15
-1,14
-1,14
-1,14
491,17
6408,17
6438,17
-1,17
285,16
7002,16
-1,15
6253,15
-1,15
-1,16
-1,14
-1,16
557,18
-1,15
488,15
-1,16
6705,15
2713,16
-1,15
7481,16
5866,15
-1,14
2308,16
1406,15
6472,17
428,17
3616,16
4779,17
-1,14
-1,15
2478,16
-1,16
2725,16
1608,16
3830,15
-1,15
3535,17
-1,15
-1,15
2554,15
3386,16
-1,15
7794,16
5863,16
5576,15
-1,15
1101,15
-1,15
-1,16
-1,16
7338,16
9718,14
-1,15
-1,18
-1,15
-1,14
-1,15
229,15
1407,16
192,16
-1,15
2676,16
9466,16
3430,16
2546,15
-1,16
3111,16
-1,15
-1,14
-1,19
9487,16
6873,17
-1,16
-1,15
3639,14
-1,17
968,15
-1,17
-1,16
5541,16
-1,16
-1,15
-1,15
2473,15
-1,14
6369,15
-1,16
8929,16
-1,14
976,15
-1,16
4116,16
3762,15
3882,16
4841,18
-1,17
-1,16
-1,15
1938,15
5725,17
-1,16
1257,16
3357,15
-1,15
9846,17
9674,15
-1,15
-1,14
356,16
-1,15
-1,16
7789,16
2051,18
-1,15
-1,16
-1,17
-1,14
-1,15
4429,16
1119,16
2652,15
4226,17
-1,16
-1,16
1136,16
-1,16
-1,15
-1,15
-1,15
-1,15
6894,15
6287,16
-1,15
618,15
2015,16
2279,15
-1,18
5243,14
4325,16
-1,15
-1,15
-1,15
2974,15
516,15
4832,15
4416,16
8314,15
-1,17
-1,15
-1,15
-1,15
9198,17
6293,14
-1,15
2616,17
-1,16
5792,16
-1,16
9219,17
-1,15
9212,15
-1,15
-1,14
-1,15
-1,15
-1,14
-1,16
6647,16
3373,15
-1,15
9968,15
-1,15
-1,15
5031,16
-1,15
-1,15
4471,17
3559,17
-1,15
3889,15
-1,15
-1,15
6857,14
-1,15
5669,16
1386,15
7838,15
8542,15
-1,15
4698,16
384,14
5128,15
4432,17
9230,15
-1,14
7732,16
2023,15
-1,16
-1,16
7298,14
5308,15
8312,16
8679,16
-1,16
-1,15
7286,15
8908,17
-1,15
2079,15
2623,16
-1,15
-1,16
6905,16
2388,16
8984,17
-1,16
44,16
9880,16
2803,14
-1,15
4859,16
-1,15
-1,17
5365,16
-1,16
2755,16
-1,15
8064,15
-1,15
-1,16
-1,16
-1,14
-1,15
7036,16
7557,16
-1,14
5762,16
4697,15
-1,15
-1,16
7841,15
-1,15
5395,18
-1,15
9677,16
1848,16
4126,15
2614,14
-1,17
-1,17
-1,16
-1,15
-1,15
4277,15
-1,15
-1,15
1899,15
-1,17
9556,16
-1,15
-1,16
2370,17
1987,16
-1,16
-1,14
1774,18
48,15
-1,16
-1,15
1411,15
1253,17
-1,15
-1,16
-1,16
-1,16
-1,16
-1,18
7634,16
-1,15
-1,15
9055,15
-1,15
1034,16
-1,16
5071,15
2654,16
3366,16
4698,16
-1,17
2282,16
2694,18
5126,16
-1,15
4727,16
-1,16
-1,15
-1,16
-1,15
8545,15
-1,16
-1,16
-1,15
-1,15
-1,15
-1,14
-1,15
-1,15
6137,16
-1,15
-1,15
-1,16
6368,16
2633,17
1946,17
7936,16
5184,17
-1,14
5821,18
-1,14
-1,15
2267,14
-1,14
-1,16
4189,16
9931,15
-1,15
2605,15
-1,17
1596,16
-1,16
-1,15
4125,15
-1,14
-1,15
-1,15
826,19
7489,14
-1,16
5769,15
6265,16
1899,17
-1,15
1019,16
4454,17
-1,16
9541,14
-1,14
3110,16
178,16
1391,15
-1,14
-1,16
3943,15
-1,15
-1,14
-1,15
9154,16
-1,15
-1,15
4045,17
-1,16
2923,16
-1,16
5460,16
-1,15
-1,15
5134,17
3872,16
-1,15
9882,15
-1,16
287,16
4560,15
-1,16
-1,15
767,17
-1,15
7531,15
6990,19
-1,15
6385,16
-1,14
7030,16
-1,16
7392,16
-1,15
-1,15
4496,15
-1,16
4470,16
-1,15
1502,16
6780,15
-1,14
7866,16
5847,15
7521,15
3848,15
9178,14
2442,15
3670,15
-1,15
9617,15
-1,16
-1,17
9990,15
2272,15
-1,17
3029,18
5235,15
9191,17
5280,16
-1,15
-1,16
7763,16
-1,14
6184,15
107,17
3432,16
6253,15
-1,15
-1,15
-1,15
2391,15
3426,15
85,17
8313,15
3097,15
6790,15
-1,14
-1,15
4628,15
1386,16
5465,16
3756,16
6017,16
1099,17
6751,15
9382,15
7361,15
1265,17
9172,15
-1,14
-1,16
-1,15
2375,17
-1,15
3652,15
3914,16
-1,15
-1,15
-1,15
-1,16
142,16
2080,14
1774,17
234,14
-1,15
5585,15
7508,15
-1,16
-1,16
-1,15
-1,16
5683,16
-1,16
4703,14
8759,15
6161,14
-1,14
-1,15
4697,17
-1,16
9676,15
-1,15
6794,17
-1,15
-1,16
9333,16
2578,16
-1,16
-1,15
2870,16
1107,16
5150,16
9651,16
-1,15
-1,17
-1,14
8313,14
-1,15
611,17
1631,17
2239,16
2427,16
3762,16
-1,15
2323,16
-1,13
4045,17
-1,15
5184,16
8444,15
3335,15
-1,15
-1,16
950,15
-1,15
7462,16
2687,17
-1,14
8607,15
1823,15
-1,15
-1,17
-1,15
5731,14
7729,17
1981,15
-1,15
4794,16
-1,15
-1,15
8442,15
5035,18
-1,16
-1,15
2689,15
-1,15
-1,15
-1,16
8632,15
-1,15
1208,16
-1,15
-1,16
1556,15
5989,15
-1,14
2554,17
1805,15
1017,14
-1,15
8109,19
-1,15
-1,15
-1,16
175,16
-1,15
4079,14
-1,15
-1,16
-1,14
4496,16
1527,15
4631,16
-1,15
2937,17
-1,15
-1,15
9408,16
-1,15
5016,17
4475,15
-1,15
4301,15
6238,15
-1,15
-1,16
-1,16
4629,17
-1,15
1992,16
1395,15
1329,16
2650,16
-1,17
-1,15
7053,16
5295,15
1592,14
364,15
-1,17
8417,17
6111,16
-1,14
4327,15
3777,16
-1,16
-1,15
-1,16
1727,16
-1,14
7470,16
2009,15
-1,15
-1,15
-1,16
-1,17
-1,16
-1,14
9405,16
3385,18
8822,17
-1,16
-1,15
-1,15
4714,18
-1,15
8373,17
-1,15
-1,15
-1,15
-1,17
6825,17
-1,14
-1,16
9279,17
3636,17
1731,16
8560,16
-1,18
155,15
1774,15
8763,14
2972,15
-1,15
-1,17
-1,16
8648,15
-1,14
-1,15
-1,16
384,16
-1,15
1740,16
-1,15
2057,15
-1,14
-1,16
9982,15
-1,14
-1,15
-1,15
2816,15
5616,16
7796,16
-1,15
-1,14
-1,16
-1,15
613,15
-1,16
8933,17
5597,16
4026,17
-1,14
-1,16
4002,16
2869,18
5551,16
7621,15
7092,17
-1,15
-1,15
-1,13
-1,16
-1,15
-1,15
-1,15
7857,15
4168,15
9283,16
204,16
-1,15
-1,16
7484,16
-1,15
6367,15
5027,16
-1,16
-1,15
-1,15
-1,15
6564,16
-1,16
9526,16
-1,16
-1,15
4341,19
8005,15
6834,15
6372,14
7992,15
-1,15
-1,16
-1,15
-1,14
1015,15
-1,16
9487,18
-1,16
-1,15
-1,14
1135,16
-1,14
4412,15
-1,16
1910,15
-1,14
3757,16
8624,17
8544,15
1779,17
-1,15
5829,15
4850,15
-1,15
-1,14
1846,16
672,16
203,15
-1,15
7541,16
-1,14
-1,15
-1,17
2168,16
-1,15
-1,15
6673,16
-1,15
-1,16
225,16
-1,16
-1,16
-1,16
-1,15
-1,16
-1,15
-1,16
-1,16
1885,15
-1,15
-1,16
-1,16
-1,14
9296,17
6003,15
7762,16
-1,15
-1,17
4962,15
4006,18
8415,16
359,17
533,17
-1,15
-1,15
9361,17
-1,17
7764,17
-1,15
-1,16
4351,17
-1,16
-1,14
-1,15
8922,16
-1,14
-1,16
480,14
-1,15
-1,15
-1,15
-1,15
-1,15
-1,15
5042,17
-1,15
-1,17
-1,16
5617,16
-1,15
8309,15
8709,15
1565,16
-1,15
1261,15
3539,17
-1,15
1339,16
-1,14
9508,16
-1,15
1658,16
9364,15
-1,15
7359,17
-1,15
2854,18
-1,16
5224,15
-1,14
4849,15
-1,16
-1,15
4781,17
-1,15
5150,14
-1,16
-1,15
6898,16
-1,15
-1,15
8759,15
2170,15
-1,15
-1,16
1726,15
2783,14
-1,17
-1,15
4429,20
7543,15
4461,16
6295,15
8286,15
-1,16
-1,16
-1,16
-1,15
-1,15
-1,14
-1,15
-1,16
5371,15
-1,16
-1,16
-1,15
-1,15
-1,15
-1,16
9806,15
7729,16
9262,15
2316,16
1391,15
-1,16
2066,15
6445,16
-1,17
-1,15
-1,17
-1,16
-1,15
-1,15
-1,16
4806,16
9578,16
-1,15
-1,15
-1,15
-1,15
7244,16
2387,18
-1,15
-1,16
-1,15
1788,16
-1,16
-1,16
-1,14
7303,17
-1,15
5849,16
-1,15
-1,16
7092,15
-1,14
7780,17
7619,16
559,15
-1,15
-1,15
-1,16
-1,14
-1,15
-1,16
8310,15
-1,15
-1,17
4973,18
5988,17
7184,16
4115,17
-1,14
-1,16
9432,17
7083,19
352,14
2813,15
3244,16
5358,15
-1,16
5910,16
-1,16
-1,15
-1,17
-1,16
8655,18
-1,16
-1,15
-1,14
6206,15
6155,16
-1,15
-1,15
4490,16
-1,15
2431,17
9021,16
4856,16
6936,16
7812,15
-1,15
-1,16
-1,15
-1,15
-1,16
7712,16
-1,17
-1,15
-1,15
-1,15
-1,15
-1,15
-1,15
-1,14
368,16
6248,16
8342,15
5567,17
4894,16
-1,16
-1,16
4154,16
95,14
3071,16
-1,15
9539,15
-1,16
7148,17
-1,15
-1,16
-1,15
5844,17
8493,15
-1,15
-1,14
-1,14
3466,17
8310,16
-1,15
2062,17
-1,14
3046,15
8447,16
-1,16
7254,17
8197,16
7345,16
9351,15
9987,16
-1,15
-1,14
-1,14
1279,16
1191,16
4461,15
-1,15
-1,15
-1,15
-1,16
1304,17
-1,15
-1,17
2903,17
-1,15
-1,15
-1,16
-1,14
1647,15
-1,15
-1,14
2309,15
-1,15
-1,15
-1,15
103,15
3055,17
4843,14
-1,15
3228,14
-1,14
-1,15
-1,15
5463,16
1279,15
-1,16
2637,17
3635,17
5589,16
-1,15
-1,15
3270,14
2073,17
9796,19
-1,15
-1,15
-1,15
-1,14
3254,15
-1,14
-1,15
4769,16
2786,15
-1,14
1783,16
-1,16
1193,16
-1,14
-1,16
1349,17
1574,14
7047,15
9046,17
-1,15
-1,15
8150,16
-1,15
6688,17
-1,17
6283,16
4263,15
-1,16
9234,16
-1,15
-1,14
-1,16
5743,15
-1,16
8965,16
-1,16
307,16
9673,18
722,15
-1,15
8149,17
-1,13
6118,15
5861,15
2984,15
-1,15
6667,17
-1,15
1319,17
-1,15
589,16
-1,16
3955,16
2357,15
-1,15
-1,17
-1,16
4462,16
7275,16
-1,16
9385,16
4917,16
3863,15
-1,14
-1,15
7444,16
7993,16
-1,15
-1,15
-1,15
-1,16
2589,17
-1,15
5627,15
4245,15
6641,17
3498,16
9058,15
5131,16
5819,16
4144,16
-1,15
-1,17
-1,15
-1,15
-1,15
-1,16
-1,15
3934,15
-1,16
-1,14
4799,16
-1,15
2226,15
234,16
2761,16
-1,15
1156,16
290,16
7466,14
-1,15
-1,16
2164,16
3473,15
-1,15
-1,15
-1,16
3059,16
9706,16
-1,14
-1,15
-1,16
-1,16
-1,15
7128,16
-1,16
2844,17
-1,16
-1,16
4001,16
6388,17
-1,14
-1,15
8447,15
-1,16
-1,14
2239,17
-1,15
-1,15
-1,15
1076,15
-1,15
4842,16
-1,15
-1,16
-1,15
5760,15
-1,15
-1,15
4504,16
5917,15
-1,17
-1,14
5819,14
-1,15
3630,17
6107,15
4933,17
335,15
2597,16
5418,15
-1,16
2315,16
-1,16
-1,15
8280,17
-1,15
-1,16
-1,14
-1,15
-1,15
327,16
6935,16
-1,15
1065,16
6920,15
7444,15
5926,16
3112,16
8137,16
8300,16
-1,17
-1,16
4879,15
-1,16
8736,16
8931,15
-1,15
8191,15
-1,15
7027,15
-1,16
-1,16
-1,14
3497,14
51,15
2297,15
-1,15
-1,14
7930,15
-1,15
2094,16
3791,18
-1,15
3409,15
1927,15
-1,15
-1,15
4907,16
-1,16
9147,15
2792,17
3893,16
8293,17
5159,17
-1,15
7897,15
-1,14
-1,15
6409,17
-1,15
-1,17
4703,16
8149,17
-1,15
-1,16
812,15
-1,16
-1,15
-1,14
4470,15
-1,15
4714,15
3490,16
5801,16
-1,15
-1,16
9322,16
8363,15
-1,15
-1,15
7875,16
-1,15
-1,15
9801,17
5637,15
3474,16
7560,15
1556,15
6767,17
-1,15
2435,16
3604,14
-1,15
-1,17
4613,15
4127,16
4258,14
499,14
-1,15
-1,16
9267,15
7185,17
-1,16
8493,15
6263,16
3351,17
9640,16
4695,15
7025,16
-1,15
6551,15
-1,14
-1,15
2837,17
9452,15
9166,14
1393,16
3366,16
1653,17
-1,15
-1,15
1084,15
5356,16
555,15
-1,15
-1,15
6849,17
6559,16
2932,15
5229,16
1527,15
-1,16
-1,15
9784,17
3652,16
-1,15
6596,15
4435,17
6976,16
-1,16
4370,17
2414,15
3014,16
-1,15
-1,15
6361,16
7379,16
6413,14
2758,16
-1,16
6840,16
-1,15
4208,17
-1,15
9278,15
2990,16
-1,17
-1,15
-1,15
972,16
9666,16
5997,15
-1,15
-1,16
-1,14
-1,16
-1,18
-1,15
8953,16
-1,15
5067,16
7960,15
-1,16
5488,17
8365,15
4432,15
2038,17
509,16
-1,15
-1,14
7874,16
-1,15
-1,15
4051,16
-1,14
6539,15
2166,18
9801,16
-1,15
-1,15
6388,16
3265,16
6506,15
9263,15
5400,15
-1,15
8649,16
1397,17
-1,15
-1,17
1239,17
1178,15
1355,15
217,15
-1,16
478,16
-1,17
-1,15
2076,15
2521,16
-1,15
-1,15
-1,15
-1,15
4488,15
-1,14
4100,15
-1,17
-1,14
4275,17
8692,15
161,15
-1,15
4508,15
-1,16
-1,15
-1,15
-1,15
-1,15
-1,15
7940,15
-1,16
-1,16
9766,15
-1,15
-1,15
5606,15
1498,17
4821,16
-1,15
1525,15
7158,15
1354,15
17,16
-1,17
-1,17
-1,14
5902,16
-1,15
-1,15
-1,15
-1,14
-1,16
9196,16
-1,15
9280,15
6767,16
38,15
5483,14
-1,15
1037,20
5319,15
-1,15
8558,16
6081,15
3066,15
4348,15
5447,16
691,16
-1,14
-1,15
3856,16
-1,16
395,16
-1,16
9736,17
2691,14
-1,15
6723,14
-1,15
2035,17
-1,15
-1,15
-1,15
8826,16
-1,15
-1,14
-1,16
-1,15
3250,16
-1,15
-1,16
8528,16
-1,16
-1,16
5988,16
-1,17
5576,16
3278,15
-1,16
-1,15
-1,14
9061,15
5203,16
-1,14
5979,16
-1,16
-1,15
-1,15
-1,15
-1,16
4721,16
8442,15
-1,15
616,16
2443,15
-1,15
9159,15
-1,15
339,17
6951,17
3005,15
6636,15
-1,16
9128,15
-1,16
4056,16
-1,15
2322,17
6697,15
-1,15
-1,16
-1,16
6738,16
-1,15
-1,17
-1,16
-1,15
-1,14
6786,14
9993,16
-1,15
8605,16
7929,15
7248,16
7184,16
-1,16
3454,16
4328,15
-1,16
-1,17
-1,15
-1,17
9186,18
899,14
9634,15
504,15
6662,15
1379,16
-1,15
3381,15
7746,17
6066,16
-1,15
-1,16
-1,15
2222,14
-1,14
-1,15
-1,15
-1,15
-1,15
4936,15
-1,15
3844,18
3803,15
3051,15
7238,17
-1,15
8633,14
-1,15
9394,16
-1,15
-1,14
-1,16
-1,17
1439,15
8299,17
-1,15
-1,16
-1,14
2261,17
-1,15
-1,14
-1,15
-1,16
-1,16
-1,15
390,15
-1,16
-1,15
8345,15
-1,16
-1,15
-1,14
120,16
-1,15
232,15
-1,14
-1,15
-1,16
-1,14
-1,17
-1,15
-1,15
1719,15
-1,15
-1,15
-1,16
-1,17
1391,15
9159,16
-1,17
4883,16
-1,15
-1,16
-1,17
6446,15
2130,16
-1,16
5552,17
172,15
-1,15
-1,14
2599,16
-1,14
2851,16
3571,16
-1,15
7538,14
-1,15
1407,15
6320,15
-1,15
-1,14
-1,14
2111,16
6358,17
2080,16
-1,14
4479,16
5942,15
1013,16
-1,15
5507,16
679,15
-1,17
3695,15
5092,16
-1,15
5149,15
-1,16
-1,18
-1,16
-1,16
-1,14
8096,15
-1,14
7407,17
5122,17
-1,15
7111,17
5338,19
6818,15
5424,15
-1,15
3355,14
-1,15
-1,15
-1,17
1324,16
6357,16
-1,15
6534,17
1633,16
8622,16
-1,14
7139,15
-1,14
1065,15
-1,15
2263,16
-1,16
-1,15
-1,16
3263,15
-1,15
800,16
-1,15
3266,15
-1,15
5949,16
-1,15
209,16
6947,17
4341,16
3663,16
3134,16
-1,15
-1,15
6480,15
6101,16
-1,18
5750,15
7440,18
-1,15
2790,16
-1,15
-1,16
1155,14
-1,16
3290,15
-1,16
8809,14
8957,16
-1,16
8686,17
-1,15
3605,16
-1,15
-1,17
-1,16
7688,17
9599,15
8055,16
2082,16
-1,15
9058,16
-1,16
9847,15
4467,16
-1,15
-1,15
-1,15
2988,16
1670,15
-1,17
-1,16
7631,16
4753,16
5484,15
3192,16
781,15
7909,16
-1,16
3224,15
-1,15
5128,15
-1,15
5253,16
7958,14
4611,15
-1,16
6405,17
3200,18
-1,15
-1,15
6856,15
-1,15
8782,16
4590,15
157,15
8332,17
-1,15
-1,15
2864,17
9641,17
4655,14
-1,16
-1,15
-1,15
-1,15
4267,16
-1,16
-1,16
-1,15
2254,16
-1,15
3112,15
8513,16
3088,18
-1,14
4291,16
6959,15
7675,15
-1,15
9540,15
-1,15
-1,18
1781,16
3981,16
-1,14
-1,15
-1,15
7610,15
3425,15
3901,16
220,16
-1,14
47,16
3863,15
-1,15
1548,18
6557,16
1136,16
-1,15
-1,15
-1,16
5579,16
-1,16
2971,16
-1,14
-1,16
-1,15
-1,16
-1,16
-1,15
-1,17
2861,16
-1,16
2713,16
6921,16
1565,16
-1,17
-1,15
-1,16
-1,17
-1,15
-1,14
-1,16
-1,15
3881,16
-1,14
4277,15
1670,16
-1,15
3049,16
5515,18
-1,14
6009,15
-1,15
5090,17
443,15
-1,16
8145,16
-1,15
-1,14
-1,14
-1,15
8837,17
-1,15
1355,17
4576,15
-1,16
6881,16
-1,16
4423,15
8384,16
9705,15
-1,17
-1,15
-1,16
5489,16
-1,16
3568,17
-1,15
-1,16
-1,16
1098,15
-1,15
-1,16
7932,15
652,15
-1,18
-1,17
-1,15
2078,18
8448,16
8006,15
1769,16
9609,16
5306,16
-1,16
4194,16
9786,15
3360,16
-1,15
-1,15
2785,16
1397,15
9280,16
-1,17
-1,16
-1,15
-1,16
2720,15
-1,14
5991,14
9304,15
-1,14
-1,15
-1,16
3357,16
9114,17
4324,16
5319,15
3063,15
5147,16
4188,16
2719,15
-1,15
-1,15
-1,16
-1,14
-1,17
9606,18
-1,16
5025,15
1966,18
1615,16
-1,16
-1,15
513,15
6648,16
7722,16
-1,15
-1,16
2718,15
4006,18
1540,16
7297,16
7918,15
9835,15
-1,14
-1,17
2584,16
-1,16
-1,15
8860,16
4147,14
-1,16
3281,16
-1,15
-1,14
-1,17
-1,16
9712,16
-1,16
1576,16
-1,15
-1,16
7353,15
6288,16
-1,15
4950,16
5433,17
7393,16
479,15
-1,15
-1,15
-1,16
-1,15
9179,16
914,15
-1,15
9914,15
-1,16
-1,16
8051,16
7070,15
6153,15
-1,15
3120,16
-1,15
2810,18
-1,17
3794,15
3515,18
-1,15
232,15
9621,13
-1,15
2746,16
1915,15
-1,16
-1,15
-1,15
8669,17
1661,15
-1,15
-1,15
7785,17
3463,14
-1,15
-1,16
1849,15
3186,15
-1,14
-1,15
2570,15
-1,16
-1,16
4172,16
1829,16
-1,15
7463,17
-1,16
-1,15
-1,16
-1,16
3570,16
6660,15
-1,16
7318,15
-1,15
4590,16
-1,14
-1,15
2385,17
2611,15
5106,16
-1,14
-1,16
2111,16
7731,17
-1,15
-1,15
-1,16
-1,16
9873,17
6061,17
5659,17
1012,15
6980,14
-1,18
-1,15
-1,15
7192,16
-1,17
1774,16
4216,16
-1,15
5119,15
-1,15
-1,16
9539,14
-1,17
-1,16
-1,15
8693,17
6884,15
3538,15
-1,15
-1,15
4169,16
4021,16
-1,16
1362,17
-1,16
-1,14
8976,15
-1,14
-1,15
-1,15
-1,14
-1,15
9275,16
7484,15
3573,15
9364,17
-1,15
2225,15
5467,16
9666,18
-1,15
8366,17
4255,16
4756,17
249,15
-1,15
9271,15
8645,16
-1,15
-1,17
9855,16
-1,14
8492,16
7763,15
3168,18
7491,14
1741,14
-1,16
-1,14
-1,16
-1,15
1673,16
-1,14
-1,16
-1,14
-1,15
-1,14
-1,16
3040,17
1621,15
-1,15
5987,16
8324,18
2836,14
-1,16
-1,15
-1,15
-1,14
-1,16
-1,16
9370,16
-1,15
8217,16
-1,15
-1,14
-1,16
-1,15
-1,15
5860,15
1474,17
-1,15
74,18
8919,15
-1,15
-1,15
7262,16
3658,15
1537,15
-1,16
7191,17
5706,15
-1,14
-1,14
-1,16
-1,14
4189,17
-1,15
-1,15
-1,15
-1,15
7834,16
-1,16
-1,14
4152,14
-1,15
-1,15
-1,16
5237,17
9054,18
8831,16
9609,16
4435,16
-1,16
5968,15
-1,16
-1,14
7302,15
-1,16
7574,16
3478,17
-1,16
-1,15
-1,15
8880,18
-1,17
7273,16
5655,15
-1,15
4424,15
2261,15
4739,15
2597,17
-1,14
9389,15
964,15
482,15
1171,16
6510,17
-1,15
5542,17
8647,14
-1,16
4098,15
-1,16
7679,16
-1,14
-1,15
-1,15
-1,14
-1,16
-1,15
9642,14
-1,15
9863,16
-1,16
-1,14
-1,16
-1,15
-1,15
8425,16
8811,18
9360,17
-1,15
-1,15
3473,16
-1,16
-1,16
9197,16
-1,15
8490,15
6922,15
714,16
-1,16
-1,15
-1,15
-1,16
1709,14
-1,15
4311,16
8537,15
-1,14
-1,18
2439,16
6713,14
-1,16
-1,15
6751,16
-1,15
8758,15
3766,16
-1,15
-1,15
-1,16
2272,15
9344,15
2118,16
-1,16
7148,15
-1,14
8715,16
-1,16
5285,16
7310,16
-1,15
-1,15
6416,16
-1,15
9650,16
-1,15
-1,15
4619,17
-1,14
-1,16
-1,16
-1,15
-1,15
4297,16
8575,15
4721,16
-1,14
7496,17
5522,16
4584,16
4135,14
6323,16
4688,15
-1,15
5143,17
-1,15
-1,15
-1,15
5427,16
362,16
-1,16
7975,16
6500,17
-1,15
5255,15
5185,15
-1,15
7243,16
-1,15
6275,15
6703,16
6950,14
4985,15
-1,16
9927,15
7745,16
5796,15
2682,17
-1,14
-1,14
-1,14
266,18
-1,16
2202,16
-1,16
-1,15
-1,15
2372,16
280,17
-1,16
-1,15
-1,15
-1,16
2216,15
4262,15
-1,15
5612,16
7661,15
-1,16
5792,14
1699,16
-1,15
2107,16
-1,14
2735,15
-1,15
-1,15
-1,15
-1,15
3803,16
8485,15
-1,14
9513,16
-1,15
7171,15
-1,17
-1,15
-1,15
-1,15
2580,16
3154,17
-1,15
9632,16
7635,15
6559,15
4335,15
2679,15
-1,15
5393,15
3697,14
-1,15
7605,16
-1,15
-1,16
7457,15
-1,14
2492,15
8144,17
-1,18
-1,15
-1,15
-1,16
-1,15
-1,18
-1,15
7376,15
-1,15
-1,15
-1,16
-1,15
-1,17
7501,17
8974,16
-1,15
6261,16
8761,14
-1,16
7773,16
-1,15
248,16
-1,15
-1,15
-1,16
5549,17
-1,17
4818,16
2060,15
7168,18
-1,16
6252,16
-1,15
-1,15
8801,14
8388,16
9766,16
-1,15
3924,16
1744,16
-1,15
4205,17
9614,15
7559,16
-1,16
-1,15
4476,16
3574,17
-1,18
1474,15
-1,15
8723,17
-1,17
-1,15
-1,17
-1,15
-1,15
-1,15
-1,14
-1,14
-1,14
-1,14
-1,15
-1,15
-1,16
3563,15
-1,14
9531,14
-1,14
-1,15
1090,15
7924,16
-1,17
-1,15
-1,17
5088,15
-1,15
2785,16
-1,15
-1,15
-1,16
4013,16
8059,15
7479,15
9534,17
-1,15
4823,16
-1,15
2305,17
-1,16
9886,16
-1,16
-1,15
-1,14
6800,15
1438,15
-1,15
-1,15
5766,15
-1,15
763,15
-1,15
-1,15
-1,14
-1,16
-1,14
6299,15
-1,14
8539,16
-1,16
5747,15
-1,16
-1,15
2328,17
-1,14
6920,15
2713,16
5569,16
3445,15
-1,15
1750,15
711,14
-1,17
2352,15
1858,16
7567,15
-1,15
4973,16
253,15
1692,15
8773,15
2140,15
2776,16
9670,17
1825,15
-1,15
-1,16
-1,16
-1,16
-1,15
-1,16
-1,15
4527,16
6120,18
4943,18
697,15
5711,15
2714,16
735,16
1038,17
8262,18
-1,15
-1,15
8718,15
8858,17
-1,15
-1,15
-1,14
-1,16
-1,16
-1,16
409,16
46,16
-1,15
7877,16
8015,17
6809,16
4999,16
-1,16
1791,15
-1,14
8202,17
6784,16
3669,16
3672,16
8550,15
3038,15
-1,16
3660,18
-1,15
2939,15
-1,15
4937,16
-1,17
-1,16
-1,15
4078,15
3207,16
-1,15
-1,15
-1,15
7136,16
3224,14
985,19
-1,16
-1,15
-1,15
577,15
7795,16
-1,15
-1,17
9791,17
-1,14
-1,14
9148,16
-1,15
7451,16
6312,18
6710,15
5412,16
-1,16
582,15
6934,15
5849,15
1524,15
-1,16
9294,15
1218,15
4085,15
1670,16
3222,17
5176,18
8469,16
906,18
-1,14
-1,15
-1,15
3726,15
7514,15
4847,15
-1,16
6948,15
-1,16
5897,16
-1,14
-1,15
-1,16
-1,15
-1,15
8477,15
-1,15
6909,17
-1,16
3660,15
-1,16
-1,14
-1,15
3444,15
9480,16
5816,17
9770,15
7933,15
-1,15
-1,16
-1,16
3238,15
4657,18
-1,15
-1,15
7628,15
-1,15
1021,15
-1,15
853,15
5809,18
8903,16
6857,15
7753,16
-1,15
9875,16
1664,15
681,16
9478,19
2064,16
-1,15
5120,15
-1,15
-1,15
4992,18
-1,15
-1,16
2933,16
2436,15
8252,15
-1,17
-1,15
-1,14
-1,15
-1,17
5394,15
-1,14
-1,15
5032,15
-1,16
8698,15
9554,15
-1,15
-1,15
8756,15
8856,15
8519,15
-1,17
-1,15
-1,15
3018,15
-1,15
-1,15
4179,17
-1,13
7848,17
6219,16
-1,15
7630,16
3566,16
8599,16
7432,15
5328,14
-1,15
1026,16
-1,16
3384,16
-1,15
-1,17
6448,18
1832,16
2992,15
-1,14
-1,15
6754,17
-1,14
-1,14
4176,15
9457,17
5176,16
747,16
-1,15
-1,15
1390,16
-1,15
-1,18
7631,16
-1,15
-1,15
-1,16
4863,15
2991,16
1855,17
-1,16
2134,16
649,16
6724,14
-1,15
4636,14
-1,15
8979,15
1905,17
-1,15
-1,14
8487,16
-1,15
-1,16
-1,15
4315,15
9248,16
-1,15
7272,15
-1,15
8169,15
-1,16
-1,16
-1,15
-1,15
5171,15
-1,15
1328,17
9911,16
-1,15
2616,16
5172,17
-1,15
7476,16
257,15
171,16
8627,16
3694,14
-1,15
6239,15
-1,16
3147,15
-1,15
-1,16
-1,15
9536,15
6702,15
1419,14
785,16
-1,16
9030,15
-1,16
-1,15
1051,16
-1,15
7132,16
-1,16
-1,17
7843,17
9255,16
-1,15
-1,16
-1,15
772,16
2678,16
9141,15
-1,16
-1,15
-1,15
-1,16
-1,15
1849,15
-1,15
-1,15
5168,14
-1,15
-1,16
-1,16
555,16
-1,16
3299,17
5381,16
5436,15
-1,15
-1,15
-1,14
-1,16
2243,15
-1,15
-1,15
9329,15
-1,15
232,14
-1,14
3270,17
2077,15
3626,16
3251,14
-1,15
-1,14
-1,15
8878,15
360,16
-1,16
-1,14
-1,16
2362,15
-1,14
4631,17
-1,15
6314,15
4670,18
-1,16
1862,16
2457,16
8858,15
1270,15
7680,16
156,17
-1,15
642,16
3104,15
-1,15
8003,17
-1,16
8769,15
99,17
1698,14
-1,15
2570,16
-1,14
-1,15
6304,17
-1,15
-1,16
9588,16
7586,16
-1,15
-1,15
-1,15
7766,16
5147,16
-1,15
7898,15
8121,16
-1,14
-1,15
298,15
4141,15
-1,15
-1,15
-1,17
8278,14
-1,14
-1,16
-1,16
4976,16
-1,15
3397,17
6971,14
5563,15
5537,15
8901,15
6544,19
-1,15
7849,16
7931,17
9400,15
686,16
-1,14
9090,17
9076,17
-1,16
3275,16
-1,16
-1,15
-1,16
9785,16
2921,16
-1,16
8313,16
8597,16
-1,16
-1,15
3319,15
-1,16
-1,15
8201,16
-1,15
8648,15
3852,14
-1,18
7239,15
-1,14
-1,15
3432,15
5368,15
-1,16
8546,15
-1,15
-1,16
9269,16
-1,17
8968,15
5556,16
3472,14
-1,16
-1,14
-1,18
-1,15
-1,15
4161,15
-1,15
9742,16
-1,15
-1,15
-1,15
9501,15
6845,17
-1,15
-1,16
498,14
-1,15
-1,15
7984,15
6894,14
3592,17
5601,17
1020,17
9984,14
4410,15
7954,16
-1,16
-1,15
3455,15
5430,17
8241,16
6157,16
-1,16
8674,15
801,15
7085,16
-1,14
-1,16
-1,15
8372,16
1346,17
604,15
6545,15
-1,15
4351,18
700,16
7232,15
-1,17
-1,14
-1,15
1547,15
-1,15
-1,15
-1,16
-1,15
5505,16
-1,15
-1,16
681,15
-1,16
-1,15
-1,15
-1,15
1397,15
-1,15
9846,15
5937,16
-1,16
6532,16
504,15
3076,16
2598,15
1138,18
6523,16
3,15
4348,15
-1,14
-1,16
-1,15
-1,14
9269,16
-1,16
-1,15
9520,17
4478,18
-1,14
-1,15
5348,16
7227,17
-1,16
4753,17
791,17
4134,15
1880,16
-1,15
-1,15
-1,15
-1,17
-1,14
-1,15
-1,16
-1,16
-1,15
2723,15
6564,15
-1,14
7667,15
1298,15
3613,15
-1,16
6553,15
-1,14
-1,15
2466,18
-1,16
8311,16
-1,15
-1,16
9269,15
-1,16
-1,16
8996,16
5393,15
9123,16
7753,17
3330,16
-1,15
1265,17
-1,15
-1,14
4316,16
-1,16
-1,16
-1,16
4844,15
555,15
-1,15
-1,15
-1,16
4682,14
9550,16
-1,17
853,15
7005,15
1795,15
4118,16
-1,17
2039,15
3085,17
1343,15
9322,16
-1,14
-1,15
-1,15
7237,16
-1,14
4322,14
-1,15
-1,15
-1,16
-1,15
-1,15
-1,16
-1,14
3063,15
-1,15
-1,15
786,15
-1,15
-1,15
-1,15
9193,18
9596,14
5960,16
-1,16
-1,16
4056,15
1181,15
-1,15
-1,14
6262,15
1880,15
-1,15
-1,15
1189,16
-1,15
2762,18
7794,15
-1,15
9981,15
-1,15
-1,15
-1,16
-1,16
4440,18
82,16
-1,14
7184,16
3945,16
9119,17
9539,17
7398,15
2754,17
-1,15
4506,15
-1,15
5805,15
-1,15
-1,15
-1,15
-1,16
343,18
1514,15
4713,16
6646,16
3167,15
315,16
-1,14
-1,15
-1,15
6345,16
2910,17
-1,16
6080,18
-1,15
-1,14
9395,16
6811,17
-1,16
9441,17
4878,14
763,17
1338,15
-1,15
-1,14
-1,16
8548,15
-1,14
-1,16
-1,15
-1,15
6519,15
-1,14
-1,15
4829,15
-1,14
1287,14
3380,17
-1,16
-1,16
6534,16
-1,16
-1,15
-1,14
6379,14
3354,15
-1,14
-1,15
-1,15
354,18
-1,15
-1,16
5283,17
6558,16
-1,15
1763,16
-1,17
6450,16
-1,15
-1,16
1816,15
-1,14
8464,15
3059,14
-1,16
-1,16
3759,15
-1,16
-1,15
4467,16
6542,16
2291,16
2277,15
9911,16
-1,17
-1,15
-1,16
-1,15
-1,16
9466,15
5772,15
-1,14
9834,16
9445,16
-1,14
-1,15
-1,15
1574,15
6980,16
-1,16
4190,15
7054,15
8283,16
8599,16
9417,15
9240,16
5914,16
-1,16
-1,17
3066,16
8766,15
1252,16
-1,15
1624,16
1461,15
-1,15
-1,14
-1,16
3147,19
5559,14
4421,17
3150,16
-1,15
-1,14
7263,17
5353,15
-1,17
9293,16
-1,14
9689,19
7180,16
-1,15
614,19
-1,15
2040,15
-1,14
2924,14
6418,16
9915,15
6612,16
-1,17
-1,15
-1,16
-1,16
6963,16
-1,15
-1,15
-1,15
-1,15
4202,19
2668,17
8412,15
-1,16
-1,15
9867,16
9717,17
-1,14
-1,15
6391,16
-1,16
-1,16
9665,16
-1,15
4198,16
1421,15
6537,14
2555,15
-1,15
-1,15
-1,15
-1,16
8543,17
3246,15
-1,16
-1,15
-1,15
4022,15
4625,16
2021,15
249,17
8066,14
-1,16
-1,14
5659,16
-1,16
-1,15
-1,16
8818,14
-1,16
-1,15
6940,14
-1,16
6511,16
-1,15
-1,14
33,15
7825,15
-1,15
4029,17
-1,16
-1,16
315,16
1375,16
2252,16
4306,16
6433,15
3838,15
4236,16
-1,15
2869,16
8067,17
4169,16
-1,14
5420,17
-1,16
5075,16
-1,17
3174,16
-1,15
1794,15
-1,14
2610,17
-1,15
8585,15
-1,16
-1,16
6169,16
5489,15
6134,16
-1,15
3565,15
3959,16
-1,15
-1,16
-1,15
3875,15
-1,14
3220,17
-1,16
-1,16
-1,17
1933,17
-1,16
9301,16
6611,16
5228,15
7954,16
4757,16
-1,15
8019,15
5119,15
8692,17
-1,15
-1,15
-1,15
-1,15
3649,16
-1,14
5255,14
-1,14
-1,15
-1,16
-1,16
3607,16
9955,15
3990,17
-1,16
9802,16
-1,16
-1,15
-1,15
-1,17
8299,15
-1,15
2288,16
7734,14
6664,16
-1,15
-1,15
7628,16
5502,14
8560,16
8227,17
7198,16
6429,16
5278,16
-1,15
-1,16
-1,18
9377,16
5609,14
-1,15
-1,14
-1,14
5215,17
9851,17
-1,16
680,17
-1,16
5461,15
9138,17
5019,15
-1,16
8562,16
4429,18
-1,15
4564,16
8154,16
-1,15
-1,16
-1,15
8874,17
-1,16
1340,15
7846,16
4993,15
8637,16
4797,16
-1,16
-1,15
-1,15
-1,16
-1,18
7059,16
-1,16
2988,16
-1,17
-1,16
-1,15
-1,15
1021,15
-1,16
-1,15
4356,16
8688,17
1418,16
-1,16
-1,13
-1,15
8548,16
5382,16
4191,16
2458,17
7123,17
5352,16
4318,15
1715,16
-1,14
7286,16
9351,15
6224,16
3644,16
5990,16
-1,15
-1,17
41,17
-1,15
-1,17
3300,16
775,16
5353,16
-1,16
740,15
-1,15
-1,15
1433,16
6213,17
-1,17
-1,16
8553,15
-1,16
-1,16
-1,16
7398,16
220,15
-1,14
8021,17
-1,15
4106,16
2111,14
2720,15
6349,15
-1,15
7964,15
8592,15
-1,15
2481,15
5840,15
-1,17
-1,15
-1,15
6288,16
-1,15
-1,15
-1,17
4355,16
-1,15
1368,15
-1,15
-1,15
-1,16
2698,18
-1,15
-1,15
7623,16
776,16
2658,15
2176,15
1970,17
1496,15
9458,17
3507,16
-1,16
-1,16
2412,17
3571,15
9940,16
-1,16
-1,15
-1,14
-1,14
-1,15
-1,16
-1,15
3621,16
4123,15
-1,14
1173,15
-1,15
385,15
5368,16
-1,16
-1,15
3157,15
3762,15
-1,15
-1,15
7247,16
9603,16
-1,15
4942,17
-1,14
2427,16
5072,16
8354,16
1851,15
9864,16
5407,18
9611,16
-1,15
5032,16
4980,16
-1,14
-1,15
-1,17
5412,15
2655,19
-1,15
-1,17
-1,16
4704,17
4414,17
-1,16
-1,16
-1,15
-1,15
972,15
4645,15
-1,16
-1,15
2281,15
2227,14
3278,15
1683,16
1219,16
924,15
6499,15
-1,15
-1,16
5500,15
-1,16
-1,16
-1,15
-1,15
7625,16
-1,17
5690,15
8592,14
3921,16
-1,16
5462,14
-1,17
8421,14
3660,16
-1,15
-1,16
150,15
-1,15
-1,15
289,16
-1,16
-1,15
-1,15
-1,15
-1,16
-1,16
4363,15
6964,15
-1,15
1098,16
-1,15
4202,19
4209,19
-1,15
-1,15
4810,16
-1,15
3652,17
9396,16
1523,15
2052,17
3593,16
5838,15
-1,15
-1,15
-1,14
-1,15
-1,14
-1,16
3491,17
9185,16
-1,14
7031,15
7246,14
-1,16
-1,15
4584,15
-1,15
4301,15
-1,14
8985,15
6229,15
6054,15
6519,16
-1,15
-1,17
3369,18
8077,17
9219,15
9319,16
8437,17
-1,15
-1,15
4555,16
4850,15
-1,14
-1,15
721,15
8263,16
5813,16
9583,15
-1,15
7839,17
-1,14
1609,16
3432,16
2603,15
-1,14
-1,15
-1,16
2125,17
7297,16
991,16
-1,14
-1,15
-1,15
2201,15
-1,17
4339,15
-1,16
-1,16
2867,15
-1,15
-1,15
-1,16
9385,16
8144,17
-1,16
-1,15
-1,16
-1,15
-1,16
5279,15
9323,16
-1,16
7065,14
3325,16
-1,15
5640,16
-1,15
945,15
2861,17
-1,15
5161,15
7611,17
-1,14
7494,18
1041,15
4199,16
-1,16
-1,15
1486,14
-1,16
4328,15
-1,15
6621,15
5735,16
-1,15
9260,16
267,16
-1,15
-1,14
-1,14
-1,16
-1,15
-1,16
6493,14
5931,18
-1,16
7962,17
-1,15
5577,15
5130,15
-1,15
6863,15
3950,16
-1,15
-1,15
-1,15
9219,16
6364,15
-1,16
-1,15
5068,16
-1,15
6878,16
9009,14
8562,15
6796,15
8178,16
-1,15
5039,15
5140,16
9112,15
536,15
-1,15
2670,15
4875,16
7272,15
5245,15
4129,16
4344,17
-1,15
7480,14
3977,15
8269,16
-1,16
1768,15
-1,14
4699,16
-1,15
-1,15
-1,15
-1,16
1867,16
-1,15
-1,15
3266,16
-1,15
7114,16
5773,16
292,16
-1,17
-1,16
-1,14
-1,16
6300,16
-1,15
-1,16
-1,16
201,16
6904,16
-1,16
8501,14
-1,16
-1,16
-1,14
-1,15
-1,18
7973,16
949,18
2137,17
646,15
7496,15
-1,15
4318,18
-1,16
7480,17
-1,16
-1,15
-1,16
-1,15
6645,16
8464,16
3705,17
7498,17
8875,15
2789,16
-1,15
8569,16
3266,15
4667,18
-1,16
-1,15
844,15
-1,16
242,17
-1,17
-1,15
-1,14
1759,15
-1,15
-1,17
-1,16
8429,15
8257,16
1618,15
7777,16
9219,17
4906,15
-1,17
4896,17
370,15
-1,15
-1,16
-1,15
-1,15
9328,16
-1,15
4987,15
7257,15
5508,17
716,16
6616,16
-1,16
7910,15
-1,15
5182,15
-1,14
2693,16
-1,14
-1,16
3779,15
-1,15
-1,16
-1,15
6809,16
-1,16
5399,17
3691,14
-1,15
-1,16
-1,15
-1,16
727,18
-1,14
3475,15
4674,15
-1,15
-1,16
76,15
-1,15
-1,15
2418,15
-1,16
243,15
-1,15
-1,15
557,16
-1,15
-1,15
-1,15
-1,15
-1,15
2725,16
-1,16
7163,16
5911,16
9995,16
1961,17
3406,14
3668,16
-1,15
3981,15
4005,15
7679,16
1468,17
7056,14
636,16
1903,16
880,17
-1,15
9899,15
387,15
5534,16
-1,15
-1,15
9833,14
1176,16
1847,20
-1,15
-1,15
8283,15
-1,16
6822,17
3994,14
-1,15
-1,14
5024,15
-1,16
9926,15
5413,15
7398,16
-1,14
-1,16
7846,16
-1,15
9686,15
-1,15
-1,14
-1,15
-1,14
-1,15
-1,16
-1,14
-1,15
-1,15
3859,15
-1,15
2819,17
-1,16
-1,15
9295,15
4390,16
-1,15
-1,14
6407,15
2022,15
4472,15
-1,15
9276,17
889,17
1656,17
-1,16
-1,14
-1,15
-1,16
3791,15
4018,17
3158,15
-1,16
2273,15
-1,15
-1,16
-1,14
-1,17
8644,15
-1,15
3157,17
-1,15
9487,15
-1,15
-1,15
3523,15
-1,14
7379,19
6224,16
2302,15
9651,15
-1,15
7677,15
-1,16
-1,14
4384,16
9558,15
-1,15
5042,15
5523,16
4759,16
7716,15
-1,16
-1,16
-1,15
-1,16
-1,16
9865,15
-1,14
-1,15
-1,15
1109,16
-1,16
4169,17
1259,17
8893,15
7836,17
2127,15
1125,16
-1,15
-1,15
-1,15
-1,16
1965,15
7736,16
-1,14
-1,16
7622,17
4179,16
-1,15
-1,16
-1,14
-1,15
5532,16
1069,16
-1,15
-1,15
-1,14
-1,15
-1,14
9346,14
6997,16
3530,15
7620,17
-1,15
-1,14
-1,17
-1,16
-1,15
7148,15
9142,16
-1,17
4623,15
-1,15
-1,14
-1,15
-1,16
6690,15
6404,15
-1,14
-1,15
-1,15
-1,15
-1,16
9996,16
4788,16
5938,17
-1,16
6982,16
-1,15
6428,16
8187,16
1308,16
-1,16
-1,15
210,17
-1,15
2566,17
5989,16
-1,15
3936,16
-1,15
-1,16
-1,15
-1,15
-1,15
-1,15
-1,14
-1,16
-1,16
22,16
6602,15
1551,14
4121,16
6428,15
8397,16
4242,15
-1,15
-1,15
4777,15
8010,16
2992,16
9979,15
-1,15
5109,15
4098,15
9819,16
7885,16
9796,16
-1,15
9701,15
-1,15
5601,17
2751,16
-1,15
-1,15
9070,15
-1,16
-1,15
-1,18
-1,15
-1,16
-1,16
-1,15
-1,15
3432,16
-1,15
-1,15
-1,15
-1,15
-1,15
-1,15
8683,16
-1,16
748,16
9104,15
-1,15
3094,15
-1,16
350,17
-1,15
-1,16
-1,16
3271,15
6084,17
1690,15
-1,16
6428,15
-1,15
-1,15
784,16
4212,15
-1,16
-1,16
-1,16
2558,15
3546,14
-1,15
-1,15
-1,14
8722,15
-1,16
-1,15
7920,16
3815,15
-1,15
3867,16
-1,15
6669,16
-1,15
9941,16
-1,15
3005,15
3811,15
9626,16
-1,17
7606,16
2543,16
134,15
-1,15
7117,16
8493,15
275,16
574,17
1044,15
4483,18
-1,15
-1,16
9974,15
4238,15
-1,15
978,17
-1,15
3103,16
-1,14
-1,15
2092,15
3511,17
3502,16
403,15
-1,15
-1,15
685,16
3940,16
-1,16
9305,16
268,15
6484,17
1385,17
-1,15
-1,16
-1,16
753,15
1631,16
5452,15
3895,14
-1,15
9659,15
1695,15
2526,17
-1,15
-1,15
-1,17
8776,15
5051,17
7815,16
-1,16
2669,15
8303,16
7473,15
-1,16
8184,15
981,16
7556,16
5146,16
-1,16
-1,15
-1,17
3711,15
-1,15
-1,14
-1,14
6057,14
8174,14
-1,15
-1,16
-1,15
606,16
-1,16
-1,16
-1,14
8292,15
-1,15
-1,15
-1,15
-1,14
3104,15
-1,15
6171,16
-1,16
-1,15
-1,15
-1,16
8758,17
9174,17
-1,15
9954,15
502,16
331,16
1199,15
-1,16
7184,16
1,14
3710,16
4402,16
3718,17
4768,16
3589,15
-1,15
-1,15
8447,15
2284,14
1931,17
-1,16
1948,17
8918,15
-1,16
234,17
3251,16
5984,15
-1,17
1129,15
-1,15
-1,16
-1,15
7639,15
5021,16
-1,14
-1,15
8088,16
-1,15
7173,17
9002,17
9939,15
7503,15
-1,16
-1,16
8524,17
-1,15
-1,16
-1,15
7670,16
6852,14
6373,17
8307,15
-1,15
-1,15
8117,18
6439,17
-1,16
-1,17
-1,16
4890,17
-1,17
5422,16
-1,14
1223,15
-1,15
531,14
-1,15
-1,14
-1,16
8080,16
-1,15
-1,15
8372,16
9406,16
2302,16
-1,15
802,18
378,16
-1,15
-1,15
-1,15
-1,15
3647,14
4618,18
6890,16
-1,16
2658,15
-1,17
6926,15
4874,15
6390,16
-1,16
-1,15
-1,15
-1,15
-1,15
-1,15
5804,17
-1,15
-1,15
-1,16
4784,16
2527,15
4748,17
-1,14
3973,15
-1,16
6062,16
-1,16
7934,15
7556,16
9247,15
-1,16
-1,16
-1,14
2511,17
-1,14
-1,16
5611,17
-1,15
6150,16
-1,16
-1,15
-1,15
-1,16
566,14
7553,17
-1,14
3957,16
8762,18
-1,15
-1,15
-1,15
2665,16
-1,16
-1,16
9455,17
6975,17
-1,15
5484,15
-1,17
2613,16
-1,16
-1,15
3059,17
8780,16
-1,15
-1,14
-1,14
1674,16
809,15
5483,16
-1,16
-1,14
2934,15
9033,17
7272,16
-1,15
-1,16
-1,15
3428,17
7258,17
-1,14
496,15
6239,16
545,16
-1,14
-1,14
100,17
-1,15
6286,15
-1,15
9729,15
527,15
4704,16
2938,15
-1,16
-1,17
-1,14
-1,16
772,17
-1,15
-1,16
-1,16
-1,14
-1,17
7962,17
-1,16
6547,17
5235,16
-1,16
-1,16
-1,15
-1,16
-1,15
6944,15
8537,16
3600,15
-1,15
-1,16
-1,14
-1,15
9131,14
5523,16
-1,16
368,16
2155,16
-1,15
7917,16
6608,15
5556,16
778,17
2460,15
-1,15
8299,14
9302,16
-1,16
-1,14
-1,15
-1,16
-1,15
6378,16
8535,15
-1,15
-1,15
4160,15
-1,15
5017,16
-1,14
1069,17
-1,15
-1,14
-1,15
-1,15
8905,16
-1,15
-1,17
-1,17
-1,16
1206,17
8852,17
8030,14
507,15
4756,16
55,16
3121,16
5098,16
8799,16
7746,16
-1,15
-1,15
5696,14
-1,17
3150,16
-1,15
-1,16
2792,16
5957,17
-1,14
-1,14
780,18
-1,15
-1,15
-1,14
7177,15
3930,15
9577,16
9593,16
-1,15
834,16
2371,15
9396,16
5173,15
-1,16
5659,16
3341,16
-1,16
-1,14
-1,15
-1,16
3612,16
-1,16
-1,15
-1,15
1837,15
9927,16
-1,15
616,15
4051,16
-1,14
888,15
-1,15
-1,15
-1,16
7225,19
9773,16
9388,15
-1,16
-1,16
9869,16
-1,17
-1,14
-1,14
-1,15
1865,16
227,14
3704,16
-1,15
553,15
8326,17
-1,15
9039,15
-1,15
5360,15
-1,14
35,15
-1,15
59,16
-1,15
-1,15
-1,14
-1,14
6568,16
-1,15
8221,17
-1,15
-1,17
9244,16
-1,16
-1,16
-1,14
-1,15
6095,15
8254,15
3801,16
2802,15
9665,16
6359,17
-1,15
4461,15
5334,17
6912,17
-1,16
-1,16
97,16
-1,15
-1,15
-1,15
7196,15
-1,17
-1,15
8553,16
8430,16
3624,15
-1,15
6003,16
-1,15
-1,14
-1,15
8242,16
9920,15
3910,15
6984,16
4757,16
-1,16
-1,16
-1,17
5853,16
1644,16
-1,16
-1,15
-1,15
-1,15
-1,16
-1,16
-1,15
4807,15
8096,14
-1,14
3442,15
-1,16
-1,16
7663,17
2351,14
6560,17
-1,15
9673,17
5637,15
-1,16
2488,16
-1,15
-1,16
-1,15
3962,16
-1,15
-1,15
-1,15
5432,16
-1,15
-1,14
8736,16
-1,16
5006,17
7586,16
-1,16
2307,16
-1,15
-1,15
7332,15
-1,15
5307,16
-1,16
-1,14
-1,16
6419,17
-1,15
8434,15
-1,15
3330,13
1032,16
-1,16
1511,16
9047,18
2822,15
-1,16
-1,16
-1,15
6181,14
8733,15
-1,15
9394,16
-1,15
4994,16
4332,16
2202,16
-1,17
6415,16
-1,16
7036,16
-1,14
5547,16
-1,15
-1,15
-1,14
-1,15
9994,16
-1,14
-1,15
5975,16
-1,15
-1,16
6575,17
-1,15
1030,16
8389,16
-1,15
5719,19
7019,16
-1,14
8475,16
-1,16
6761,15
8515,17
4156,17
-1,15
-1,16
8225,18
2909,17
-1,15
1463,14
-1,15
-1,15
323,15
-1,15
6877,15
-1,15
-1,17
-1,14
5313,15
-1,16
4273,16
-1,16
5312,15
-1,15
9221,16
614,16
-1,16
3961,15
-1,15
8746,17
-1,16
-1,15
-1,15
-1,14
-1,14
-1,16
3554,16
-1,17
2913,16
4717,16
9199,16
-1,15
2838,15
4327,15
5328,16
-1,17
-1,16
6596,15
2430,17
-1,15
-1,14
8276,17
-1,15
-1,16
9652,16
-1,18
7529,15
6192,15
-1,15
1560,17
5978,18
-1,15
-1,16
-1,15
2207,15
-1,17
-1,16
407,16
3924,15
-1,14
-1,15
386,15
-1,16
-1,15
-1,14
7731,16
8503,15
-1,15
3761,16
1952,17
-1,14
278,16
7299,17
7678,16
-1,15
8778,16
3996,16
-1,15
-1,15
342,16
-1,16
3055,17
-1,14
9000,15
4519,15
-1,14
-1,15
2027,16
-1,15
7458,15
6650,17
5990,16
7234,16
-1,16
1438,15
-1,17
8823,16
5407,15
1876,15
7471,18
8506,15
1659,17
-1,14
8250,15
801,14
6337,16
3221,15
-1,16
-1,15
-1,15
9197,15
-1,15
-1,17
668,17
-1,15
-1,16
-1,15
7084,16
-1,14
5058,16
-1,16
4695,16
-1,14
2599,16
-1,16
5764,15
9947,18
3712,16
9793,15
-1,16
-1,15
9343,15
-1,16
2482,17
7337,15
5610,16
-1,15
-1,15
444,14
-1,15
-1,15
6683,15
4255,16
-1,14
1538,16
4212,15
8382,16
8754,16
7304,16
-1,14
8482,16
9403,16
1978,15
2233,15
-1,15
715,15
-1,16
-1,14
-1,16
3223,16
6857,15
2969,15
1655,14
-1,17
4511,15
-1,16
-1,15
7538,16
9445,16
1636,16
5072,15
900,16
-1,15
-1,16
-1,15
6116,17
-1,15
-1,15
6708,15
4986,15
-1,15
-1,16
8998,16
1918,15
6533,15
-1,15
1325,16
-1,15
-1,15
-1,16
-1,16
7483,16
7016,17
8144,16
-1,15
-1,15
1619,15
7933,15
5195,15
-1,15
9283,15
3828,17
4523,16
-1,16
5322,17
-1,15
4729,17
-1,14
657,16
7909,17
3648,15
-1,15
-1,15
933,15
-1,16
-1,15
-1,14
-1,15
-1,16
-1,15
6616,18
5424,15
-1,16
4779,15
-1,14
4776,16
413,17
8090,16
-1,15
7275,15
-1,15
-1,14
-1,15
-1,15
-1,15
-1,15
2417,17
6268,15
715,15
1814,16
-1,16
-1,15
9929,16
2736,15
2632,16
7117,17
3115,16
2130,16
7511,15
-1,14
9040,16
-1,16
643,16
-1,16
-1,15
7192,15
8431,16
1596,15
-1,14
-1,14
6033,15
-1,15
-1,15
1140,16
7414,16
-1,15
8599,14
1785,16
629,16
-1,15
6014,16
3301,15
-1,15
-1,15
7689,16
9523,16
509,16
9281,14
-1,15
-1,15
6284,15
8278,17
2679,16
8840,15
2738,17
4950,14
-1,16
4246,16
3683,16
-1,15
5938,15
8180,17
7704,15
72,16
3118,15
1578,16
7141,16
2752,14
6132,17
5917,17
-1,15
2109,15
-1,16
-1,14
2825,15
766,15
-1,16
-1,15
5208,15
-1,15
2616,16
6179,16
-1,15
8309,16
1574,15
-1,16
-1,15
678,18
6206,14
6707,16
-1,16
-1,16
5130,17
-1,15
-1,15
-1,15
-1,15
-1,17
-1,15
7645,16
6233,18
9369,15
4889,14
9256,15
-1,14
4679,15
-1,15
-1,16
2264,17
8450,16
1962,16
-1,16
-1,15
7929,14
-1,14
-1,15
5095,17
-1,16
5920,16
-1,15
-1,15
-1,15
8902,16
-1,14
6834,16
-1,16
-1,16
6486,14
881,15
3524,15
-1,16
6779,15
-1,16
2655,16
-1,15
160,16
7227,15
5427,16
-1,16
-1,16
-1,15
-1,15
6994,15
-1,15
2194,16
4736,15
-1,15
-1,15
843,15
-1,14
1607,15
-1,15
-1,14
7845,15
3020,16
9271,16
-1,15
7541,14
-1,17
1512,16
-1,14
1110,16
-1,15
-1,17
9125,17
-1,14
-1,15
9883,16
6305,15
1416,15
6703,16
-1,15
199,16
3757,16
3383,15
5345,16
9189,16
8745,15
652,16
8750,15
9018,15
2480,15
-1,16
-1,16
9320,15
3155,17
3287,15
8923,17
-1,15
7513,16
-1,16
4043,17
2171,16
5405,16
2101,17
-1,15
7042,16
-1,15
-1,15
-1,15
626,14
-1,15
4058,16
6126,15
2266,16
-1,15
-1,14
9648,15
-1,16
6413,17
-1,16
-1,17
-1,15
-1,16
9226,17
5724,16
7805,16
-1,14
-1,15
9083,16
-1,16
-1,15
4425,15
7227,15
-1,15
9591,18
3885,17
-1,15
6516,17
-1,15
5808,16
4122,15
-1,15
5612,17
4037,15
3560,17
2467,16
-1,15
160,16
6908,15
1324,15
-1,15
-1,15
2546,16
6035,16
-1,15
9781,16
6670,15
-1,16
5115,15
1588,15
4993,16
-1,14
1736,15
-1,15
6256,16
-1,15
-1,16
1157,17
3575,18
-1,15
-1,15
-1,15
797,15
2001,17
7947,17
3514,18
-1,16
9422,16
-1,15
1550,15
-1,15
-1,16
-1,15
-1,16
3858,15
-1,15
3527,14
259,15
6787,16
7107,15
-1,13
-1,15
4326,17
-1,15
-1,15
682,14
6630,15
7628,15
5140,16
7659,16
-1,15
8433,15
-1,15
3528,15
-1,17
7950,16
-1,16
-1,16
7993,16
-1,14
278,17
-1,15
4938,16
9051,15
-1,17
102,14
9568,16
9505,15
-1,14
1013,15
-1,15
-1,14
-1,14
2194,15
-1,15
-1,15
6321,15
4945,16
2443,16
1212,16
-1,15
-1,15
2501,15
6358,14
-1,16
-1,15
6983,17
3932,15
-1,15
3452,15
1373,14
-1,16
-1,15
189,15
3044,14
4420,18
655,15
-1,16
-1,14
5034,15
9459,15
4666,15
-1,15
3170,16
8123,15
-1,15
1301,14
5400,15
8444,15
-1,16
-1,15
4731,16
-1,15
5764,15
-1,15
-1,16
8656,15
-1,16
2150,17
-1,14
-1,15
-1,17
-1,15
-1,15
5362,17
7566,16
743,16
6104,15
2929,18
-1,14
6788,16
425,15
1240,15
-1,16
-1,17
-1,16
853,17
-1,17
-1,14
6690,16
-1,15
3595,15
-1,16
-1,15
622,17
5103,17
-1,15
2828,15
5252,14
-1,15
6267,16
-1,16
7368,15
-1,16
-1,14
5364,15
3519,16
2441,15
-1,15
-1,14
4192,15
-1,14
433,16
-1,16
5310,15
-1,15
-1,15
-1,16
2746,15
-1,15
-1,16
4372,16
8192,17
-1,15
8503,16
1536,18
-1,15
2689,17
-1,15
-1,15
2159,15
2669,16
-1,15
410,15
-1,14
-1,14
-1,14
3490,16
-1,15
5847,19
2371,15
8634,16
-1,15
-1,16
-1,15
9252,16
-1,18
-1,15
8458,17
716,14
307,15
9183,14
-1,15
-1,16
9680,16
-1,16
-1,16
-1,17
4908,15
1030,15
5326,16
4168,15
2721,14
3990,17
6192,17
-1,15
-1,15
3439,16
-1,17
6900,15
-1,16
-1,15
-1,16
-1,15
-1,15
-1,15
696,14
9305,15
5127,15
191,15
2056,16
6351,18
-1,16
-1,15
4357,16
706,16
5551,16
-1,15
-1,15
3303,16
-1,15
603,16
6117,15
-1,14
5372,17
-1,15
-1,16
5392,15
4804,17
5264,15
2255,16
-1,15
9622,16
-1,14
2645,15
6573,17
-1,15
-1,15
-1,16
-1,15
4755,15
-1,15
2726,16
6931,16
-1,15
-1,15
-1,16
3884,17
-1,16
9351,15
3546,15
-1,14
9949,16
8843,16
7494,17
7255,17
9042,15
7060,15
-1,15
433,15
-1,16
2954,15
6224,15
199,16
-1,17
-1,15
-1,14
6905,18
9158,15
-1,16
1902,18
-1,16
-1,15
9577,15
-1,15
-1,16
6290,17
6461,16
-1,14
-1,14
-1,15
-1,14
-1,17
5750,16
9226,15
4009,15
7457,17
-1,17
-1,18
-1,15
-1,15
-1,17
1205,15
8300,15
4553,15
1060,16
-1,16
-1,15
6794,15
-1,14
4933,17
-1,16
8184,15
-1,16
-1,16
-1,16
-1,15
613,16
4126,15
874,15
-1,15
6596,16
1356,16
9435,15
2113,19
7917,16
-1,14
6646,17
7984,15
7671,15
3810,15
-1,16
6816,16
3335,15
-1,15
404,16
3616,16
6800,15
-1,15
-1,14
-1,16
2541,17
-1,16
1657,15
9880,16
-1,15
4813,15
-1,15
-1,16
-1,15
8092,15
6784,15
5751,18
906,15
8034,16
2066,16
-1,14
708,15
-1,15
-1,15
7361,17
4202,15
3691,17
-1,15
-1,15
-1,15
-1,15
313,17
-1,15
9371,15
7741,15
7144,16
8083,14
9849,15
9145,16
2198,16
5038,15
-1,15
6012,16
4498,15
-1,15
4272,17
-1,15
-1,15
338,15
-1,17
4904,17
-1,15
-1,15
-1,15
4370,19
54,17
2130,16
-1,15
9760,15
1297,16
-1,15
4657,16
8444,16
8297,17
-1,15
2485,19
4858,15
8154,16
1258,15
-1,15
8315,15
-1,15
4213,15
5214,15
3246,15
3754,16
7274,17
3341,17
4877,17
-1,15
-1,14
-1,15
-1,15
9353,17
-1,16
7249,15
7931,17
-1,15
9165,17
-1,15
1859,16
-1,15
9104,16
9786,16
3634,16
848,15
7861,17
302,17
-1,16
-1,15
3621,16
-1,15
168,15
-1,15
7876,15
7923,15
-1,15
9747,16
-1,16
-1,15
4477,15
-1,15
3191,16
-1,16
-1,14
783,16
6960,17
5351,16
-1,14
-1,16
-1,18
6294,15
3651,18
2312,16
217,14
-1,16
2276,16
9523,17
4184,16
5210,16
7576,17
5694,15
-1,15
-1,15
9087,17
7896,15
5506,16
-1,14
5203,17
-1,15
-1,16
292,16
2523,15
6833,16
-1,15
-1,15
1239,17
-1,17
-1,15
1070,15
5869,15
-1,16
6326,14
2701,16
5493,17
-1,15
-1,15
7971,16
5761,16
-1,16
-1,15
6684,15
7079,16
3360,17
-1,16
1541,17
-1,15
-1,15
-1,16
-1,15
-1,15
-1,15
7294,16
6941,15
5018,16
-1,17
2079,15
-1,15
-1,17
511,15
9846,15
4150,18
5050,16
3962,16
4237,17
-1,16
-1,15
-1,16
2233,16
2396,16
-1,16
-1,15
-1,15
-1,15
9494,16
-1,16
-1,15
4320,16
-1,15
-1,15
-1,16
483,15
-1,15
1127,15
-1,15
4045,14
-1,15
3178,16
-1,15
4258,16
4362,16
9298,15
5511,16
9898,16
6490,16
-1,16
7598,16
-1,15
4603,15
1831,16
5518,16
-1,15
8887,16
4357,19
-1,16
-1,16
4441,16
877,14
831,16
-1,15
1845,15
5031,16
-1,15
9087,16
893,15
-1,16
7424,17
5398,15
4526,16
3916,17
-1,15
4598,16
-1,15
7964,17
-1,15
3242,14
7717,15
1020,18
-1,15
-1,16
113,16
5421,15
-1,17
2292,16
-1,15
933,15
9718,16
-1,15
897,17
-1,14
2654,15
-1,14
2443,16
-1,15
1172,17
-1,15
8766,15
3531,16
73,16
4311,16
-1,15
6385,16
-1,16
4668,17
3879,18
-1,16
5854,15
8142,16
5337,15
-1,15
-1,15
531,16
7883,16
5787,18
1908,16
-1,16
-1,15
7921,16
-1,15
1469,15
-1,16
-1,17
-1,15
-1,15
-1,15
5106,16
2,15
5875,17
8829,16
-1,14
-1,16
-1,15
-1,16
-1,15
9491,16
-1,16
7479,15
3746,17
-1,15
6938,15
1467,15
9554,15
-1,14
-1,16
-1,16
-1,15
6423,15
5688,15
4038,16
-1,16
-1,15
3617,17
9329,15
-1,14
-1,15
6392,17
-1,17
-1,15
-1,16
-1,14
-1,16
5427,15
252,16
-1,16
-1,14
-1,15
-1,16
-1,15
5947,17
-1,15
-1,15
-1,16
-1,15
9621,13
6139,15
-1,15
6881,16
-1,15
-1,15
3465,18
3621,17
8740,15
5078,17
-1,16
7057,19
8626,16
-1,15
5847,16
5071,15
-1,15
2893,16
-1,14
-1,15
1100,16
-1,15
8409,17
5689,16
8766,15
-1,14
-1,15
8146,16
-1,15
-1,16
975,16
8933,15
2091,14
-1,15
-1,16
-1,15
-1,16
-1,15
7422,15
-1,15
7927,17
-1,15
5848,15
8483,16
-1,15
-1,15
9702,14
4703,15
-1,16
3815,14
-1,15
268,17
-1,17
9734,16
-1,15
-1,16
847,15
5351,17
-1,16
-1,16
-1,15
1714,18
8884,14
-1,15
-1,16
852,14
-1,15
-1,16
6730,15
-1,14
5707,16
-1,14
257,15
-1,14
6842,16
8041,15
-1,16
-1,16
2154,15
5057,19
8555,15
-1,16
2588,17
5149,14
-1,17
3310,16
-1,16
8325,15
-1,15
-1,15
4050,15
-1,16
-1,16
-1,15
-1,15
-1,17
2752,16
-1,15
-1,16
1224,16
4432,15
-1,16
-1,16
-1,14
8034,17
-1,16
-1,15
4766,15
462,15
5268,14
122,16
3010,16
5930,16
-1,15
-1,16
-1,15
2402,16
5699,16
3630,15
-1,15
-1,15
-1,15
-1,16
-1,15
6305,16
-1,15
-1,14
162,16
8905,15
-1,15
8111,16
5130,16
2349,18
3901,16
6994,15
-1,14
-1,15
6184,16
2408,15
-1,16
5740,16
9794,15
-1,15
-1,15
-1,15
-1,16
-1,16
-1,16
-1,14
9366,16
3461,15
1211,15
-1,15
2650,16
-1,15
8427,15
4414,16
4256,15
2642,15
957,16
2285,16
5661,15
8791,16
-1,16
7509,16
-1,15
-1,15
-1,15
-1,15
9018,16
-1,14
-1,15
-1,15
-1,15
-1,15
-1,16
1026,16
-1,17
-1,15
-1,15
3575,16
9421,17
6906,15
7042,15
-1,15
8144,16
-1,15
-1,15
5884,15
-1,15
5726,17
-1,14
-1,15
-1,15
8783,15
9207,14
-1,15
-1,16
2883,16
1092,17
-1,14
-1,15
3595,15
-1,15
-1,15
-1,15
1926,15
9485,15
-1,17
-1,15
6615,16
-1,14
-1,14
4860,16
-1,15
1602,18
8768,16
-1,16
-1,16
-1,16
1045,15
7548,17
9796,16
7261,16
-1,16
6636,15
9899,16
2124,14
3308,16
4348,17
7900,16
-1,16
4948,17
4154,16
9039,14
-1,17
2487,16
6492,17
8968,15
8844,15
-1,15
3483,15
-1,16
-1,15
3503,16
6644,16
-1,14
4699,16
3310,16
-1,16
-1,16
4992,17
-1,14
-1,15
-1,14
-1,15
2659,16
7829,17
6351,16
6358,15
-1,14
6923,17
9251,17
-1,15
-1,14
8849,17
2731,15
-1,15
8057,17
-1,14
4680,16
-1,15
3098,16
-1,18
-1,15
-1,14
5272,18
-1,16
4737,15
7281,16
-1,17
7101,17
-1,15
8137,17
9561,15
-1,15
-1,15
-1,16
1694,16
8319,14
-1,15
-1,16
6377,14
-1,16
4081,16
4961,16
-1,15
-1,16
9864,15
9184,16
996,15
5404,16
3261,14
-1,15
-1,15
3227,16
6167,15
-1,14
-1,14
-1,14
8046,17
-1,15
2821,16
5747,18
5395,16
-1,14
9982,17
1039,14
-1,16
6261,16
3208,15
7768,15
2432,15
1631,15
-1,17
-1,14
896,16
716,15
1998,16
3310,15
3194,16
-1,16
-1,14
3295,16
-1,15
-1,15
-1,16
5939,15
2370,15
-1,15
-1,16
-1,16
1806,15
-1,15
-1,16
-1,16
-1,17
-1,14
1188,17
6695,17
6515,15
2330,18
-1,16
3678,16
-1,16
8859,16
810,17
5167,18
9944,16
-1,15
3084,15
-1,14
2708,15
2500,14
959,15
5570,15
9809,15
958,16
-1,15
6065,15
2296,15
-1,15
-1,15
2750,15
-1,16
-1,15
-1,16
770,16
2928,17
9929,15
6311,18
-1,15
-1,17
8055,15
9463,15
-1,15
864,16
5638,15
3811,16
-1,15
7394,15
8945,16
2102,15
8388,17
-1,16
-1,15
7799,16
3188,16
5156,16
-1,16
-1,14
8364,15
-1,15
-1,15
8454,16
8436,15
2826,16
4715,17
485,15
9643,16
8555,16
-1,15
-1,16
7038,17
-1,15
-1,15
4483,16
-1,14
-1,15
-1,15
-1,15
-1,15
2648,15
-1,15
-1,14
-1,16
3204,16
1919,16
9610,14
6983,16
1931,16
3667,15
-1,17
-1,15
2880,17
6600,15
-1,15
404,15
-1,15
-1,14
-1,17
-1,16
-1,17
-1,14
5669,16
8301,16
5635,18
-1,15
-1,16
-1,15
-1,13
7068,18
6738,16
6627,18
-1,16
-1,14
-1,15
4379,17
4606,15
-1,15
-1,15
-1,15
4050,15
1397,17
-1,17
2878,15
-1,15
6773,16
-1,16
-1,15
-1,15
-1,15
3931,16
-1,16
-1,15
3602,16
2878,15
3996,17
3824,16
320,17
9451,15
5251,15
-1,15
3801,16
-1,14
-1,15
-1,15
2323,15
-1,15
7258,15
-1,14
1668,14
-1,15
2128,16
9822,16
-1,15
-1,15
-1,15
-1,16
183,16
3072,15
-1,17
-1,15
-1,15
-1,14
5041,16
4899,15
-1,16
-1,15
5706,15
-1,15
-1,15
-1,15
8198,15
-1,15
817,16
-1,15
1811,16
-1,14
1270,15
-1,15
8720,17
551,16
4031,15
-1,15
-1,16
-1,15
7460,15
-1,15
5369,15
7912,16
3246,15
5799,17
8618,15
-1,16
-1,15
7844,15
-1,14
-1,16
-1,16
-1,16
-1,15
-1,16
4033,16
-1,15
5889,17
9861,16
-1,15
-1,15
8805,17
-1,16
-1,15
-1,15
1749,16
-1,15
-1,16
-1,16
-1,15
-1,15
5234,15
-1,16
7690,16
-1,16
-1,14
2479,16
4624,14
9413,17
1903,16
-1,15
167,15
-1,16
4268,15
3956,15
-1,15
-1,16
-1,15
-1,17
-1,15
5662,15
3147,15
-1,15
8155,15
4660,17
6562,15
6539,15
4820,15
8505,17
8339,15
-1,15
-1,15
4680,15
4224,15
2602,17
3384,16
-1,16
5457,15
4271,16
8561,15
-1,15
2001,15
-1,14
-1,15
-1,17
1802,15
-1,15
-1,16
5453,14
-1,16
1797,16
-1,14
1254,15
5374,16
-1,15
-1,16
-1,15
-1,14
-1,17
-1,14
1741,16
-1,15
-1,17
-1,15
-1,15
5927,16
-1,14
3540,16
-1,16
9583,16
1184,15
5641,15
1135,15
-1,14
-1,16
6645,15
3959,14
7258,16
-1,15
-1,17
6153,17
-1,16
5129,16
8624,17
-1,14
3341,15
-1,15
8918,16
1790,16
-1,15
6163,15
-1,17
-1,16
-1,16
5637,15
6285,15
1086,15
-1,18
7488,16
4451,16
-1,15
-1,16
-1,15
984,15
2030,17
7350,16
8535,17
-1,14
7861,15
1262,14
-1,15
-1,16
-1,16
9439,17
-1,15
9258,15
398,16
-1,17
-1,16
3276,16
-1,15
-1,16
6553,15
-1,16
5398,15
-1,17
4593,17
-1,14
4651,16
9990,15
8410,16
-1,16
2970,17
-1,16
3684,15
4212,18
-1,16
7802,15
-1,15
-1,15
3210,17
-1,15
-1,14
-1,15
-1,15
-1,15
-1,15
333,16
-1,15
9298,16
7959,15
6826,14
5164,17
596,16
-1,15
-1,16
-1,16
-1,16
3232,14
-1,16
499,15
6214,17
8882,16
-1,15
1627,16
5976,15
-1,16
9055,15
-1,14
8060,17
-1,15
3331,18
-1,16
9036,16
5163,15
-1,16
7496,15
9703,16
-1,16
-1,15
2232,16
9458,16
-1,16
256,16
2833,16
-1,16
-1,15
-1,16
2392,15
8791,16
5579,17
3367,16
-1,15
-1,14
-1,15
3689,15
-1,16
1784,16
2425,14
808,17
-1,14
-1,16
4872,17
-1,15
1325,15
-1,14
5390,17
-1,15
-1,15
-1,15
1648,17
-1,15
-1,15
-1,15
5236,16
2577,16
-1,15
7341,16
1305,16
5112,16
-1,14
6764,15
2360,17
4059,15
-1,16
5841,16
6161,15
6689,15
-1,15
4938,17
7984,15
-1,16
-1,16
503,19
-1,16
9964,16
-1,14
5365,15
9821,16
-1,16
62,15
6704,17
-1,16
-1,15
432,16
-1,14
1279,16
-1,13
-1,14
3959,16
6212,16
-1,14
-1,15
-1,16
6871,15
-1,15
3039,17
-1,14
-1,16
6436,19
9518,16
9750,17
8495,15
-1,17
-1,15
4121,16
-1,15
-1,16
9923,16
8689,16
4246,17
-1,15
-1,17
-1,15
5221,17
-1,15
-1,15
9885,16
-1,16
4440,15
7609,15
8148,18
-1,15
4717,16
-1,14
-1,16
-1,16
-1,15
-1,15
-1,14
1774,16
2132,16
1200,16
6608,17
-1,15
-1,15
-1,15
1678,15
1433,15
-1,15
9834,17
-1,15
9773,16
-1,14
3172,15
-1,16
-1,17
1612,16
-1,15
200,15
6425,16
-1,16
-1,17
5592,17
123,15
4731,15
3060,16
-1,15
-1,15
-1,16
-1,17
9168,15
-1,16
-1,16
2237,14
-1,15
-1,16
1267,16
-1,16
-1,15
2733,16
-1,15
6586,16
9334,16
-1,16
2984,16
9939,15
-1,14
-1,15
-1,15
2698,16
-1,16
-1,15
1552,16
587,14
-1,15
776,16
5164,16
-1,15
-1,15
158,15
7066,16
-1,16
91,16
2616,16
-1,14
-1,15
-1,14
-1,14
6007,16
8938,16
8699,15
9598,16
4065,16
-1,16
4554,17
7985,16
4386,17
8115,15
5908,15
-1,16
1268,17
399,16
6756,15
-1,16
7867,15
6055,17
-1,16
-1,16
-1,15
5443,15
8012,17
-1,14
5028,16
-1,15
-1,16
-1,16
-1,15
5819,17
-1,15
5441,15
3088,15
-1,16
2903,15
4625,17
-1,14
2839,15
9878,15
3793,16
-1,16
43,16
-1,15
-1,16
7385,16
-1,15
4349,15
-1,16
-1,15
-1,15
-1,17
9490,14
5234,15
-1,15
7847,15
5479,17
-1,16
-1,15
-1,15
-1,15
2784,16
4364,15
8891,14
7498,17
-1,14
-1,15
-1,16
-1,15
487,16
-1,19
937,15
-1,15
-1,15
1627,16
6002,15
-1,16
7117,17
-1,15
5476,16
4910,16
-1,17
8588,16
-1,15
119,16
8552,15
-1,15
-1,16
2676,14
-1,15
-1,18
-1,15
8902,16
-1,15
4989,17
-1,15
4667,16
-1,15
4508,16
2689,17
-1,15
2101,16
-1,15
6958,15
7598,16
-1,15
-1,15
-1,16
-1,15
8621,16
-1,15
-1,15
-1,16
-1,15
510,15
5027,16
-1,15
5210,15
3085,16
7622,16
-1,14
-1,15
-1,15
-1,14
3930,16
9093,15
-1,17
-1,15
-1,15
-1,15
705,16
-1,15
-1,15
-1,15
1535,16
-1,16
-1,15
2679,15
6145,15
-1,15
2802,16
-1,15
5318,15
2317,15
-1,15
7067,16
-1,16
-1,17
1026,16
-1,15
1359,16
-1,15
-1,15
5471,16
972,15
7832,17
5554,16
9123,15
203,16
-1,18
-1,16
-1,16
298,16
-1,15
9766,15
4085,15
6601,14
104,16
-1,15
-1,15
-1,15
5706,15
-1,15
-1,14
-1,16
-1,16
7029,15
-1,15
5978,16
7008,18
-1,15
-1,15
-1,17
-1,16
-1,15
-1,16
-1,14
3967,15
2829,15
5077,16
-1,15
895,16
-1,15
-1,15
5602,15
-1,16
-1,16
843,14
-1,15
-1,15
-1,15
9707,15
826,15
900,15
-1,15
-1,14
-1,15
377,17
-1,16
534,15
9083,15
4391,15
7074,16
1816,16
4295,14
646,16
-1,15
-1,15
9843,15
-1,15
-1,15
-1,14
203,16
-1,15
8501,15
5844,17
5929,17
5307,15
2772,17
-1,15
-1,15
-1,15
-1,14
-1,17
153,15
-1,14
-1,16
-1,15
-1,15
4838,16
-1,15
4050,15
-1,15
-1,17
-1,15
8939,16
-1,15
1158,16
5560,15
6918,16
-1,15
3036,18
5849,17
-1,15
5207,16
-1,15
-1,14
-1,19
-1,15
-1,17
5910,16
-1,15
8098,15
4772,15
-1,14
-1,16
-1,16
8328,15
6190,15
5522,15
-1,16
-1,15
-1,14
-1,16
8954,15
-1,15
6461,16
-1,17
7674,15
4072,16
6095,15
-1,14
8579,14
-1,15
3631,16
6050,15
5395,14
7038,16
-1,15
-1,16
-1,16
1532,16
3236,17
-1,14
9945,15
-1,16
4667,18
5752,16
-1,14
-1,16
-1,14
-1,16
9444,15
-1,15
-1,16
3600,17
-1,15
1495,16
6419,17
2442,16
-1,15
1965,15
958,16
6902,18
-1,16
-1,16
9401,17
-1,16
4426,15
2367,16
2978,17
7756,17
8237,17
-1,16
4641,15
6086,16
8810,16
-1,15
-1,17
-1,16
2420,17
-1,16
5576,16
499,16
-1,15
-1,15
8075,16
-1,15
9458,15
4332,14
8224,16
5827,15
3001,16
955,15
-1,16
-1,15
1127,16
5095,18
-1,15
4372,15
2915,14
7508,15
-1,17
3448,15
-1,16
9945,15
1283,15
-1,15
-1,15
-1,15
8254,16
-1,14
-1,15
-1,17
-1,15
9482,16
777,16
-1,15
-1,16
-1,16
5904,14
-1,15
4794,15
3858,16
-1,15
9422,16
-1,15
4512,15
498,15
381,16
-1,15
-1,15
8065,14
-1,16
8404,17
-1,16
5416,17
-1,15
4008,15
-1,15
-1,16
1023,16
4788,17
-1,16
2064,15
7103,16
8426,14
-1,15
-1,15
8195,16
-1,15
4194,16
-1,15
9849,15
-1,17
-1,18
4528,15
2770,16
-1,15
755,15
-1,16
193,15
-1,15
-1,15
-1,16
6995,16
2742,16
4535,14
-1,15
2107,16
4095,16
-1,16
2985,15
4995,16
-1,15
4241,16
-1,16
-1,16
-1,16
-1,15
-1,15
896,17
-1,14
4554,17
-1,14
5239,17
7581,16
3568,15
-1,15
-1,16
-1,15
-1,16
496,16
3375,16
8177,15
-1,16
1984,16
-1,16
-1,14
-1,17
-1,15
3369,17
-1,16
-1,15
6624,19
5854,18
-1,14
-1,15
-1,16
6210,15
5636,15
-1,16
-1,16
7236,15
-1,15
-1,15
6644,15
9491,17
-1,15
-1,14
2725,16
-1,16
-1,15
3590,17
-1,15
-1,15
3473,16
500,16
7002,17
6183,16
9075,16
3039,18
-1,17
445,15
688,16
-1,16
-1,15
-1,14
2489,15
-1,15
2504,16
-1,16
-1,16
3692,16
-1,15
4768,14
8766,15
-1,15
3248,15
4403,16
7591,15
5425,15
-1,15
7642,16
5893,15
4672,16
3628,15
4933,16
4056,15
-1,17
-1,15
-1,15
-1,16
-1,15
-1,16
-1,15
-1,15
6436,16
-1,16
1679,15
1104,16
-1,16
2515,16
-1,16
-1,15
7914,16
-1,17
-1,15
9596,17
-1,15
-1,15
-1,16
-1,15
-1,15
-1,15
5685,16
-1,16
-1,16
474,16
7808,18
7243,15
-1,16
-1,15
1233,15
-1,14
5600,14
4660,17
1642,17
-1,16
-1,15
8331,15
-1,15
-1,15
3047,16
-1,15
-1,15
7469,18
-1,15
9905,14
-1,15
9546,15
4823,16
-1,16
2981,15
2999,17
-1,14
-1,16
4172,17
-1,15
-1,15
-1,15
3911,15
-1,16
7952,16
-1,15
2428,17
6981,15
5264,18
4150,15
-1,15
5718,14
-1,15
8107,16
-1,15
-1,17
-1,16
-1,15
8922,16
1755,16
7406,18
-1,15
9221,15
3720,15
7434,16
-1,15
-1,14
-1,15
-1,15
311,14
1362,15
4118,16
1545,16
-1,16
-1,16
-1,14
-1,17
4908,16
-1,15
5750,16
-1,14
8008,15
6396,16
-1,16
-1,14
-1,15
8775,15
-1,15
4172,15
3088,17
4078,16
2820,15
-1,15
585,16
8548,15
3005,14
8236,17
-1,14
133,16
-1,15
-1,16
7487,15
2895,15
-1,17
-1,16
6044,16
-1,15
-1,15
8414,15
-1,15
-1,15
-1,17
9332,15
-1,15
8893,18
-1,15
8678,17
9081,18
-1,15
-1,15
2315,15
6287,15
9623,16
-1,14
6681,15
3300,16
5949,16
696,16
2461,17
2583,16
8606,15
-1,15
4631,15
-1,14
-1,15
-1,17
3682,18
-1,16
-1,14
-1,15
6005,14
-1,16
7877,17
-1,15
-1,16
-1,16
-1,15
-1,15
-1,15
4145,15
-1,16
-1,15
7886,16
8987,14
5653,17
2748,16
-1,14
-1,15
-1,15
-1,15
7610,16
-1,16
1281,15
-1,15
-1,16
1304,16
1306,15
-1,15
-1,14
9475,18
5764,18
9847,17
540,17
-1,15
2411,16
5881,16
-1,15
3535,16
-1,16
3162,16
-1,16
8025,16
3576,17
788,17
-1,15
1770,16
4425,16
6970,16
-1,17
5954,15
4737,15
6922,17
9811,17
8415,16
6857,15
-1,15
7999,17
8522,15
5520,15
-1,15
1620,16
-1,16
-1,15
8310,15
-1,15
-1,15
-1,15
6237,15
-1,15
7736,15
-1,14
4189,16
2809,15
6753,15
6355,15
7558,15
-1,14
-1,15
503,15
-1,14
7880,15
-1,15
9540,16
-1,15
5831,18
9867,16
2913,16
3297,15
8833,15
-1,16
9941,15
7201,16
4838,16
-1,17
-1,15
7737,15
7875,15
-1,16
7235,15
-1,15
-1,14
6297,16
6159,16
8091,15
-1,16
-1,16
-1,15
-1,16
-1,17
-1,15
6542,15
7482,15
-1,15
-1,16
6581,16
-1,15
-1,15
9474,15
-1,16
-1,15
7361,17
-1,14
1389,17
-1,15
7602,17
7979,16
3309,14
-1,15
-1,16
-1,15
4053,15
-1,16
7791,16
-1,15
5222,15
8892,17
-1,15
-1,15
-1,17
-1,16
3445,16
5558,16
8784,17
7825,15
7256,16
4179,16
5212,16
-1,15
1391,15
-1,14
-1,16
8742,16
3591,15
5172,17
6071,15
5258,15
-1,15
6983,15
-1,16
-1,15
7571,16
7347,15
4174,16
-1,13
-1,15
-1,14
8686,17
2035,17
-1,15
-1,15
6677,15
-1,16
4182,16
988,16
4064,17
9964,16
-1,14
-1,15
3899,16
6645,16
-1,15
-1,15
9978,15
-1,14
3260,16
-1,16
-1,14
7026,16
1881,15
-1,16
-1,16
1185,15
-1,15
1537,15
-1,16
960,15
1440,18
4298,16
4392,15
5150,15
3912,16
-1,16
3502,15
-1,15
-1,16
-1,16
-1,15
2548,16
6767,17
-1,15
-1,14
3184,17
6778,17
-1,15
3322,17
5700,16
-1,15
-1,15
-1,17
-1,15
-1,15
7203,16
1998,16
-1,17
-1,16
-1,16
7430,16
-1,16
-1,16
-1,15
-1,15
-1,15
-1,15
-1,16
1787,15
-1,17
6628,17
9429,16
-1,16
2273,17
-1,15
7389,16
9305,16
-1,16
9710,16
9660,16
-1,15
-1,15
4533,15
-1,16
6320,16
7412,16
-1,16
-1,14
-1,15
-1,15
8542,16
604,16
1369,15
-1,14
5718,17
-1,15
-1,15
-1,15
-1,15
1195,14
8781,15
3286,16
-1,15
5221,16
-1,14
-1,17
-1,15
-1,14
-1,15
-1,16
941,16
7497,15
-1,15
4415,16
9227,18
-1,16
-1,16
-1,14
2194,15
-1,16
-1,16
590,16
-1,15
9021,17
3826,16
-1,17
-1,15
9618,16
-1,15
-1,15
-1,16
5189,14
1787,16
502,16
6119,16
-1,15
-1,15
-1,18
-1,16
7685,16
4550,16
-1,16
-1,16
2406,16
-1,14
-1,14
6381,16
9737,17
-1,15
-1,15
-1,14
8692,15
583,17
1455,15
-1,16
5680,16
1748,16
5951,15
-1,16
-1,17
-1,16
4842,16
5487,15
-1,15
-1,17
-1,16
-1,16
-1,15
6189,15
-1,15
4934,14
-1,16
1099,15
9883,16
8085,16
128,16
-1,15
-1,15
7323,14
1523,19
712,16
-1,16
6592,17
6,17
-1,15
-1,15
-1,16
-1,18
-1,15
-1,15
-1,14
4395,17
-1,16
-1,15
-1,16
739,16
-1,16
-1,16
1803,16
2297,16
-1,15
-1,15
2183,16
5872,16
-1,15
-1,15
9667,14
9575,15
4493,16
-1,16
-1,15
-1,15
-1,16
-1,16
-1,15
-1,15
4270,16
4391,17
-1,17
5992,14
-1,15
-1,15
9638,17
2303,16
4243,16
697,17
1476,17
4669,16
-1,14
434,15
3967,16
-1,15
5313,16
7597,15
-1,15
6759,17
-1,15
9560,15
4585,15
2313,15
7223,16
1140,15
4063,17
-1,15
7425,15
-1,15
7858,17
9935,14
3741,16
-1,16
-1,14
-1,15
-1,14
4124,16
9504,18
4874,15
-1,14
9177,14
4014,15
-1,16
5429,15
-1,16
-1,15
200,15
-1,14
5517,16
7033,15
-1,15
-1,15
-1,15
-1,16
-1,15
-1,16
9284,16
-1,15
-1,15
-1,15
-1,15
-1,16
6715,17
6971,15
569,17
-1,15
-1,15
-1,16
4230,15
-1,15
1943,16
9348,17
-1,15
-1,15
-1,15
8487,15
864,18
221,15
-1,15
-1,16
4831,16
-1,14
-1,16
3719,15
-1,15
-1,15
-1,15
3681,14
-1,15
-1,14
9461,15
-1,15
-1,15
3768,15
1127,15
809,15
-1,15
9386,16
5971,15
-1,15
8376,15
-1,15
-1,15
-1,16
2944,16
6857,15
-1,16
-1,15
-1,15
5481,15
1368,15
-1,15
-1,15
9751,17
-1,14
-1,15
5471,17
7715,15
4170,14
-1,16
6638,16
1859,16
2311,16
7484,15
9915,15
-1,15
-1,13
-1,16
-1,16
2288,16
-1,16
9984,16
-1,15
4310,18
-1,16
-1,16
5166,16
-1,15
-1,17
4260,15
624,16
9562,16
4027,16
9339,16
-1,15
503,16
-1,15
6876,18
5879,16
-1,15
-1,15
1299,17
-1,15
-1,17
-1,15
-1,16
-1,15
7976,16
5562,16
-1,15
8663,15
-1,15
-1,17
-1,16
1675,17
-1,15
7689,17
-1,14
7853,15
2326,17
1935,16
7849,15
-1,14
-1,15
-1,16
-1,15
-1,16
4425,15
9294,16
7944,17
7331,16
-1,16
9764,15
-1,15
3529,16
-1,15
3536,16
7683,14
9631,16
6334,16
-1,15
-1,16
5058,15
4625,17
8722,15
4724,16
5086,15
8903,15
2501,15
-1,15
4136,15
3388,16
-1,15
-1,15
-1,16
7001,15
8,15
1708,16
-1,15
-1,15
-1,16
-1,16
8544,16
-1,16
9630,17
3448,17
-1,15
7896,15
-1,15
9587,16
5146,17
-1,14
9268,16
-1,15
6665,14
340,15
-1,15
6573,16
-1,15
-1,16
4122,15
6729,16
2179,15
-1,15
-1,15
8583,15
-1,14
-1,15
1406,16
-1,17
7568,18
-1,15
9939,18
-1,15
5892,15
-1,16
-1,15
5923,15
-1,16
6783,17
9086,17
-1,15
7910,16
6636,15
4874,14
3990,16
7756,17
510,16
-1,16
2205,17
-1,16
-1,15
6351,15
-1,16
-1,14
-1,15
-1,16
4377,16
6013,16
4587,16
1216,16
991,15
219,15
5998,16
7880,17
-1,16
5122,16
5602,15
7297,15
-1,15
-1,15
59,15
-1,16
5394,14
-1,16
-1,16
9621,16
7157,15
9357,16
9784,17
-1,15
4170,17
482,15
4252,15
-1,15
-1,15
880,16
-1,16
-1,15
-1,16
-1,15
-1,15
-1,15
8174,17
3102,16
648,17
1209,16
-1,17
-1,15
-1,15
6309,16
3039,16
-1,16
3622,16
-1,16
5387,16
-1,15
-1,16
8720,17
1128,15
8070,17
-1,16
1097,16
-1,16
3578,16
2461,15
-1,15
-1,16
4215,15
-1,14
5883,17
9172,15
-1,15
1893,16
-1,15
-1,15
-1,16
-1,14
4818,17
-1,15
9890,16
540,16
-1,14
6421,16
-1,16
4261,15
-1,18
9875,16
-1,15
-1,15
-1,14
8472,15
-1,15
2463,16
-1,15
-1,17
5624,16
5384,16
9918,15
-1,17
-1,16
-1,15
-1,15
-1,16
-1,15
-1,14
8083,15
397,15
6490,17
2696,15
5338,19
-1,15
-1,15
-1,15
-1,15
-1,15
-1,15
8112,15
-1,14
-1,16
5478,18
9978,16
5478,17
7813,16
-1,17
804,17
-1,16
8759,17
-1,16
6237,15
-1,15
5428,18
-1,15
661,15
-1,15
4717,16
5477,15
3556,17
5330,15
1990,15
-1,15
-1,16
8471,15
-1,15
7433,17
-1,15
9934,16
-1,16
5694,15
9305,16
6839,15
-1,15
428,16
9775,15
-1,15
4449,17
3743,16
5032,15
-1,17
-1,15
-1,15
-1,16
-1,16
-1,16
-1,15
4693,16
-1,17
-1,15
-1,15
9222,16
8652,15
-1,14
7419,15
2117,15
-1,17
-1,15
-1,14
-1,14
9417,15
-1,15
-1,15
6470,16
-1,15
-1,15
-1,16
-1,16
1600,17
2413,16
8080,16
-1,16
-1,16
-1,15
3655,16
8269,16
3315,15
6776,15
9121,17
1899,15
1850,17
1700,16
-1,15
9220,16
-1,15
-1,15
-1,16
4667,16
-1,15
-1,16
4782,16
-1,16
-1,16
-1,15
-1,17
-1,14
-1,15
6639,17
-1,14
-1,15
4490,16
8933,16
-1,16
4137,15
9286,16
3357,18
8561,15
9439,17
-1,15
-1,15
975,15
-1,16
5341,16
6224,16
-1,16
9482,16
-1,15
428,15
-1,15
-1,15
953,15
-1,15
9755,17
6511,14
2992,16
2490,16
-1,15
2897,15
6279,16
-1,17
-1,14
437,17
-1,15
7892,16
-1,15
4312,15
-1,15
6758,16
5923,16
7560,16
-1,14
-1,17
4531,16
-1,16
1614,15
-1,14
-1,16
3759,15
-1,15
9769,15
3102,15
2522,15
2896,15
-1,15
-1,16
6719,15
9979,15
6122,15
-1,14
9267,15
-1,15
1855,17
9035,16
6298,15
-1,15
4084,15
-1,15
1868,15
1291,15
-1,15
-1,15
-1,15
9385,16
-1,15
-1,18
-1,15
-1,15
6752,15
-1,16
5585,16
-1,14
7761,16
-1,15
-1,15
-1,14
-1,15
7423,17
-1,16
6553,15
-1,15
-1,15
-1,15
8202,15
-1,16
1727,15
8814,16
3661,16
2741,15
6415,17
-1,15
-1,15
119,16
-1,16
7675,16
5175,16
1835,14
-1,16
-1,15
-1,18
-1,15
-1,15
-1,15
-1,15
-1,15
4725,15
-1,15
-1,15
9132,15
7336,16
-1,16
9658,16
-1,18
-1,15
9926,15
4484,15
3297,15
-1,15
-1,14
-1,15
2732,17
-1,14
-1,15
7175,17
9708,18
1693,15
1747,15
-1,15
-1,15
8561,15
6290,17
3646,16
3125,14
7540,15
-1,15
-1,15
-1,15
-1,15
2895,16
-1,15
-1,16
6763,16
-1,15
-1,14
5500,16
-1,15
3112,16
-1,15
-1,14
442,15
-1,15
6354,16
2396,16
-1,15
4784,16
3836,18
-1,15
-1,15
-1,14
-1,15
-1,15
2162,18
5174,16
8781,14
-1,15
-1,15
2317,15
-1,15
6888,15
-1,14
334,14
-1,15
4158,15
-1,15
4017,15
1063,17
-1,15
9004,15
5967,17
-1,15
-1,15
7352,15
-1,16
9903,16
3700,15
-1,15
7268,14
-1,15
9545,15
-1,16
-1,16
1592,14
3517,16
-1,15
-1,15
-1,16
-1,16
5571,18
3022,15
-1,15
-1,15
-1,16
3646,15
-1,16
995,15
-1,14
6947,17
-1,15
-1,16
5315,16
-1,15
-1,15
5159,18
-1,15
8448,16
734,15
2132,16
-1,14
-1,15
-1,17
2501,15
-1,16
3953,15
9939,15
1213,16
2219,16
-1,15
9172,15
5249,16
-1,16
8016,15
-1,15
3917,16
-1,16
-1,16
-1,14
-1,17
2564,15
-1,15
-1,16
-1,15
-1,15
1999,15
1705,16
2515,16
-1,17
4475,16
808,16
3884,17
7618,15
1889,15
3638,17
880,15
-1,15
1061,14
2330,15
-1,14
-1,15
1811,14
-1,16
1376,17
3457,15
2693,16
4024,16
1817,15
-1,15
-1,14
9311,14
5087,17
5421,16
-1,16
-1,16
-1,17
3787,17
-1,17
-1,15
-1,15
-1,15
1707,16
-1,15
2349,18
-1,16
-1,16
-1,14
7121,15
1765,15
4081,16
-1,16
9376,15
4068,16
-1,16
300,15
8192,16
-1,16
-1,14
-1,15
-1,17
-1,15
2487,15
4505,15
-1,15
-1,15
6029,16
-1,14
-1,15
280,16
-1,15
8472,18
1044,15
-1,15
-1,14
277,16
-1,15
6155,16
8531,15
7382,16
7259,17
2099,15
-1,14
-1,16
4216,16
9041,17
8981,17
-1,15
1357,16
1529,15
6657,15
5970,17
-1,16
-1,16
-1,15
1262,16
-1,16
9017,16
3049,15
1613,15
-1,15
-1,14
-1,15
305,16
-1,15
2545,17
-1,16
619,16
-1,14
2815,16
-1,15
-1,14
-1,15
1982,16
-1,15
-1,15
-1,15
-1,15
-1,16
4590,15
85,17
-1,16
2421,16
-1,15
5229,16
7567,17
-1,14
-1,16
875,18
9926,16
2379,15
-1,15
8211,15
-1,15
688,15
9816,16
-1,16
-1,16
-1,16
-1,15
-1,15
2266,16
-1,15
-1,15
6544,16
-1,15
8845,14
-1,15
6694,16
-1,16
-1,15
4414,15
686,15
8187,17
-1,15
5071,16
5300,17
-1,15
5576,16
6283,16
-1,14
-1,15
-1,15
-1,15
5823,16
9417,15
-1,16
579,14
-1,16
-1,15
2764,15
-1,15
8024,15
-1,15
-1,16
1796,17
5340,15
-1,15
3378,16
-1,16
967,15
8804,17
-1,16
-1,15
3982,14
5795,17
9224,17
4853,14
-1,15
3715,16
8465,16
659,17
9042,15
6368,15
-1,14
1638,15
3005,14
-1,16
-1,16
-1,15
2408,15
-1,15
-1,16
-1,15
-1,15
8319,15
6223,16
-1,15
-1,15
-1,17
-1,16
-1,15
3314,15
338,16
-1,14
-1,14
4685,15
-1,17
6559,14
-1,16
560,16
-1,16
3958,17
4533,16
-1,16
3464,16
-1,15
7173,16
5122,17
806,14
-1,16
6259,15
3870,16
6955,16
-1,15
3229,15
-1,15
-1,15
8067,18
-1,15
2625,14
-1,16
6751,16
1086,16
8460,17
-1,14
-1,15
4326,17
-1,16
-1,17
7400,15
-1,17
3637,16
-1,15
-1,16
-1,16
6298,15
655,16
-1,14
7951,16
-1,15
4848,15
5366,16
-1,17
8223,15
-1,17
208,16
-1,15
-1,15
-1,14
525,14
-1,15
8105,16
5178,17
8258,15
-1,15
-1,17
-1,17
1051,16
221,16
-1,16
-1,17
-1,15
-1,16
-1,15
-1,15
-1,16
-1,16
-1,14
5003,17
7333,15
1652,16
5000,16
5016,16
8830,17
-1,15
3467,15
-1,15
-1,15
3801,15
5719,16
2276,16
3494,16
-1,15
5510,18
-1,15
-1,15
5262,14
4439,16
-1,16
-1,14
-1,15
-1,15
-1,16
6824,15
-1,15
6668,15
-1,15
4075,16
9361,17
7956,15
-1,15
-1,15
6696,16
6368,16
5872,16
290,16
-1,15
-1,15
-1,15
764,16
-1,15
-1,17
9850,15
1333,17
-1,15
-1,15
-1,15
4211,16
-1,14
-1,15
2218,18
-1,14
6945,16
-1,15
5628,15
-1,15
7852,17
1679,15
3535,17
-1,15
-1,16
-1,16
-1,17
-1,16
-1,15
-1,15
6568,16
8090,16
6082,16
6174,15
-1,14
436,16
5473,16
4963,15
5362,15
-1,15
6136,18
-1,16
9732,17
-1,15
8605,18
-1,15
7967,16
9615,16
3890,16
-1,15
6054,16
9446,15
-1,15
-1,15
-1,15
2996,17
-1,17
-1,15
-1,15
3124,16
5647,15
6403,17
-1,15
9822,15
-1,14
3424,16
9380,15
9960,15
603,16
9538,16
641,16
-1,15
8753,17
-1,15
-1,15
8428,16
8105,15
6617,15
7621,17
-1,15
7142,15
7459,14
-1,14
1383,16
9154,15
8658,15
6368,16
6176,14
-1,15
8334,16
-1,15
3748,16
-1,17
9990,15
5030,15
-1,15
7199,15
8325,14
-1,16
319,15
1687,16
1429,15
-1,14
2236,15
2202,16
7223,16
4834,15
8669,15
5002,18
8975,15
-1,15
6120,15
5132,16
4548,17
-1,16
-1,16
8911,16
6417,16
-1,15
-1,16
5419,15
-1,14
-1,16
-1,15
4759,15
-1,16
7709,16
-1,16
-1,15
-1,16
-1,16
-1,15
-1,15
9822,15
-1,14
8902,15
3505,15
4933,17
-1,16
-1,14
-1,15
8034,16
-1,15
-1,16
9068,16
-1,16
8285,15
6099,17
7458,15
-1,15
-1,15
5708,15
5910,16
4622,16
-1,16
-1,14
7625,15
-1,17
59,16
4906,15
5182,16
6030,15
-1,15
-1,16
-1,16
846,17
-1,15
-1,14
-1,16
-1,14
1660,15
5312,16
-1,14
8568,16
-1,15
-1,15
-1,14
-1,15
-1,15
7259,15
-1,15
-1,15
-1,15
8102,16
-1,15
-1,16
6618,15
8603,16
3804,17
461,16
4525,17
7794,16
-1,16
6603,15
4974,15
-1,16
2481,17
-1,15
117,16
-1,16
-1,14
-1,15
-1,17
-1,16
-1,15
5280,16
9717,15
4827,17
7659,16
4393,15
-1,15
7414,16
-1,16
-1,15
-1,15
-1,16
-1,16
-1,15
-1,16
-1,16
-1,16
806,15
-1,16
109,16
-1,15
-1,15
785,16
-1,15
-1,15
2743,16
-1,14
8805,15
-1,16
122,16
9154,15
594,16
8964,16
-1,17
7606,16
3026,17
8931,15
-1,15
9345,15
-1,16
-1,15
8391,17
781,15
-1,15
-1,15
4566,16
-1,14
-1,15
2586,16
-1,14
4137,17
-1,16
547,14
-1,15
-1,15
-1,15
-1,16
-1,16
2267,15
8360,16
-1,16
7785,16
1732,18
-1,15
-1,16
-1,14
8591,15
8423,15
3122,16
-1,16
-1,15
4442,15
3829,15
3277,15
-1,16
-1,15
8680,16
-1,17
88,16
-1,15
-1,16
8850,16
-1,14
4563,15
3453,17
-1,16
-1,15
-1,15
-1,15
3595,16
8559,15
1359,14
7314,16
-1,15
3899,16
-1,16
1553,16
-1,15
7484,14
-1,15
5339,14
-1,15
1767,15
-1,16
-1,15
-1,16
6579,15
8748,15
-1,14
-1,16
8954,17
-1,15
4425,17
8788,15
-1,16
-1,14
4314,16
7516,15
-1,16
5180,15
-1,15
-1,16
-1,16
1175,16
-1,14
4425,16
3207,16
6787,16
-1,15
4041,15
3988,15
-1,16
8855,16
-1,14
3892,17
-1,16
2971,16
-1,16
5101,17
3456,16
4154,16
9344,15
-1,16
-1,15
-1,14
-1,16
-1,15
9811,19
1169,15
2769,16
-1,18
-1,16
-1,16
-1,16
-1,14
-1,16
8553,17
6746,16
2188,16
783,16
8871,15
5119,16
-1,16
2958,14
3868,17
2527,17
-1,15
-1,16
545,16
-1,15
-1,16
3296,15
-1,15
7038,15
-1,15
-1,16
-1,16
-1,15
-1,16
-1,15
-1,16
-1,15
-1,15
-1,17
-1,16
-1,15
5479,18
1599,14
-1,15
-1,16
-1,17
4164,15
-1,14
4627,15
8130,15
-1,16
-1,14
-1,14
-1,15
1909,14
9430,17
-1,14
6571,16
6432,16
4355,16
-1,16
178,14
146,16
2320,16
1085,15
901,16
-1,15
1578,16
8901,16
3121,16
-1,15
-1,18
-1,14
8723,14
-1,15
-1,15
-1,15
5313,16
-1,15
3840,15
3429,16
8446,15
-1,15
109,15
-1,16
-1,15
232,14
-1,16
2686,15
7086,15
-1,14
8533,19
-1,15
7308,16
-1,16
8022,15
7821,17
-1,15
-1,15
8005,16
-1,15
4607,16
1042,16
-1,15
-1,15
5949,16
-1,15
-1,16
4109,16
-1,15
-1,15
4930,17
309,17
-1,15
525,16
-1,15
5042,17
2606,16
5351,15
-1,15
-1,16
8348,14
-1,16
-1,16
697,15
4313,16
5376,15
-1,14
7213,15
9980,16
8982,15
4425,17
-1,16
-1,15
6449,15
-1,15
-1,14
6247,16
-1,14
1108,14
-1,15
3587,16
-1,15
3112,16
-1,16
-1,16
8597,16
6283,16
-1,15
1282,15
-1,15
5654,17
331,15
-1,15
4952,15
4541,17
7953,14
1596,16
5155,15
7156,16
122,15
-1,15
2104,16
-1,15
1790,15
-1,13
-1,15
9614,15
-1,15
2834,16
8960,16
1576,15
8980,16
3411,15
-1,15
8707,17
-1,15
-1,16
77,15
-1,15
7997,16
-1,16
4039,16
2770,17
741,15
-1,15
-1,15
5555,16
-1,15
-1,14
-1,15
-1,16
1653,15
-1,15
5492,16
-1,15
-1,16
-1,15
449,15
2714,14
2562,16
-1,15
-1,15
-1,16
-1,15
-1,16
1025,16
-1,15
7922,16
-1,16
6713,17
-1,15
-1,15
-1,16
-1,15
-1,14
7074,15
2160,15
9516,16
-1,16
8684,16
1666,16
599,16
3056,15
331,16
-1,16
-1,15
218,15
-1,15
-1,16
-1,15
4429,17
-1,15
648,17
-1,16
8426,17
9517,15
-1,15
-1,14
387,16
866,18
2150,15
-1,16
-1,15
-1,16
-1,15
4591,15
6533,15
-1,17
-1,15
5362,15
5331,16
7637,17
-1,15
-1,15
1614,16
7420,15
7329,15
-1,16
2203,18
5554,16
8204,16
2552,16
3600,17
9474,15
-1,16
8525,16
682,15
-1,15
-1,15
4529,15
6328,16
-1,16
-1,16
-1,15
-1,15
3674,15
-1,16
2535,16
4432,16
-1,14
-1,14
-1,15
4705,16
6435,17
7839,17
9053,15
-1,15
-1,15
-1,15
2420,15
-1,17
1668,16
4498,16
3399,15
7606,16
2245,15
-1,15
-1,15
837,14
-1,15
-1,16
-1,17
-1,15
2487,16
8949,17
-1,15
-1,15
-1,16
-1,15
-1,16
2023,16
-1,15
-1,15
-1,16
-1,15
-1,14
4805,16
-1,16
-1,16
-1,14
-1,16
2198,15
1224,17
-1,16
6319,15
-1,15
-1,16
7634,15
1634,17
-1,15
-1,16
1768,15
-1,15
-1,17
3963,15
-1,15
-1,16
-1,15
5722,16
2097,16
7971,15
-1,15
2452,16
-1,16
2657,15
-1,16
6237,16
2084,15
5071,15
9805,18
8016,15
-1,16
-1,17
2624,16
829,16
8745,16
7699,18
-1,17
2030,16
-1,16
6070,14
7768,16
4377,16
1448,16
-1,16
3028,17
8975,14
7287,15
3064,16
-1,15
2457,17
-1,16
-1,15
-1,16
8974,16
9210,18
-1,15
-1,16
-1,16
5462,15
-1,15
6158,15
9265,17
-1,14
9779,16
5048,17
-1,13
-1,15
-1,15
3232,16
292,16
6902,17
-1,15
2450,16
-1,16
1903,17
-1,15
5411,16
1595,15
4148,16
6895,17
8252,15
-1,16
-1,15
-1,15
3639,14
-1,14
-1,16
-1,16
-1,16
8842,15
-1,14
-1,14
-1,15
-1,15
7964,16
3916,15
5984,17
6514,16
-1,15
1961,15
9254,15
2353,15
-1,17
9425,15
7509,18
4368,15
2843,15
9581,16
7958,16
-1,15
-1,16
-1,16
-1,15
797,14
5275,17
-1,15
-1,15
-1,16
7800,16
-1,15
-1,15
-1,15
-1,15
5186,15
-1,16
6548,14
-1,17
2132,15
-1,17
-1,18
4053,15
1504,17
-1,14
-1,15
227,15
9182,15
2771,15
-1,18
1773,17
8806,16
-1,15
1187,16
9595,15
3902,18
9187,17
6715,17
2490,16
-1,15
3799,17
-1,15
6135,17
1064,17
-1,15
-1,14
-1,14
3613,17
-1,16
8785,17
4065,17
-1,15
1374,16
3237,17
1476,15
2600,16
-1,15
-1,16
-1,16
-1,15
-1,15
9744,15
8843,16
4975,18
-1,16
-1,15
-1,17
-1,15
2289,15
-1,16
5740,17
5150,17
-1,17
304,16
-1,14
5744,17
-1,15
-1,14
8353,17
-1,15
5586,15
-1,14
-1,16
-1,17
93,16
-1,14
247,17
7232,16
5689,16
-1,17
-1,15
6036,15
1686,16
88,16
9808,15
9284,15
-1,14
4049,15
-1,17
-1,16
5760,15
-1,16
1184,15
6176,17
9360,16
3583,16
-1,15
7171,16
9180,16
1580,16
9032,17
8444,17
-1,15
-1,14
875,15
8111,16
-1,15
-1,16
-1,15
4002,17
-1,15
-1,14
1582,16
-1,14
-1,14
1557,16
-1,16
978,17
-1,16
9164,16
-1,16
-1,15
-1,15
9584,16
-1,14
5706,15
5475,15
-1,17
3616,16
1517,17
-1,15
-1,15
7586,16
8123,15
-1,16
362,16
-1,15
-1,15
7218,17
1672,15
7268,17
-1,16
-1,15
-1,15
6937,15
6272,17
-1,16
-1,16
-1,16
-1,16
-1,15
-1,15
6734,15
6320,16
1396,15
-1,15
-1,16
-1,15
734,17
-1,14
-1,15
-1,16
-1,16
-1,15
-1,16
-1,15
707,15
-1,14
-1,15
-1,14
4241,16
5479,15
-1,17
-1,16
-1,15
4447,15
-1,16
-1,16
-1,15
-1,15
9884,17
3673,16
-1,16
-1,15
-1,19
913,15
4761,17
5046,15
637,15
-1,13
4918,15
-1,15
-1,16
1672,16
-1,15
-1,16
-1,16
-1,15
2108,14
3656,15
-1,15
-1,15
-1,14
-1,16
5806,18
1402,15
1956,15
-1,14
2905,15
-1,17
-1,16
-1,16
8669,15
-1,15
3054,15
4445,14
6491,17
-1,16
375,15
-1,16
5127,15
3937,17
766,14
-1,15
-1,15
-1,15
9797,15
8349,16
8529,15
-1,16
6677,16
-1,15
-1,14
9163,16
-1,16
-1,15
4218,18
-1,16
-1,16
-1,15
8114,16
-1,15
2026,17
8431,15
-1,16
1413,16
-1,15
7424,15
3564,16
-1,14
-1,16
5735,15
-1,15
-1,15
6790,18
-1,16
-1,16
3381,16
6909,17
5409,15
8798,16
2688,16
-1,15
3866,15
-1,13
-1,17
427,18
858,14
-1,15
2663,16
3823,15
-1,15
1746,17
1968,16
2113,16
1471,15
-1,15
7074,16
8332,17
-1,15
7532,15
3362,16
-1,16
-1,15
8043,15
-1,15
-1,15
-1,14
6554,15
1002,16
-1,15
4955,15
-1,15
-1,15
9400,17
-1,15
-1,14
3215,16
366,17
8120,17
3959,15
-1,16
-1,14
-1,15
4054,16
5504,16
-1,15
-1,17
6300,16
361,17
5617,15
3553,17
544,15
-1,16
6918,16
7606,16
-1,16
9017,14
9021,17
2671,16
4410,15
4216,14
-1,15
-1,16
3439,15
-1,15
-1,14
6504,16
880,15
2978,18
-1,17
-1,15
9595,15
-1,16
233,16
4189,17
-1,14
-1,15
6027,15
-1,15
1075,16
154,16
4978,15
-1,16
4147,14
-1,16
-1,15
-1,14
-1,14
-1,17
-1,16
1485,15
-1,15
-1,16
7335,16
-1,17
9092,15
1959,15
704,18
-1,14
7049,17
5359,17
1812,15
-1,16
7912,15
-1,16
-1,14
3246,14
-1,14
-1,16
-1,15
-1,15
6356,16
739,17
2000,16
3297,18
-1,17
4528,15
-1,14
-1,16
-1,16
339,15
219,17
4965,16
7581,16
1889,16
7512,16
4315,16
-1,15
-1,17
-1,15
4896,16
-1,16
-1,15
-1,15
2601,16
-1,16
6897,15
6667,16
-1,15
3147,15
3186,16
-1,15
586,15
2850,16
-1,16
5517,17
-1,14
-1,14
2080,15
-1,15
-1,16
983,15
5970,14
768,15
7387,14
-1,15
-1,15
-1,15
3785,15
-1,15
-1,15
-1,16
-1,15
-1,15
3125,16
-1,14
-1,16
4176,16
-1,15
3565,15
-1,16
-1,15
6614,16
-1,16
-1,16
5214,16
-1,17
5084,17
4679,15
1599,16
-1,15
7725,15
-1,15
9729,17
4493,16
-1,15
4504,15
6301,16
-1,15
-1,17
8465,16
-1,15
9308,14
2224,16
-1,16
7000,17
5516,15
-1,15
-1,15
3149,16
3983,16
1547,16
7242,17
3801,16
-1,15
2679,15
-1,15
5607,15
-1,15
-1,15
2349,16
8767,15
5636,17
4353,15
-1,14
-1,16
3346,16
5067,16
-1,17
4076,16
-1,14
-1,15
-1,15
-1,15
6358,15
-1,15
-1,16
-1,15
5137,15
529,16
-1,14
-1,14
-1,15
4461,15
5469,16
-1,15
-1,17
6185,16
6591,17
8795,15
6997,16
4099,15
-1,16
-1,17
1754,16
-1,15
4586,17
4672,16
3568,16
9060,14
4475,17
-1,15
-1,15
6159,16
-1,14
-1,16
383,14
-1,15
-1,15
-1,15
-1,14
4714,15
-1,15
2529,17
1042,15
-1,17
-1,15
-1,14
-1,14
-1,15
2978,17
-1,15
3996,15
-1,15
-1,15
2106,17
-1,15
9436,17
4770,16
-1,14
-1,15
3722,16
-1,14
-1,15
-1,15
-1,15
-1,16
9864,15
2281,15
-1,15
8,15
5190,16
-1,15
2854,16
-1,15
131,16
8100,17
676,16
1578,15
-1,15
625,15
8445,18
8206,19
-1,16
-1,16
-1,16
-1,15
3593,15
2060,15
-1,16
-1,15
-1,15
4005,15
-1,16
-1,14
-1,15
-1,17
2237,15
-1,14
-1,14
-1,16
-1,14
-1,15
-1,16
-1,15
5076,16
5652,16
-1,15
-1,16
8640,17
3066,16
-1,15
-1,15
-1,15
-1,15
3902,15
4781,17
2604,15
3542,15
1645,16
-1,16
6441,17
-1,15
-1,14
3959,16
-1,15
-1,15
6917,16
2373,15
6197,16
4348,15
-1,16
-1,15
-1,15
-1,16
9752,17
7052,16
2553,16
7043,19
2039,16
-1,17
7177,18
7557,17
-1,17
8829,16
9937,17
-1,14
2690,16
8019,16
6200,15
-1,16
5147,16
-1,15
6838,16
-1,15
-1,16
6516,16
7404,18
9999,15
-1,15
1865,16
8132,16
7467,16
-1,15
-1,17
5136,17
1790,15
-1,16
584,15
-1,15
3465,15
-1,16
1808,17
4396,16
489,15
2737,15
9122,17
5471,16
4187,16
-1,15
8330,16
-1,16
-1,16
8148,15
-1,15
-1,16
-1,15
2868,15
9634,15
-1,14
31,15
-1,15
-1,15
2659,15
9411,15
2318,16
-1,16
-1,16
7256,16
671,17
1995,15
158,15
6573,17
614,15
2296,15
-1,15
434,16
7092,17
-1,16
-1,15
-1,14
-1,15
-1,17
7825,16
-1,15
-1,16
-1,16
4691,15
-1,16
80,16
6526,16
5609,17
6501,15
-1,14
7623,16
-1,16
7744,14
-1,16
3511,16
7469,15
-1,15
-1,15
8303,18
-1,15
5573,18
5836,17
-1,15
5466,16
4596,16
9905,17
-1,15
-1,15
780,17
995,15
4343,17
9116,17
3154,17
-1,16
4901,15
8066,15
-1,15
-1,16
9386,16
3202,17
2385,17
1578,16
5938,17
-1,14
3072,17
8750,16
-1,14
6023,15
226,15
3061,15
2886,15
2082,15
-1,15
4677,16
6636,14
-1,15
9360,16
-1,15
-1,15
-1,16
-1,15
-1,15
-1,14
104,16
-1,15
-1,16
-1,16
-1,16
7442,15
5309,15
8111,16
-1,15
-1,15
4029,16
3661,17
18,15
6648,17
7118,15
9823,16
-1,17
-1,15
-1,16
-1,14
-1,15
-1,16
-1,15
-1,15
7077,16
9094,14
-1,15
-1,16
4778,15
-1,15
-1,15
-1,15
2591,15
-1,16
-1,15
-1,16
-1,15
-1,15
-1,15
4296,18
-1,15
-1,15
1159,15
2874,17
74,15
-1,15
-1,17
6767,16
-1,14
4643,16
6706,15
-1,16
-1,14
-1,15
-1,14
5141,17
3185,15
-1,16
-1,15
4704,15
7503,17
7658,18
-1,16
3565,16
-1,15
-1,16
2903,17
-1,15
-1,14
665,17
-1,16
-1,14
-1,15
5942,15
-1,15
4668,16
-1,16
-1,14
7293,15
-1,15
762,17
9797,15
-1,15
-1,16
-1,16
7640,16
7761,17
6521,17
-1,15
321,17
-1,15
6521,17
-1,15
4735,16
-1,15
-1,17
4644,18
8487,15
2232,16
-1,15
1893,16
-1,15
-1,15
-1,14
-1,14
5454,15
-1,15
8013,17
6624,19
-1,15
-1,15
-1,16
-1,16
-1,17
9486,17
2465,16
-1,16
7906,15
-1,15
-1,15
-1,16
2962,16
-1,14
6562,15
3721,15
8499,18
4098,16
-1,16
8795,18
3560,15
3470,16
4390,16
-1,15
4528,15
6774,16
9233,16
-1,16
5919,15
-1,16
-1,16
-1,15
9609,14
7218,16
-1,15
9073,16
5302,16
-1,15
1683,16
1989,16
8334,17
3330,16
-1,14
-1,16
3171,15
2334,15
-1,15
-1,15
2230,15
8296,16
-1,17
5416,15
-1,15
6131,17
-1,16
702,16
7940,16
-1,16
3071,16
-1,15
-1,15
7891,15
3916,15
962,17
9894,16
5980,16
-1,15
-1,15
-1,14
9174,15
-1,16
6118,16
-1,15
-1,15
3493,15
4059,17
2679,15
9556,16
-1,15
5201,16
2269,15
152,18
-1,16
2421,15
-1,17
-1,17
-1,15
59,16
-1,16
5329,15
-1,14
5197,16
-1,15
8194,16
1270,16
6956,15
1472,16
-1,16
3034,17
7834,16
-1,15
7445,16
-1,16
3870,17
-1,15
9778,16
1620,15
6975,15
-1,16
6634,15
-1,14
4639,16
-1,15
8515,15
-1,16
-1,15
-1,15
7534,17
8796,16
-1,16
3492,15
-1,15
-1,15
4130,14
7501,15
6297,16
1484,15
5408,15
5740,17
-1,17
-1,16
-1,15
5039,15
-1,16
8911,16
100,15
2930,14
6839,16
8126,17
-1,15
-1,15
-1,15
-1,15
102,16
7639,16
-1,14
5569,15
-1,15
1689,19
3356,16
9578,16
-1,15
-1,16
-1,15
7273,19
8984,17
-1,17
6820,18
9334,13
-1,15
6483,15
1829,15
8293,16
5879,15
3148,16
-1,15
4513,15
-1,15
-1,15
-1,14
4733,16
-1,15
-1,15
-1,16
-1,17
5754,15
-1,15
1782,16
8795,16
7095,15
-1,14
1089,15
5331,16
2681,14
-1,14
-1,15
-1,16
780,15
-1,15
-1,14
-1,15
-1,14
-1,15
-1,15
4995,16
-1,16
-1,15
5064,15
-1,16
-1,15
4634,15
6520,17
-1,16
4529,18
-1,17
-1,16
7232,17
9779,15
-1,15
-1,14
-1,15
-1,16
8204,15
9354,16
954,15
5232,15
8987,16
1739,15
-1,15
-1,14
-1,15
7649,16
1034,15
-1,16
6230,17
-1,16
2195,14
-1,16
-1,15
-1,16
-1,14
-1,16
947,15
5010,16
9177,15
-1,15
7042,15
-1,14
-1,15
-1,15
6747,16
-1,14
9706,14
1038,16
-1,15
2470,15
-1,15
8077,16
8882,15
300,17
-1,14
354,18
8355,16
-1,14
4262,18
2959,15
3216,15
-1,15
-1,15
-1,16
-1,15
-1,15
4667,16
4450,14
4688,15
-1,15
-1,15
-1,15
-1,14
-1,15
1171,16
-1,15
-1,16
8210,17
-1,16
-1,16
-1,15
3552,16
5409,15
-1,15
6211,15
5865,16
3689,18
-1,15
6784,15
109,16
628,16
-1,16
3492,16
1822,15
8784,15
2508,16
-1,15
-1,15
7558,16
-1,15
9648,15
3335,17
-1,15
4176,17
1613,15
2105,15
-1,16
-1,16
3504,17
-1,15
5433,16
-1,15
9052,17
-1,14
-1,14
-1,15
6032,15
5576,15
-1,16
8611,17
7227,18
-1,15
-1,15
3426,15
-1,15
-1,16
7735,15
-1,15
-1,15
-1,15
3300,16
8783,16
4781,16
-1,15
1057,16
-1,14
-1,16
-1,15
2346,15
-1,15
-1,14
-1,16
9781,15
-1,15
-1,16
1823,15
7431,15
57,15
2635,15
-1,15
-1,17
4964,16
-1,15
5882,17
-1,15
-1,15
-1,15
2878,17
1787,17
5918,15
-1,16
-1,14
5875,17
8105,15
3435,16
-1,17
3230,18
-1,15
-1,16
5524,16
8723,15
9682,16
4558,16
1140,15
4921,16
9540,16
-1,16
4375,17
-1,15
-1,16
-1,16
-1,16
4322,16
5091,16
-1,15
1176,15
4525,17
-1,16
3953,15
-1,17
-1,16
-1,15
5988,17
4897,16
748,16
-1,16
-1,15
9485,15
3206,15
6430,17
8536,16
8498,15
9310,14
-1,15
9127,15
6464,16
2745,17
2496,15
1856,15
-1,16
9959,16
1317,16
-1,16
2485,16
2214,16
-1,15
3309,16
2016,15
5207,14
2259,15
-1,16
-1,16
2695,15
-1,16
-1,15
9517,15
-1,16
-1,15
5203,14
3528,17
-1,14
7630,15
-1,17
2742,17
2835,14
2202,15
-1,16
8944,16
3687,16
-1,14
-1,17
8423,15
5379,15
1459,17
4733,16
-1,16
7140,19
-1,14
-1,15
-1,16
976,16
2734,17
6622,15
3455,14
-1,15
-1,15
2620,15
1326,14
-1,16
-1,17
1610,16
4807,16
-1,15
7483,16
-1,15
8479,18
7473,15
-1,17
-1,16
3253,16
3681,18
-1,16
-1,15
4998,15
9098,15
-1,15
7765,16
-1,17
-1,16
2350,16
6797,15
7734,15
-1,15
183,16
-1,15
-1,15
9018,15
-1,15
-1,14
4778,15
5140,15
-1,15
-1,15
-1,15
-1,14
-1,14
-1,15
6351,15
-1,15
-1,14
6928,17
-1,14
-1,14
9574,15
5337,15
-1,15
2708,14
3563,15
-1,15
-1,16
-1,15
6835,14
661,16
316,18
9249,16
-1,16
-1,16
2573,15
3517,16
7518,16
-1,16
138,15
-1,15
-1,15
-1,14
-1,15
3747,16
492,16
-1,15
-1,15
-1,16
5860,16
-1,16
9569,15
-1,15
-1,15
-1,15
8149,15
8832,16
9070,15
-1,14
-1,15
3473,15
7222,16
6845,18
5299,16
-1,15
7555,15
1740,15
7261,17
4829,16
8206,17
2813,15
3317,14
-1,15
5381,16
2365,16
5000,17
-1,16
6278,16
-1,15
-1,15
4831,16
7421,17
-1,15
4295,15
-1,15
-1,16
3073,16
-1,17
4999,15
2311,16
793,16
9085,15
8161,17
-1,14
-1,15
6196,16
4175,15
-1,14
-1,15
2110,15
-1,16
-1,16
6865,16
-1,15
6071,14
-1,15
-1,15
2535,16
-1,14
-1,14
-1,16
-1,18
-1,16
-1,15
4742,17
-1,15
7724,17
3478,17
-1,16
-1,16
-1,16
9222,16
8290,15
-1,16
8478,18
408,17
2134,15
2768,15
-1,15
3123,15
7945,16
9920,15
7022,16
-1,17
875,16
-1,15
-1,16
5281,15
-1,15
1398,15
-1,15
3485,15
1456,16
9662,15
-1,16
5594,16
5165,17
7956,15
-1,15
3125,16
2078,17
5628,15
-1,15
3595,15
4612,16
3717,16
2198,17
347,16
2172,15
7134,17
-1,15
3852,15
9033,15
1246,16
218,15
6201,15
4487,15
1360,15
6951,17
-1,16
-1,15
-1,14
4490,15
3152,17
-1,15
-1,15
-1,16
3971,17
-1,15
-1,16
-1,16
-1,15
-1,15
3997,15
7115,15
-1,15
4098,16
-1,15
7074,18
4072,16
7454,16
-1,14
8976,16
-1,15
-1,16
3984,16
-1,16
4352,15
8229,14
1854,16
-1,15
8224,14
-1,15
2158,15
-1,15
-1,16
8281,15
-1,16
9614,14
7618,15
-1,16
3834,17
-1,16
4155,14
2847,15
-1,15
7466,16
-1,16
8455,16
9605,14
-1,14
-1,14
874,15
7258,15
-1,16
499,17
-1,15
1528,16
3625,16
2345,17
-1,16
-1,15
5039,15
-1,16
6574,16
-1,15
-1,16
2855,16
4752,17
-1,14
8957,15
9194,15
-1,16
1913,15
2261,17
-1,15
5788,17
4770,15
7060,15
4788,15
-1,14
5708,15
-1,15
-1,15
2557,17
4166,16
-1,18
-1,15
2232,15
-1,15
-1,15
-1,16
6485,16
-1,17
9604,16
-1,15
9713,15
3411,18
5822,17
8143,16
9948,16
-1,15
69,15
2492,15
7170,17
-1,15
9180,16
9758,16
5548,17
9604,16
-1,18
3197,16
-1,16
-1,16
3617,16
8443,15
4861,15
-1,15
-1,16
-1,15
-1,15
6666,16
4348,16
2503,17
-1,15
4610,15
-1,17
-1,15
103,18
106,16
8780,16
-1,14
9751,15
-1,15
3207,18
4590,15
-1,15
-1,15
6675,14
6201,15
-1,15
1678,16
-1,15
5023,17
-1,15
6738,16
5646,15
3842,16
2659,15
-1,15
8240,16
6610,16
5610,15
1356,17
9727,16
3892,16
-1,14
4481,17
-1,17
-1,15
-1,15
-1,16
2612,15
-1,16
-1,15
1392,17
-1,15
-1,16
1051,17
6132,16
2781,16
3491,17
6528,16
-1,14
-1,15
607,15
-1,15
2775,15
-1,16
-1,15
8385,15
-1,15
-1,15
5082,15
-1,14
7005,17
9167,16
5349,15
-1,15
4395,16
-1,16
-1,15
4482,15
-1,15
6720,15
1303,15
-1,16
-1,16
-1,16
6276,15
-1,14
3108,15
-1,15
7101,16
-1,16
1617,15
2247,16
8450,15
7461,18
8611,15
-1,15
3602,16
-1,15
-1,15
-1,15
-1,15
35,18
9436,16
6315,16
-1,15
-1,16
-1,16
-1,17
-1,16
1251,15
6138,17
-1,15
-1,16
8340,16
-1,14
2196,16
-1,16
7091,15
-1,15
-1,14
-1,15
-1,15
-1,15
-1,15
339,16
-1,15
-1,15
3564,15
6080,15
-1,15
7625,16
-1,18
-1,15
-1,15
-1,16
2094,17
5527,16
-1,16
3727,15
6188,15
9640,16
3910,16
-1,15
7973,16
-1,14
5386,16
3229,16
-1,14
-1,15
5213,14
-1,15
5027,17
2649,15
9019,15
5463,14
7672,16
-1,15
6418,15
2550,16
-1,15
-1,14
8909,14
-1,15
7038,15
-1,16
6534,17
-1,15
1701,15
2493,16
5303,16
9544,19
-1,15
-1,16
4668,17
6562,15
2208,15
-1,15
-1,16
-1,16
-1,15
7142,17
-1,15
2240,15
-1,15
-1,16
-1,16
2084,17
7177,14
1758,15
-1,14
4842,15
154,17
-1,15
4503,16
4027,15
-1,15
-1,16
2932,17
-1,15
-1,15
9173,15
34,17
-1,15
-1,16
2852,16
-1,15
-1,16
-1,14
-1,16
-1,14
-1,15
3734,17
1632,15
-1,16
6210,16
1663,15
7178,15
-1,14
-1,15
7057,16
4186,17
1365,16
6812,15
6787,16
-1,15
-1,15
4376,16
-1,15
3245,18
-1,15
-1,15
3353,16
9180,17
7683,14
403,15
-1,15
-1,16
7703,16
5748,15
3609,16
2218,15
6071,15
8137,15
-1,15
-1,15
705,14
-1,15
2269,16
9212,16
-1,14
-1,16
5273,16
226,16
-1,16
-1,16
-1,15
-1,16
-1,16
934,16
-1,15
-1,18
8137,17
-1,15
-1,15
9212,16
4353,17
9485,15
-1,15
-1,15
6866,16
3993,15
6535,16
2557,17
4878,16
1986,15
-1,15
-1,15
-1,15
-1,14
9559,16
-1,16
7802,16
-1,15
-1,16
-1,15
-1,15
6213,15
-1,16
2116,15
2516,17
-1,16
6859,16
8171,16
674,16
-1,15
8360,15
-1,16
8021,16
-1,15
337,15
-1,16
223,15
-1,15
3229,15
5236,15
1731,15
1295,15
2552,18
-1,15
-1,15
-1,16
-1,15
8215,17
7332,15
-1,16
4465,15
-1,15
44,16
4379,15
6937,15
-1,17
1627,16
-1,15
5939,16
-1,16
9319,17
-1,14
-1,15
-1,15
6179,15
-1,15
8212,17
-1,14
-1,16
-1,15
-1,17
-1,16
-1,15
8618,16
2027,16
215,16
2703,15
-1,15
-1,15
-1,16
-1,15
3610,15
-1,15
-1,16
5766,15
8784,16
-1,16
4455,17
-1,15
1401,16
2630,17
3414,15
5232,17
-1,16
4755,15
-1,16
3681,14
-1,15
7877,14
2128,15
6589,18
-1,16
8211,16
-1,15
5852,15
3386,17
-1,15
-1,15
9066,15
2582,14
-1,14
6243,16
-1,15
-1,16
-1,14
6422,15
1962,16
7824,17
7467,16
965,16
-1,15
-1,16
-1,14
2824,15
-1,15
-1,16
7591,17
-1,15
-1,17
-1,16
-1,14
375,16
9450,17
999,15
-1,16
-1,16
1069,14
-1,15
5870,15
-1,15
-1,16
9932,16
-1,15
5089,16
4615,18
-1,16
-1,15
-1,15
2202,15
-1,16
2921,15
-1,16
3221,16
6436,16
1805,15
9548,15
-1,16
-1,16
-1,15
8617,15
-1,16
8968,15
2457,15
-1,14
-1,16
4933,16
-1,16
-1,15
-1,15
3166,16
-1,15
7733,15
5102,15
-1,16
2558,15
-1,14
9755,17
-1,16
-1,15
-1,15
-1,16
-1,15
-1,15
9690,14
5888,16
943,16
-1,15
9041,15
-1,16
-1,15
4843,16
-1,17
-1,16
-1,15
-1,15
-1,14
5095,15
2309,15
9688,16
3475,16
-1,16
-1,15
6512,15
5742,15
-1,15
-1,15
-1,16
4096,15
2147,14
3347,15
-1,14
-1,15
9340,16
2640,16
8408,16
-1,15
4172,17
-1,15
4203,16
-1,15
6955,15
2185,18
5523,16
-1,16
-1,16
-1,15
8498,15
-1,15
1299,17
-1,15
1615,15
8827,15
-1,17
-1,14
5095,15
-1,15
-1,16
8840,16
2710,16
6570,16
5716,17
-1,16
5593,15
5581,16
7534,17
-1,16
1548,17
3379,15
-1,15
4638,16
-1,15
-1,16
3255,17
-1,16
-1,16
-1,16
-1,15
5799,16
5881,15
-1,15
3522,17
-1,15
-1,18
2413,16
1719,17
-1,16
7179,16
1634,16
-1,15
2113,16
5479,16
-1,14
-1,15
3775,15
1570,16
-1,14
-1,15
-1,15
5594,17
-1,14
8909,15
-1,15
1129,17
-1,15
8421,16
2136,15
3774,16
-1,16
-1,15
-1,17
4682,15
620,16
-1,15
7643,16
-1,15
-1,14
9710,15
5767,15
6586,15
9792,16
-1,16
-1,16
2936,15
-1,15
3830,16
4436,15
4902,15
9540,16
9354,16
-1,15
-1,16
-1,14
8035,16
-1,15
-1,14
-1,15
7901,18
4398,15
-1,16
-1,16
-1,16
-1,17
2385,15
9830,16
6859,15
8204,16
7654,15
-1,15
-1,15
-1,15
3833,16
-1,17
805,16
-1,15
-1,15
7299,15
-1,16
-1,15
3335,15
-1,15
-1,15
-1,15
-1,15
3847,15
-1,15
1832,14
-1,15
-1,16
-1,15
-1,17
-1,14
4430,15
-1,15
-1,15
-1,14
7608,15
3392,15
9027,16
-1,16
-1,15
7901,14
-1,15
-1,14
936,15
9082,15
600,14
-1,15
-1,17
7234,15
8244,17
8618,16
9901,17
-1,15
-1,16
901,15
-1,15
3601,17
4287,16
811,16
8377,15
5343,15
8860,16
-1,15
6754,15
-1,15
3613,16
-1,16
-1,15
-1,15
-1,16
3253,16
-1,17
3598,16
7543,16
-1,15
-1,15
7120,16
-1,15
2978,16
-1,17
8860,15
3363,16
1835,15
-1,15
5489,15
-1,16
9791,15
-1,16
-1,16
-1,15
-1,15
-1,15
-1,15
-1,17
2945,15
-1,15
-1,15
3163,17
1498,16
-1,17
-1,16
6733,14
3797,17
8501,16
1887,15
8412,15
3015,17
-1,16
4017,15
-1,14
1878,15
-1,15
-1,16
-1,16
7237,16
5352,16
8064,15
6521,15
-1,16
3677,15
-1,16
8673,17
-1,16
-1,15
8866,16
9355,16
-1,14
9886,16
-1,14
1242,17
-1,16
2061,16
-1,16
-1,15
-1,15
-1,16
-1,15
-1,14
-1,15
6904,18
-1,15
3140,15
5470,16
-1,16
-1,16
1666,16
8196,14
-1,15
-1,15
-1,15
-1,15
3905,15
5005,16
-1,15
8801,17
81,16
4764,15
4318,16
-1,16
6867,16
1435,15
-1,15
-1,16
4544,15
-1,16
-1,15
-1,17
-1,16
-1,15
-1,18
-1,15
7093,15
-1,14
3332,16
8965,16
372,17
-1,16
-1,16
2341,16
6794,16
1789,14
6447,15
2985,16
1282,16
-1,15
1419,16
-1,16
-1,15
9324,15
6261,16
-1,16
-1,15
1694,15
-1,15
-1,15
4266,15
-1,15
581,15
4937,17
8075,15
6097,16
6932,15
8977,15
-1,15
-1,16
-1,15
-1,15
-1,15
3751,15
-1,15
8643,16
-1,16
-1,16
-1,14
-1,15
2895,15
9975,14
2360,15
-1,15
-1,15
9259,16
3748,15
-1,17
5209,16
5037,16
-1,15
3836,17
4962,16
-1,15
4957,15
723,15
-1,17
8491,16
9740,17
756,17
-1,15
8681,15
-1,15
-1,15
1199,15
2700,15
-1,15
-1,16
9452,16
1560,16
8335,16
6968,14
-1,15
-1,16
-1,15
-1,15
6510,16
639,16
247,16
-1,15
5876,15
-1,16
2800,15
5065,16
-1,17
6100,16
5283,16
761,15
9437,15
8566,15
-1,17
-1,14
-1,15
-1,15
-1,15
7302,15
879,16
-1,16
-1,16
424,15
2941,15
6183,15
9061,16
-1,14
-1,16
3670,15
-1,16
-1,14
2303,15
9236,17
-1,15
-1,16
-1,15
4635,16
-1,15
-1,14
-1,15
-1,15
-1,17
-1,16
4299,15
-1,15
2115,16
-1,14
2853,16
6097,16
-1,16
6266,17
22,16
-1,15
-1,16
2711,16
9077,15
-1,16
-1,15
-1,16
3399,16
-1,15
-1,14
1921,15
-1,15
2900,16
5947,15
5160,15
-1,14
-1,16
9211,15
-1,15
5222,15
-1,16
-1,16
513,15
4796,17
6778,15
4994,17
9430,17
6651,15
3088,18
-1,15
-1,15
3319,16
-1,15
-1,16
-1,16
5906,15
256,16
5946,16
-1,14
-1,15
1327,16
6551,17
4829,17
2145,16
-1,14
-1,15
655,15
4227,15
4140,15
3729,19
-1,15
-1,15
-1,16
-1,15
-1,15
5992,16
3727,15
-1,15
5752,15
7973,15
5057,15
-1,16
-1,15
4153,16
-1,16
8416,17
-1,15
-1,15
9125,18
5267,15
-1,15
648,15
952,16
5122,15
-1,16
-1,15
-1,15
5506,15
6610,16
7616,14
-1,16
3292,15
-1,16
-1,16
9182,17
-1,16
422,17
-1,15
6314,16
-1,15
-1,17
-1,15
5722,15
-1,15
6241,16
-1,14
-1,16
9398,15
5373,16
-1,15
-1,16
4032,17
2425,16
-1,16
-1,15
-1,15
3037,16
7390,16
6194,15
-1,15
2762,14
-1,16
-1,15
-1,16
-1,15
2143,16
3555,16
-1,15
-1,15
2744,15
-1,14
4842,15
8301,16
448,15
-1,15
5995,15
-1,15
-1,15
-1,17
193,18
684,15
3733,17
9920,15
9915,15
9344,17
-1,15
3673,16
4577,15
5859,18
-1,15
2474,16
-1,15
-1,15
7278,14
8653,16
-1,16
-1,15
9747,14
-1,14
9686,15
-1,16
-1,15
5457,18
7838,15
211,15
8924,15
-1,16
-1,14
698,17
7553,15
-1,16
-1,15
-1,16
-1,15
1890,15
7360,17
-1,14
196,16
-1,15
-1,15
3905,15
3834,14
3542,15
-1,15
-1,16
6874,15
9274,15
-1,15
8057,17
29,16
5729,15
-1,15
-1,15
-1,17
7325,15
3282,15
1507,16
1807,15
7428,15
-1,16
2625,15
6947,17
5489,16
3934,15
7700,17
-1,16
-1,14
-1,14
-1,15
-1,16
3712,18
1215,15
-1,15
2049,16
2153,17
3526,17
-1,15
-1,15
-1,15
98,17
2627,16
9863,16
-1,13
8981,17
-1,17
1230,16
-1,15
2845,17
-1,15
-1,15
8424,15
6419,15
-1,16
-1,16
6845,15
3729,15
-1,16
777,16
2558,15
-1,15
8445,15
3096,16
-1,16
-1,16
1821,17
5721,16
5427,16
5703,17
2113,19
3679,16
-1,15
-1,15
1006,15
-1,14
4765,16
-1,15
9957,16
61,16
4692,15
8551,15
4402,16
1554,16
8464,16
-1,16
-1,15
-1,15
7666,16
-1,15
4670,18
-1,15
-1,15
-1,14
6106,15
-1,15
3878,15
8774,15
-1,15
-1,16
7935,15
8034,16
-1,15
457,15
9741,16
-1,16
-1,15
5401,18
8506,15
-1,14
-1,15
1004,16
-1,16
-1,16
9658,18
7341,16
4307,15
-1,16
-1,14
4917,16
-1,15
-1,16
3689,16
873,17
-1,15
-1,15
7757,14
5093,16
-1,17
-1,15
-1,15
-1,15
4386,16
-1,15
-1,15
4392,15
8755,15
-1,15
-1,15
-1,15
7326,15
83,16
-1,15
4966,16
2830,17
3125,16
5713,16
8863,16
-1,16
9811,15
-1,15
-1,15
-1,16
1693,15
-1,16
-1,15
-1,14
-1,16
2933,14
5923,16
-1,17
-1,16
-1,16
5490,16
1060,16
-1,15
6375,16
8594,16
-1,15
8106,14
9385,16
2659,17
-1,15
-1,15
-1,15
6452,15
7027,15
-1,14
9754,16
1692,15
5483,14
-1,16
-1,16
-1,14
8993,15
-1,17
8357,16
-1,14
8198,17
6481,16
1450,16
8177,15
6424,15
421,15
4335,15
6734,15
6239,16
-1,15
-1,14
-1,15
-1,16
-1,16
-1,15
6461,16
6959,16
764,15
5312,15
8013,16
-1,15
-1,15
-1,15
9661,15
8827,17
3986,16
8371,16
3152,16
6949,15
-1,15
4375,15
-1,15
-1,14
-1,15
7977,15
6190,16
-1,15
-1,18
-1,14
-1,16
9679,15
9533,16
4175,15
7817,16
2193,14
-1,15
7286,16
-1,15
438,18
-1,16
-1,15
9069,15
9431,17
-1,15
1396,15
-1,14
-1,17
-1,15
6968,14
-1,15
8550,15
7114,19
9468,15
2653,14
-1,16
2185,16
4617,16
7171,15
-1,16
96,18
-1,15
-1,15
1418,17
-1,16
266,15
-1,15
196,15
-1,15
-1,15
-1,15
6630,16
-1,15
3575,16
276,16
4094,17
7049,16
7170,16
4283,17
5137,16
8288,15
-1,17
7064,16
-1,16
-1,16
5817,14
-1,15
5397,15
-1,14
7119,16
5116,17
-1,15
7729,16
3863,15
9662,17
-1,16
404,16
6314,15
-1,15
-1,14
434,13
7125,17
8753,17
-1,14
-1,16
-1,16
7608,17
1205,15
-1,15
-1,16
-1,15
-1,14
4100,16
-1,14
6580,16
-1,15
5458,15
9125,16
-1,15
-1,14
8108,16
7182,15
-1,15
-1,16
-1,15
6281,15
-1,17
-1,16
-1,16
-1,17
-1,15
-1,15
8006,15
-1,16
-1,15
519,16
1049,17
9250,16
2047,16
9428,16
6855,16
4405,16
-1,15
2538,18
5226,17
-1,14
6466,15
-1,16
-1,15
-1,14
2156,15
-1,16
-1,15
2589,16
-1,15
-1,17
3632,15
2301,15
-1,14
-1,16
-1,16
9487,16
8617,16
-1,15
-1,15
7977,16
-1,16
-1,15
-1,16
-1,15
4948,16
742,15
-1,16
-1,16
3404,17
4400,16
-1,14
-1,16
-1,14
528,18
-1,15
-1,15
8118,15
6570,16
-1,17
923,16
6462,15
3179,16
1765,16
5654,17
5916,16
-1,15
-1,16
-1,15
-1,17
8071,15
-1,15
7378,16
6296,16
-1,17
5576,15
-1,17
3431,16
-1,15
957,16
-1,16
-1,16
-1,15
2038,15
-1,15
-1,16
6551,17
893,17
-1,16
-1,17
-1,16
-1,16
1672,15
-1,16
2900,15
3978,15
8114,16
-1,15
0,15
9202,17
4274,15
7515,15
-1,14
6594,15
-1,17
-1,16
2015,16
6884,15
2355,14
6685,15
4289,17
-1,15
9615,15
-1,15
2794,15
7096,18
-1,14
6876,15
-1,16
-1,16
5617,17
-1,15
-1,16
-1,15
-1,15
2258,17
6930,15
3674,15
-1,15
1011,15
-1,16
9449,16
-1,16
89,16
6532,16
7993,16
-1,14
9517,17
5385,16
-1,15
1931,16
6566,17
-1,15
-1,16
-1,16
8205,17
-1,16
5043,16
3671,16
8322,16
6718,15
-1,15
5922,15
-1,15
1326,16
8698,15
-1,17
1894,16
6061,16
-1,15
-1,15
3456,16
-1,15
-1,15
-1,17
-1,15
-1,15
7201,16
-1,15
-1,16
-1,16
-1,16
9515,16
-1,15
-1,15
-1,16
-1,15
3739,16
5172,16
-1,15
4890,15
-1,14
3051,16
2649,16
2337,19
1345,17
-1,16
5241,16
9322,16
6537,17
9352,16
-1,15
-1,15
-1,15
7561,14
-1,16
1419,15
-1,15
5252,15
841,15
-1,15
3376,16
-1,15
-1,15
1180,16
-1,15
1781,16
-1,16
-1,16
-1,15
-1,14
1304,17
6587,15
-1,16
8210,16
5133,15
-1,17
8137,16
2565,16
9872,15
8965,17
-1,15
1510,18
6607,15
-1,15
-1,16
-1,17
6985,15
-1,15
-1,15
-1,16
-1,16
1844,14
-1,16
-1,15
8667,16
9757,16
296,17
7045,17
1872,16
-1,16
-1,15
4888,16
2576,14
-1,15
-1,15
9906,16
-1,14
6749,16
4414,15
-1,17
-1,15
3049,14
563,16
-1,14
-1,15
-1,17
-1,15
-1,15
-1,14
6522,16
-1,15
6677,16
9820,15
-1,16
-1,17
8836,15
-1,17
3581,16
4244,15
7816,17
-1,16
-1,16
-1,15
-1,15
53,16
-1,16
3226,16
-1,17
-1,16
-1,15
7684,16
7502,17
-1,17
9042,15
2037,15
-1,14
6508,17
5817,16
2393,16
-1,16
4103,14
-1,16
-1,14
-1,16
5673,14
-1,15
-1,16
417,15
4163,16
-1,15
-1,15
-1,16
-1,16
616,15
1924,15
9393,16
219,16
4733,16
-1,15
9641,16
-1,15
1428,16
-1,16
5564,15
-1,15
-1,17
7053,14
8615,15
9782,15
-1,15
-1,16
-1,15
-1,15
5203,15
2181,15
9227,15
6097,15
2717,14
3953,16
7932,14
4702,15
-1,16
4528,15
926,15
-1,16
6747,16
3939,15
4627,16
9980,15
-1,15
-1,15
3985,18
-1,15
-1,14
-1,16
-1,15
7756,17
8568,15
3043,17
-1,15
7675,16
-1,16
-1,17
-1,15
-1,16
9408,16
-1,15
-1,16
2461,17
-1,15
4082,15
-1,15
-1,16
3970,15
-1,16
9981,16
-1,15
-1,16
6137,15
3727,16
6875,15
-1,17
839,16
7037,15
4715,15
7691,15
-1,15
-1,15
-1,15
2502,16
-1,16
-1,15
9259,15
6223,14
4459,17
-1,14
3398,16
-1,16
6493,14
4034,15
-1,15
-1,17
8997,16
482,16
-1,15
6622,15
9248,15
7059,15
-1,16
8712,15
-1,15
7836,15
2696,15
6099,17
-1,15
-1,15
-1,15
-1,15
9756,15
-1,15
-1,15
5222,16
6779,16
9306,15
-1,15
281,16
-1,16
-1,16
-1,15
7632,15
-1,16
-1,16
-1,16
-1,15
-1,16
9304,14
-1,15
-1,15
751,16
5576,16
3183,15
1993,15
8749,14
-1,15
3707,16
-1,15
189,15
-1,15
-1,16
-1,16
-1,16
-1,16
2174,16
-1,16
5905,16
-1,15
5287,15
7307,15
-1,14
4662,18
-1,15
-1,16
1247,15
4779,15
9982,16
-1,16
-1,15
-1,15
5710,16
5912,15
-1,17
-1,15
4825,18
6633,16
-1,16
-1,17
-1,16
5492,16
-1,15
-1,15
-1,15
8577,14
8683,14
-1,17
6744,17
516,15
8960,16
4482,16
-1,16
-1,15
5616,16
4163,16
-1,17
-1,16
6815,17
-1,16
-1,17
1053,16
7846,16
-1,15
7271,15
-1,15
-1,17
6647,16
-1,15
-1,16
8674,16
6638,15
5828,16
-1,16
-1,14
6014,15
-1,16
5139,17
-1,15
2247,16
-1,17
1628,15
3999,15
4577,15
4708,16
-1,15
7784,16
6846,14
-1,16
1949,16
-1,16
-1,15
5353,15
6835,17
-1,17
-1,15
963,15
571,16
-1,16
3001,16
711,17
9704,17
7580,17
5413,16
5050,15
-1,14
-1,15
-1,15
1683,16
3367,16
-1,15
-1,15
6623,15
5827,15
5674,16
-1,15
7858,16
4731,16
-1,15
4991,16
6890,18
961,15
7192,17
-1,16
3065,18
9647,15
5487,15
-1,15
7644,16
8133,17
-1,17
-1,15
-1,15
5594,17
9896,16
9561,16
9464,14
8959,17
-1,15
768,16
-1,17
-1,14
7028,15
8643,15
4010,15
3019,17
-1,15
811,15
-1,15
4953,16
7933,15
7083,18
8428,16
-1,15
-1,15
-1,15
-1,15
-1,14
-1,15
-1,15
3818,16
7349,18
-1,14
1909,14
9183,16
-1,15
-1,16
198,14
7748,14
2690,15
881,16
-1,15
3916,15
-1,15
-1,14
-1,15
196,15
-1,15
-1,15
3335,14
3819,15
4253,17
122,15
8279,18
-1,15
5796,15
7100,16
4529,16
-1,16
-1,16
-1,15
8271,15
6469,17
-1,16
3467,16
8144,14
-1,15
-1,15
-1,14
4239,15
-1,16
-1,15
-1,15
1469,15
3329,16
4343,16
-1,15
-1,14
159,15
2157,16
-1,15
-1,15
-1,15
2487,18
-1,15
5492,14
2928,15
-1,16
-1,16
1857,16
-1,16
-1,15
-1,15
-1,14
-1,15
-1,15
-1,15
-1,15
6185,16
-1,15
-1,15
5472,15
-1,17
8719,16
6148,15
7922,16
3413,15
3567,16
-1,14
9138,14
6025,16
-1,16
-1,16
7963,16
8502,16
5823,15
6959,15
7176,15
6588,15
1543,15
-1,17
-1,18
23,15
-1,13
3656,16
1332,16
2395,16
6656,17
7597,16
-1,15
8783,16
7262,19
5993,15
1960,17
-1,15
1614,17
-1,15
-1,16
7510,15
-1,15
-1,15
6418,15
-1,15
-1,14
-1,16
-1,15
7745,16
-1,15
1353,16
-1,15
8827,15
-1,15
-1,15
565,17
1998,18
-1,17
4128,15
-1,16
9938,16
3067,16
-1,15
-1,15
4967,16
-1,16
1915,16
-1,14
-1,16
-1,13
4077,15
-1,15
-1,15
-1,14
7971,16
-1,15
-1,14
-1,15
-1,16
-1,15
6161,15
-1,15
3159,17
6704,16
383,16
2518,16
8250,15
-1,15
629,16
1864,18
-1,15
3254,17
-1,17
-1,16
4591,17
3630,15
7256,16
-1,16
-1,15
-1,16
649,15
5788,15
2589,17
873,16
-1,14
6569,17
-1,16
9062,15
-1,16
7121,16
6326,16
9599,16
-1,16
-1,16
8637,15
1267,16
-1,16
319,16
-1,16
4685,15
5052,16
3548,15
5660,16
-1,16
6978,17
3281,16
334,18
7123,16
6125,16
2722,16
-1,15
6101,16
-1,15
8880,18
-1,15
8696,16
-1,15
-1,15
4466,14
-1,16
-1,15
-1,15
-1,16
5452,17
8844,16
5511,15
-1,15
-1,15
3699,15
8697,15
949,18
-1,16
-1,15
-1,16
8657,16
6650,17
-1,15
1703,16
656,16
6303,17
-1,15
-1,15
-1,15
-1,15
3646,16
-1,15
8604,16
1021,16
4238,16
4425,17
9473,15
-1,14
-1,16
3646,16
-1,15
6038,16
-1,15
4412,17
1414,16
-1,15
-1,15
1693,15
-1,16
-1,15
5937,17
-1,17
6748,15
-1,14
-1,16
6868,16
-1,15
-1,15
-1,16
-1,15
-1,15
-1,15
-1,15
-1,15
6413,16
-1,15
7028,16
6541,16
2325,16
5863,16
9293,15
-1,15
2853,16
-1,18
-1,16
7101,15
759,17
-1,15
2470,15
1816,15
-1,15
-1,15
112,14
3018,16
-1,16
7705,15
-1,16
3612,15
-1,15
5741,17
4352,16
-1,14
-1,15
9455,15
-1,15
1747,15
5849,14
-1,15
4636,17
8415,15
-1,15
5195,16
-1,15
-1,14
4407,16
4320,16
4825,18
8285,16
-1,15
-1,15
-1,15
-1,15
3651,16
1847,16
-1,15
4100,15
-1,14
-1,15
-1,15
-1,15
4296,16
5280,16
1231,17
24,15
-1,15
7503,15
-1,15
7734,15
-1,14
8434,16
4080,17
-1,15
-1,17
-1,16
2674,16
-1,16
7563,15
-1,16
766,14
3113,16
-1,16
5931,18
2745,15
-1,15
-1,15
8764,15
9125,16
3341,17
5465,16
644,16
-1,16
-1,15
-1,16
2026,15
-1,16
9505,15
1574,18
5328,16
-1,15
-1,15
7798,17
4020,15
4108,16
-1,17
9099,16
2153,16
-1,15
718,17
327,15
-1,14
9285,16
3380,15
9248,14
-1,17
3321,15
4375,16
-1,14
-1,16
-1,16
4890,17
-1,15
-1,15
955,17
-1,15
390,16
-1,14
6675,18
-1,14
440,15
-1,16
2019,16
-1,15
-1,17
4471,16
-1,16
-1,16
4976,15
3025,15
6019,14
6396,16
3729,17
9681,18
-1,16
7106,15
1293,16
1794,15
-1,16
2634,15
-1,16
-1,15
-1,15
-1,15
8103,15
5416,16
-1,15
7620,15
6704,14
-1,16
6652,14
2970,17
3656,15
-1,15
3146,15
8418,15
1385,16
-1,15
9222,16
9906,16
3136,16
-1,15
3935,15
7580,16
-1,14
-1,16
4822,15
9453,16
-1,15
-1,16
-1,14
6849,15
9007,16
8264,17
9844,16
32,14
3691,17
-1,16
-1,15
4491,15
-1,16
-1,14
-1,15
1206,17
-1,14
-1,16
7849,15
8368,17
-1,15
-1,14
-1,17
2773,16
135,16
-1,15
-1,15
8161,15
-1,15
4976,16
991,15
-1,15
-1,16
-1,17
-1,15
-1,15
8169,15
-1,15
6243,15
6394,15
-1,14
471,14
5003,17
832,16
7843,15
7771,15
-1,15
-1,15
-1,16
-1,16
7091,14
-1,16
3000,15
9248,15
2853,16
-1,15
6913,18
-1,14
5725,15
-1,15
-1,16
-1,17
-1,16
-1,15
939,16
9979,15
-1,15
-1,15
-1,15
1981,14
-1,15
5192,16
-1,16
-1,16
-1,15
-1,15
-1,16
4703,17
-1,18
-1,15
-1,16
-1,17
4496,16
2379,15
-1,15
-1,17
6962,15
1147,15
7967,15
-1,14
-1,15
6345,15
2870,16
-1,16
-1,16
6543,15
-1,17
6499,16
-1,15
5443,16
-1,16
-1,15
8462,17
-1,15
785,17
553,16
-1,15
-1,15
-1,15
9621,15
9354,16
-1,15
3512,14
-1,15
-1,16
2597,18
-1,16
8647,15
-1,14
-1,16
-1,15
3438,16
-1,15
6641,16
-1,15
-1,15
2430,16
-1,16
-1,16
5754,16
1224,15
4776,15
4914,15
-1,16
9820,16
8595,15
-1,14
3594,16
1017,16
8689,17
-1,15
7613,15
2144,16
588,16
5297,15
1791,15
-1,16
-1,15
-1,16
4150,18
-1,18
-1,15
5188,16
6734,16
8218,15
-1,15
-1,14
5127,15
-1,16
-1,15
2762,18
415,16
5104,15
9361,17
4406,16
-1,16
-1,15
-1,17
-1,15
3634,16
7646,17
-1,14
-1,15
7181,15
-1,15
-1,15
2820,17
1620,14
-1,16
-1,16
-1,15
-1,17
-1,15
1678,15
-1,16
1902,16
-1,16
-1,15
-1,15
6551,17
-1,15
-1,15
4926,17
-1,15
8944,14
-1,16
-1,14
-1,15
-1,16
3722,16
1454,16
-1,15
7131,17
8295,15
-1,14
-1,15
-1,15
9862,16
-1,16
318,15
-1,15
591,15
-1,15
3758,15
-1,15
5585,15
-1,15
-1,15
-1,15
1463,16
6538,15
6343,15
-1,17
5923,16
5944,16
-1,16
-1,16
-1,15
-1,17
7770,16
-1,16
7452,16
9060,16
-1,14
-1,15
-1,15
-1,16
6287,16
-1,16
9531,17
-1,15
-1,15
5736,16
1337,15
9273,15
5748,17
9138,16
-1,15
-1,15
4064,16
6760,14
-1,15
-1,15
2273,17
3060,15
6065,17
859,14
-1,15
6998,16
5291,16
-1,15
7228,15
9923,16
9750,15
3645,15
1843,15
5308,16
1310,17
-1,15
-1,16
-1,15
8475,15
-1,14
-1,15
123,16
-1,15
1264,15
-1,15
8892,15
-1,16
2938,16
4187,16
600,15
5166,16
-1,15
988,17
5822,16
-1,14
8708,15
9899,15
1834,15
-1,15
-1,16
-1,15
-1,14
1075,16
-1,15
-1,16
478,17
1173,16
-1,15
-1,15
4172,15
-1,16
-1,17
-1,15
-1,14
7902,16
5248,16
-1,14
3335,15
-1,14
8484,15
-1,16
-1,16
-1,16
-1,16
3347,16
-1,14
4978,16
3704,15
8087,14
-1,14
9753,16
3779,16
-1,15
-1,15
9990,16
-1,15
8243,17
6429,17
6348,15
7397,15
-1,15
1379,15
1365,14
-1,16
7939,16
-1,15
6648,16
3508,15
-1,15
-1,15
-1,16
-1,15
5612,15
-1,15
-1,16
8699,17
-1,15
5559,15
-1,17
4300,15
-1,16
2861,17
1992,16
1033,15
-1,16
-1,15
1417,18
-1,15
4514,14
8160,16
-1,15
-1,17
-1,16
-1,15
7244,15
204,15
-1,16
2564,16
1388,16
-1,14
8114,16
2174,17
-1,14
6357,15
6523,15
-1,15
-1,16
-1,16
-1,16
-1,15
3149,16
3632,16
-1,15
660,15
7424,15
-1,14
3907,18
4648,16
-1,16
4360,16
1285,15
-1,15
-1,16
-1,14
-1,15
-1,17
8885,16
4337,14
-1,14
-1,15
-1,16
-1,15
9802,15
-1,15
6247,15
-1,15
-1,16
-1,15
-1,17
8698,15
3863,17
-1,16
1254,15
-1,15
-1,15
5340,16
-1,16
-1,15
6837,17
-1,15
-1,16
-1,14
227,17
-1,15
-1,16
1722,15
34,15
-1,16
9745,16
-1,14
5993,15
-1,16
-1,15
1917,16
1311,18
-1,15
-1,16
-1,15
8418,15
5921,16
4234,16
4566,16
-1,15
1006,16
9254,17
3037,16
9393,16
2194,17
-1,16
4697,17
-1,15
3061,15
-1,15
-1,15
5914,17
-1,15
-1,15
-1,15
6041,15
-1,15
8754,16
9135,16
-1,16
596,17
8201,16
-1,15
710,15
-1,17
1689,14
8850,16
1041,15
9588,15
5934,16
4919,15
4003,16
-1,15
-1,16
3802,16
579,15
-1,15
2386,16
9367,17
-1,15
795,15
-1,16
-1,15
4521,14
-1,15
-1,14
4399,15
7989,16
-1,14
2221,16
6825,16
-1,14
4980,15
6922,15
-1,14
8672,15
144,17
4710,17
-1,14
-1,14
1155,18
1140,15
4026,16
4137,16
6172,16
2649,15
6261,15
-1,15
4771,15
5092,16
2624,15
3922,18
9302,16
-1,16
-1,16
7012,16
8989,16
7882,16
2318,15
429,16
-1,14
-1,14
-1,14
-1,15
7215,16
-1,15
-1,15
3890,15
3011,15
8441,16
3575,16
-1,15
-1,16
9061,17
-1,15
3884,17
-1,15
-1,15
8102,16
2700,14
2404,17
2309,16
4647,16
7813,15
-1,15
2481,16
4026,16
9798,16
1915,16
-1,14
-1,17
-1,15
-1,16
6567,16
-1,15
5004,15
-1,15
-1,16
6876,15
-1,15
-1,15
-1,15
-1,16
5620,15
-1,15
259,15
2213,17
8115,16
6172,17
-1,14
8902,17
-1,14
4697,15
-1,16
2095,16
-1,14
-1,16
1938,14
-1,15
-1,15
-1,15
-1,15
-1,16
-1,16
5433,17
-1,16
1417,15
-1,15
-1,15
-1,16
-1,15
-1,15
8368,17
599,15
33,17
8876,15
-1,14
-1,16
-1,15
2218,16
-1,15
-1,15
-1,14
-1,15
9069,15
-1,15
-1,16
9714,17
-1,16
4590,20
-1,15
9486,16
-1,15
3040,16
2315,16
9892,17
-1,15
3393,15
1539,18
7004,16
-1,14
2359,16
275,16
-1,16
-1,18
6275,20
-1,15
3303,16
5710,17
1894,16
5685,15
-1,15
-1,14
6984,15
-1,15
-1,15
6868,14
1573,17
2071,16
7267,17
-1,15
5208,18
9602,17
1881,15
3429,16
6562,17
7517,16
4339,16
-1,16
-1,16
-1,14
-1,15
-1,15
2070,15
6427,16
3477,16
4852,16
4053,14
-1,17
-1,16
-1,15
4924,16
-1,16
-1,16
4622,18
4504,16
964,15
3184,14
-1,14
9387,15
-1,16
-1,16
2722,15
6596,16
-1,15
-1,14
-1,14
6682,15
-1,16
-1,17
-1,15
750,17
-1,15
-1,15
-1,15
-1,19
-1,16
9429,16
-1,16
-1,15
7629,17
-1,15
-1,17
408,16
7915,16
1692,16
39,15
-1,14
-1,15
-1,16
7974,17
-1,15
-1,15
9013,17
-1,15
-1,16
-1,16
16,15
8077,16
-1,15
8720,15
2921,16
1235,15
4237,15
9258,14
-1,16
-1,15
-1,15
3724,14
9133,16
8961,15
-1,16
3294,16
-1,15
4656,14
7021,15
-1,16
2249,14
-1,17
6884,15
-1,15
-1,15
1774,16
-1,15
2518,14
-1,14
-1,14
-1,15
7013,14
-1,15
9679,16
-1,16
-1,15
-1,14
-1,15
-1,14
7500,16
-1,16
513,17
-1,16
330,17
-1,14
9677,15
-1,14
-1,16
-1,16
5384,15
-1,17
1688,15
5423,18
-1,16
7346,16
-1,16
6485,14
-1,15
-1,16
6494,16
-1,14
5379,14
-1,16
-1,16
-1,16
6042,18
-1,15
-1,15
6681,15
-1,15
-1,15
1508,16
-1,17
-1,15
-1,16
-1,15
-1,16
408,15
-1,15
-1,16
6778,16
-1,15
5288,15
-1,16
-1,16
6212,14
-1,16
9955,15
3447,15
3764,17
6086,16
-1,18
9425,16
-1,16
7740,16
1673,17
-1,15
-1,15
3044,17
-1,16
3328,15
4765,16
-1,14
-1,15
-1,16
3818,17
8002,16
6276,15
2589,14
-1,15
-1,15
4521,15
5312,16
1499,15
1055,16
-1,17
-1,15
5823,17
-1,14
-1,16
-1,16
-1,15
9987,16
-1,15
-1,14
-1,18
3342,17
-1,15
-1,15
-1,16
-1,14
-1,15
-1,16
-1,16
-1,15
-1,16
7627,15
-1,15
3116,17
-1,16
-1,15
4075,16
6181,16
6107,17
-1,15
9222,15
-1,16
7172,14
-1,15
-1,16
5925,16
7867,16
-1,14
7947,16
4662,16
5377,15
107,16
-1,15
-1,19
-1,15
551,16
-1,15
-1,15
-1,15
9727,15
-1,15
8247,16
6702,15
7898,15
-1,14
-1,15
-1,14
-1,15
-1,16
3784,15
7990,17
-1,15
7966,15
9601,15
-1,15
3665,16
-1,17
2564,15
6260,16
-1,15
694,16
-1,16
242,16
1229,15
-1,15
-1,16
5,16
-1,16
9307,16
-1,15
2606,16
455,17
1941,16
-1,15
1213,16
9849,15
5882,17
-1,15
4962,15
8151,15
2921,15
-1,17
-1,15
-1,15
2504,16
-1,15
-1,14
-1,15
4416,15
1594,14
1743,15
-1,15
8330,17
-1,15
9242,16
-1,15
8284,15
2042,16
1070,16
-1,15
-1,15
2061,16
-1,14
5303,15
9454,15
-1,16
-1,15
9653,15
1000,14
6147,15
13,15
504,15
1258,15
-1,16
7541,16
1036,15
8871,16
-1,14
-1,17
7360,16
-1,16
-1,15
9121,17
2510,17
-1,15
7583,15
-1,15
-1,15
-1,17
-1,16
5692,16
336,15
-1,16
7415,15
9682,17
-1,16
-1,14
-1,15
111,15
-1,15
-1,14
7547,16
5964,17
-1,15
-1,17
7251,16
-1,18
1356,16
-1,16
3279,14
3830,16
3263,16
-1,15
-1,16
866,15
6405,17
-1,15
2555,15
1714,16
1814,15
3107,15
-1,16
705,16
-1,15
271,17
4331,18
634,18
9920,15
-1,17
2568,16
3312,18
-1,16
3171,17
-1,15
3963,17
6317,16
-1,14
-1,16
-1,17
-1,15
289,15
9850,15
3405,14
-1,15
2654,15
6643,15
9143,17
-1,15
4172,15
9512,16
-1,16
-1,15
-1,15
3879,18
-1,15
-1,16
1616,14
7316,16
4268,16
-1,15
-1,17
-1,15
-1,14
-1,14
3931,16
6499,14
3747,15
-1,17
5442,16
-1,15
287,14
907,15
8692,17
-1,16
7136,15
-1,15
-1,18
8577,16
639,16
-1,15
-1,17
9651,15
766,18
3885,15
9742,16
2473,16
7948,17
-1,15
9387,15
-1,17
454,16
3860,15
4994,16
-1,15
-1,18
4148,15
-1,16
-1,17
-1,15
-1,15
-1,15
-1,17
-1,15
411,15
9322,15
4571,14
-1,15
7696,16
-1,15
9703,16
-1,14
-1,15
-1,16
-1,15
8338,14
2683,17
-1,17
2349,18
6710,16
5145,16
-1,15
-1,15
2971,15
4548,14
-1,16
-1,14
6189,16
-1,14
-1,14
6532,16
-1,15
-1,15
-1,15
843,16
-1,14
-1,14
9683,15
2118,15
9888,15
-1,14
-1,15
8588,17
-1,15
-1,15
-1,15
-1,16
5986,15
-1,15
-1,16
3183,16
-1,15
-1,15
-1,16
-1,14
-1,16
9906,15
2430,16
-1,15
-1,16
-1,15
-1,14
-1,14
-1,15
2032,17
-1,15
9387,16
-1,15
5129,18
7247,16
9731,17
7302,14
-1,16
722,16
-1,14
-1,16
7187,15
-1,16
-1,15
-1,16
-1,15
9530,14
4762,15
-1,15
-1,14
-1,16
-1,17
9986,17
-1,14
4839,16
-1,16
-1,16
-1,15
-1,15
-1,15
2967,16
7838,16
2394,16
8436,15
-1,16
4212,14
2790,16
8723,17
6109,15
7661,16
-1,15
-1,15
8597,15
6940,15
-1,16
7143,16
6306,15
5256,17
7669,14
4609,16
5204,16
-1,16
-1,15
-1,15
-1,14
-1,15
-1,16
3729,15
-1,15
1344,15
-1,15
-1,16
-1,15
3414,15
-1,16
4837,16
1035,18
4548,15
8815,16
8300,15
-1,14
7470,15
8248,14
-1,16
-1,15
-1,16
693,15
9387,15
-1,17
781,15
-1,15
-1,14
2279,17
6641,15
3085,16
-1,15
218,16
6664,15
717,15
3307,15
4276,15
-1,15
-1,15
1595,16
-1,16
3322,14
-1,16
-1,15
1287,15
1196,15
1915,15
-1,15
401,15
5124,17
-1,15
-1,16
2333,16
-1,15
2499,15
3044,16
2544,16
2134,16
6679,16
-1,15
-1,15
-1,16
-1,15
7705,15
1435,16
-1,15
-1,15
797,16
-1,15
-1,15
-1,16
-1,16
-1,16
-1,16
-1,15
4235,15
-1,15
-1,15
-1,15
-1,15
-1,15
9181,17
-1,14
6231,17
-1,16
1395,17
-1,15
-1,16
9156,15
-1,15
-1,15
-1,15
-1,14
3161,17
9976,18
6773,17
5620,16
8356,16
3390,16
1839,15
1438,16
4091,15
-1,15
2879,15
905,17
6196,17
-1,15
-1,15
2415,16
210,16
-1,15
-1,15
1618,16
-1,15
-1,16
-1,16
8391,16
2007,15
-1,15
5117,14
1860,15
-1,15
1852,14
-1,14
-1,15
-1,15
9468,15
5579,15
-1,14
7319,15
-1,14
-1,15
8661,14
9779,15
9033,14
-1,15
-1,16
-1,15
8295,16
-1,14
-1,16
-1,16
1243,16
-1,17
9860,15
9992,17
3059,17
-1,17
6691,15
-1,15
3886,15
5597,15
-1,15
3600,17
-1,16
3856,16
-1,17
1260,16
3216,16
6646,15
-1,15
5017,17
-1,16
-1,15
113,15
-1,14
-1,16
-1,16
7538,16
-1,16
-1,15
9766,16
2418,17
-1,16
6590,15
-1,17
6371,15
6027,16
-1,15
310,16
7093,16
1515,16
9687,19
-1,15
-1,17
-1,14
7880,17
-1,14
-1,15
-1,15
-1,14
9869,17
939,14
1479,16
1085,15
-1,16
1895,14
-1,15
-1,16
5179,16
5907,16
-1,15
5579,14
5583,18
-1,17
-1,15
-1,15
4281,15
196,15
7935,15
-1,15
-1,16
7983,18
1503,15
8444,17
6326,16
-1,15
-1,15
-1,16
1752,16
1348,15
-1,16
-1,16
9701,15
7646,17
-1,14
-1,15
-1,15
-1,16
5817,16
590,17
9532,16
-1,14
-1,16
-1,15
-1,16
8224,14
2709,16
-1,15
-1,16
1394,17
-1,16
8960,17
5538,16
-1,15
6913,16
1115,18
1173,15
1480,16
6794,16
900,15
312,16
-1,16
-1,15
1948,17
3873,16
-1,14
-1,15
2369,17
3222,16
-1,14
-1,15
7683,14
4268,15
-1,16
5522,15
-1,15
7570,15
4694,16
-1,16
-1,16
-1,16
-1,15
-1,16
1758,16
-1,14
4641,17
7256,17
1666,18
-1,14
-1,14
-1,16
-1,14
9042,15
-1,15
-1,16
6348,16
5444,15
-1,15
-1,16
-1,15
8408,17
1874,17
7919,15
4683,16
-1,15
8033,15
-1,15
-1,15
-1,16
8422,16
-1,15
-1,16
3870,16
-1,15
7583,15
-1,16
5915,15
-1,14
1907,15
2084,15
-1,15
-1,17
-1,15
1124,18
-1,15
-1,15
-1,15
-1,15
9131,15
-1,15
6492,15
6758,16
4252,17
-1,15
5451,14
7492,16
-1,15
1444,17
-1,16
-1,14
1292,15
2458,15
-1,17
8084,17
-1,15
-1,15
-1,15
7852,16
-1,17
-1,16
-1,15
-1,15
6155,17
-1,15
6575,15
-1,15
3154,16
551,16
894,15
-1,16
1692,15
-1,15
8379,17
-1,15
-1,14
7766,15
-1,14
-1,16
1568,17
9065,15
-1,17
-1,16
6764,14
4414,15
-1,15
5957,16
7343,16
4853,16
6364,15
-1,17
-1,16
-1,15
6050,16
9920,15
-1,15
1567,16
-1,16
9270,16
-1,15
-1,15
-1,14
6287,17
-1,14
-1,15
-1,15
4845,16
-1,15
852,16
6013,16
7727,15
3993,15
-1,16
-1,15
-1,16
1939,16
-1,16
9705,17
-1,15
-1,17
-1,14
-1,14
2545,18
527,15
-1,15
5582,15
-1,15
1431,16
7258,17
2713,16
7809,16
9528,18
591,14
-1,16
882,16
3439,15
8371,16
5692,16
-1,15
-1,16
494,16
-1,15
5293,14
-1,16
-1,15
2215,16
4359,15
-1,15
-1,16
-1,15
-1,15
4264,16
-1,16
-1,16
1010,15
7952,15
-1,17
670,15
9930,16
1493,16
4671,16
-1,16
-1,16
-1,16
-1,14
-1,16
1600,15
7478,16
-1,15
7030,15
344,16
6180,16
4833,16
5359,17
6639,17
8863,17
2533,16
4672,16
221,16
-1,14
7510,15
-1,15
-1,15
-1,16
-1,15
867,18
759,17
7860,16
1522,15
2265,16
2184,14
-1,15
4816,16
-1,16
5602,16
1032,17
9176,17
7797,16
2203,15
1169,15
7178,16
-1,15
8765,16
8410,15
1083,16
5960,15
-1,14
-1,15
4717,15
-1,17
11,16
-1,15
-1,15
2169,15
739,16
4795,15
-1,16
3517,17
-1,15
-1,15
1455,15
8347,16
3029,17
3620,15
-1,15
1655,14
445,15
-1,14
7550,15
54,15
5014,15
-1,16
-1,15
8464,15
4233,15
3098,14
-1,15
3033,15
-1,15
4802,16
-1,15
-1,16
9215,16
5694,16
9041,16
5603,16
7543,15
8210,16
7920,16
1588,15
339,15
4742,16
7182,17
4262,18
-1,15
-1,15
-1,16
8931,15
5718,15
-1,16
425,15
-1,16
-1,15
-1,15
-1,15
4055,16
-1,15
-1,15
-1,14
2224,18
-1,15
-1,17
-1,15
5070,15
-1,15
8828,16
-1,16
5680,16
7728,17
-1,15
-1,14
9933,17
1984,16
-1,16
2669,17
5992,14
-1,14
4513,16
-1,14
293,15
2528,15
722,16
1308,16
-1,14
-1,15
-1,15
8052,16
9851,17
-1,16
-1,17
2236,16
-1,15
-1,15
2409,15
-1,16
9987,15
3651,17
-1,14
-1,15
3302,16
-1,16
-1,16
3128,17
2143,17
-1,15
-1,14
5829,16
8510,17
5738,15
7578,15
-1,15
5660,15
-1,15
-1,15
409,15
-1,15
-1,15
5418,15
-1,17
-1,16
-1,15
4437,16
-1,16
-1,15
3937,16
-1,14
-1,15
-1,16
-1,16
9967,15
5272,16
7235,17
-1,14
8294,15
5960,14
-1,15
-1,16
250,17
5662,16
1777,15
-1,15
-1,14
-1,15
4290,16
-1,15
745,17
-1,14
8533,15
1529,16
1656,16
-1,15
3877,14
-1,15
-1,16
4931,15
-1,15
-1,15
6211,15
1973,16
-1,15
5362,15
-1,15
8493,16
-1,14
305,16
-1,16
1545,15
-1,16
4796,16
-1,14
8442,16
-1,15
-1,15
7598,16
-1,15
-1,16
-1,14
8559,15
4196,17
9667,16
-1,16
603,15
9167,15
-1,15
-1,16
-1,16
-1,16
7283,17
3117,16
3104,15
4350,15
1183,16
-1,16
13,16
8477,16
-1,15
-1,15
-1,16
-1,15
-1,15
9439,16
9922,16
6668,14
4849,15
6085,15
-1,17
6860,15
-1,16
-1,16
-1,14
4048,16
548,15
9926,16
-1,14
-1,15
-1,15
7260,16
-1,15
6882,15
4534,15
-1,16
-1,15
4330,16
9936,16
-1,16
-1,16
-1,14
1524,16
4850,15
-1,17
-1,14
2195,16
-1,17
-1,16
6794,14
54,17
-1,16
5455,17
-1,14
764,16
-1,15
-1,16
4031,15
-1,16
3287,16
-1,15
8228,16
1028,15
8372,15
4398,15
-1,16
-1,14
-1,17
-1,16
2625,18
3201,17
-1,14
2018,16
423,16
8715,14
5092,16
9622,16
4208,16
477,14
9811,17
1507,16
-1,17
-1,15
-1,16
-1,17
9198,16
8065,15
-1,15
8307,15
2184,16
-1,15
622,16
-1,16
2457,15
-1,14
-1,15
-1,15
-1,14
495,15
-1,15
3880,15
-1,16
-1,15
9701,16
6614,16
-1,15
-1,17
1234,14
-1,15
5405,15
2286,15
4849,16
-1,16
2401,17
7881,16
9925,14
-1,16
6807,16
798,14
-1,14
-1,15
-1,16
4864,15
5816,17
-1,16
671,17
-1,17
-1,15
-1,16
-1,14
9098,17
1696,15
-1,14
7566,16
5434,15
8984,16
-1,17
9299,16
-1,15
5820,16
-1,14
-1,15
531,16
-1,15
-1,15
9182,16
-1,14
-1,16
9082,16
-1,16
-1,16
3612,15
-1,15
-1,16
2372,18
-1,15
2871,16
3321,15
1237,16
-1,15
-1,15
-1,15
-1,15
-1,14
166,16
-1,15
-1,15
5244,17
-1,15
-1,15
3656,17
-1,15
6829,16
1762,17
-1,15
2251,15
-1,15
9583,15
5194,16
-1,16
5301,16
7613,18
-1,16
3815,15
7473,16
-1,14
9683,15
4072,16
2937,15
693,15
8161,15
2707,15
3794,15
5682,17
5517,16
1584,16
-1,16
-1,16
-1,16
466,16
-1,14
-1,14
-1,16
8458,16
4042,16
8753,16
5793,16
-1,15
-1,15
-1,15
-1,14
-1,17
6491,15
-1,15
-1,16
9640,16
-1,15
9467,16
-1,17
-1,16
-1,17
9182,16
-1,17
2522,16
1225,15
-1,15
-1,14
-1,15
-1,15
-1,16
-1,15
-1,16
469,17
-1,17
7845,15
8322,16
-1,15
9025,15
-1,15
1912,16
3922,16
-1,16
-1,15
5612,16
-1,15
3536,15
-1,15
8256,14
3012,15
2893,16
5353,16
9220,16
-1,16
-1,15
5799,16
2010,16
7128,15
6253,16
4605,15
4497,16
9348,18
120,16
803,15
4695,15
-1,14
-1,16
-1,14
7211,17
5471,15
4156,16
-1,15
3225,15
1749,15
-1,15
9634,16
-1,15
5798,16
1020,17
-1,16
-1,15
35,17
-1,15
-1,16
5860,15
9587,16
9353,16
-1,16
9654,16
2062,15
-1,15
8033,16
8399,15
-1,17
4630,16
-1,16
8335,14
-1,14
4804,15
8235,16
-1,14
-1,15
-1,15
2601,14
-1,16
-1,15
-1,16
4708,14
1162,15
2398,15
-1,15
8191,15
3611,16
-1,16
9308,14
-1,15
-1,14
8933,17
9688,16
3161,15
-1,16
-1,15
-1,15
668,16
5475,16
-1,14
277,17
53,14
3591,14
3651,15
8759,14
-1,14
-1,15
5437,17
-1,16
3489,16
2830,15
4537,16
9462,15
-1,16
-1,14
-1,14
1910,15
-1,15
-1,15
-1,14
-1,16
905,19
-1,15
-1,16
-1,16
9642,15
4043,16
-1,15
-1,16
2509,17
4492,15
5595,16
2761,14
-1,15
-1,15
-1,15
-1,17
-1,15
-1,15
7080,16
3186,15
-1,15
8843,16
-1,15
-1,16
1219,15
7758,16
-1,16
-1,15
-1,17
-1,16
5947,15
9700,17
-1,17
-1,15
-1,15
980,17
3625,16
-1,14
3490,16
4784,15
4494,16
-1,15
9554,15
-1,16
7498,15
3067,15
-1,15
-1,15
-1,14
5589,15
-1,17
-1,17
4274,16
-1,16
-1,15
-1,15
-1,14
5354,15
-1,14
-1,16
8600,16
1049,15
-1,15
3612,16
2678,16
-1,14
-1,16
8145,16
-1,15
-1,15
-1,16
-1,18
-1,15
653,15
3314,16
-1,14
3566,14
4975,15
2409,15
2623,15
-1,14
1838,14
143,15
8035,15
7440,15
-1,14
9270,16
4952,15
2905,18
4893,16
8105,16
6466,16
6879,15
-1,15
1610,16
-1,15
2175,17
2550,16
970,17
7119,16
8774,15
-1,15
7535,15
8976,15
5705,18
1820,15
-1,16
9580,15
6832,16
9634,14
-1,14
3434,15
2179,17
-1,16
-1,17
-1,15
-1,15
-1,15
3386,16
2836,16
-1,15
2647,15
-1,15
8310,15
2056,16
9420,17
1715,16
-1,15
-1,15
461,15
-1,15
-1,15
761,15
-1,15
5138,15
7688,15
-1,15
-1,15
4941,16
-1,16
-1,16
9681,17
-1,15
-1,17
-1,15
9692,14
6712,15
-1,16
3977,14
718,16
-1,15
-1,15
6052,17
-1,16
1748,15
1721,16
-1,16
-1,15
-1,16
8580,16
-1,14
5059,16
8799,17
2694,15
-1,15
-1,15
-1,15
926,16
9908,18
-1,15
-1,15
4571,14
9823,15
5126,15
1885,16
-1,16
2296,16
-1,14
-1,16
5654,17
80,17
3011,17
-1,15
5797,15
-1,16
-1,16
1578,16
6730,16
6388,17
-1,14
8621,17
4934,15
-1,16
-1,15
-1,17
-1,14
3437,16
4255,16
6466,17
9276,15
8396,15
-1,15
-1,15
6909,15
9646,17
1246,16
9298,15
8154,15
5254,16
4258,19
28,16
1732,15
8766,17
4662,16
-1,15
-1,15
-1,16
4924,15
44,15
-1,17
-1,16
3390,14
-1,15
7308,16
-1,15
-1,16
-1,16
1158,16
1993,16
-1,15
9320,15
-1,16
6073,15
-1,14
9394,14
-1,15
5181,15
5130,17
-1,14
-1,15
277,15
6015,15
-1,14
9531,16
649,16
5168,15
-1,16
2597,17
2374,16
1094,14
-1,15
3771,14
-1,14
2507,15
2048,16
-1,14
-1,15
-1,15
-1,15
2721,16
-1,15
2051,16
1108,16
-1,15
8479,16
1812,18
5159,15
6049,15
251,16
4380,15
-1,15
-1,16
-1,15
-1,16
7696,16
974,15
3121,15
5465,15
1151,15
2305,15
4921,16
-1,15
-1,15
3569,15
-1,16
9991,15
-1,17
9944,17
5450,16
2097,16
4219,15
8543,15
2733,16
282,17
-1,15
-1,17
-1,15
-1,16
-1,15
-1,15
-1,14
-1,16
-1,15
-1,17
9418,15
9683,17
5119,16
-1,16
5142,16
9773,15
-1,16
9438,14
5685,15
-1,16
3166,16
8023,17
-1,16
-1,17
4438,16
7386,15
-1,15
8204,16
3502,16
1370,16
-1,16
-1,16
-1,17
6895,15
-1,15
2917,17
6946,15
3546,15
5195,16
4076,16
-1,15
6826,16
613,15
5893,15
6508,17
-1,15
6571,15
5887,18
-1,15
-1,14
-1,16
-1,15
-1,14
-1,15
80,15
7019,16
8304,17
3753,15
127,16
-1,18
8403,15
-1,16
-1,15
6232,16
2208,15
9437,15
5090,15
3488,16
-1,15
6215,15
5838,15
6545,16
5675,17
8924,15
5964,15
6127,16
-1,15
3030,15
604,15
9012,16
17,15
-1,14
3664,16
-1,16
-1,16
-1,16
-1,15
3790,17
9260,16
-1,16
-1,17
-1,17
3187,17
3679,17
5203,16
6712,17
2559,16
672,17
9513,17
-1,15
5806,14
8286,15
5738,16
9383,14
1428,17
144,14
-1,15
5105,16
-1,16
2023,16
3680,17
7769,15
-1,14
5856,16
-1,15
4884,16
-1,15
2400,15
-1,16
-1,15
3710,16
-1,17
1109,15
-1,16
-1,14
-1,15
-1,16
-1,16
9556,16
-1,15
-1,15
278,17
9196,15
-1,18
-1,15
-1,14
5131,17
-1,16
-1,14
-1,16
-1,16
1931,17
-1,15
-1,15
-1,15
-1,15
9394,15
-1,14
6220,16
4585,15
-1,16
2700,15
-1,15
-1,16
3028,16
6655,16
1225,16
-1,15
6010,16
-1,15
6477,14
-1,15
7213,15
5514,17
1881,17
997,15
1775,15
-1,15
-1,17
9281,17
6256,15
8742,15
4328,15
-1,17
9489,16
6968,16
2265,15
-1,16
9340,18
7823,16
-1,16
-1,16
-1,15
3978,16
-1,15
5574,15
952,17
5112,17
2834,16
1368,15
-1,15
6309,16
4960,16
3087,18
7519,16
-1,14
9955,17
4082,16
8322,15
9528,16
8795,15
3910,17
6709,15
2901,17
6007,17
1596,16
5922,15
5348,16
5979,17
3804,17
-1,16
-1,15
-1,15
3243,16
5143,14
-1,16
8856,16
-1,14
-1,16
6057,18
-1,14
-1,17
362,15
-1,16
1108,17
-1,14
6114,15
4987,16
-1,15
4528,15
9097,17
-1,16
6559,15
-1,14
1993,17
-1,15
9114,16
9741,15
5582,15
-1,16
7964,16
6418,15
-1,15
6900,16
-1,16
-1,15
6833,15
5772,16
8276,16
7518,15
6288,15
-1,16
-1,15
-1,16
-1,14
-1,16
5694,18
9284,16
5448,16
-1,16
-1,16
775,16
-1,16
6889,16
1658,16
7583,15
762,17
-1,15
-1,17
6915,16
-1,16
3287,17
2088,16
4897,15
5014,16
2004,15
6017,15
-1,14
-1,16
1024,15
-1,14
-1,17
-1,15
-1,17
-1,15
9451,16
6978,17
-1,17
-1,15
2496,15
2993,17
-1,14
-1,17
2821,16
597,15
-1,17
-1,16
9298,15
-1,16
5958,16
1839,15
8522,16
3298,16
-1,18
-1,16
-1,16
3383,15
3840,16
8331,15
7672,14
7375,16
-1,14
-1,14
-1,15
-1,15
1976,15
-1,15
-1,15
-1,18
-1,16
-1,15
2053,14
9248,15
-1,15
8158,16
-1,15
-1,14
-1,17
8174,16
2163,16
4299,16
-1,15
694,16
-1,15
-1,16
7276,16
7567,15
3756,16
-1,16
7253,17
-1,15
-1,15
2648,15
-1,15
-1,15
-1,15
-1,17
-1,15
7997,16
-1,15
304,15
-1,17
-1,17
-1,15
-1,15
205,15
1616,15
-1,16
-1,15
-1,15
7520,15
-1,15
8463,15
-1,16
-1,15
5937,16
-1,16
-1,15
-1,15
9004,17
-1,14
-1,15
6386,16
-1,15
-1,16
2736,16
3364,15
-1,14
-1,15
-1,15
-1,17
-1,15
-1,14
5465,15
1775,15
-1,16
-1,17
1659,17
-1,16
4468,16
1899,15
-1,15
-1,15
7869,18
2586,16
2493,16
-1,14
5680,16
5965,14
4157,16
7991,16
-1,15
-1,15
7922,16
7037,16
-1,15
-1,16
-1,16
9743,15
7402,16
9398,15
-1,15
6755,16
9521,14
6240,16
-1,16
6293,15
3851,15
-1,15
493,16
3588,16
-1,15
4600,16
-1,16
-1,15
1366,16
-1,14
-1,15
-1,16
4842,15
-1,16
2135,17
-1,15
5582,15
1523,16
1540,16
3519,16
5880,15
-1,16
-1,14
-1,15
9179,16
2472,16
3384,15
9125,15
-1,14
3298,16
3596,18
-1,16
-1,15
-1,16
-1,16
2262,16
-1,16
2340,16
8542,14
-1,15
8328,18
-1,15
8785,15
2951,17
-1,15
4489,14
-1,14
7536,15
-1,16
-1,15
-1,15
995,15
-1,15
2050,16
1876,16
-1,15
-1,15
-1,16
-1,16
-1,14
-1,16
-1,17
-1,16
-1,16
7914,16
-1,15
1751,15
-1,15
-1,16
8496,15
-1,16
2274,14
2949,17
-1,17
7200,17
-1,16
3794,16
9227,15
-1,16
-1,16
4352,16
-1,15
7639,14
-1,15
4452,16
5254,16
-1,15
5625,15
-1,15
3723,14
-1,15
-1,15
-1,14
4994,15
-1,17
7306,15
-1,16
-1,15
7033,16
8753,15
-1,15
-1,14
-1,15
7597,16
2004,15
-1,15
8717,15
-1,17
3363,16
9421,17
356,15
1748,16
-1,15
6254,16
-1,17
-1,17
-1,15
3944,16
-1,15
-1,15
-1,15
-1,16
-1,16
9374,16
-1,16
6188,16
-1,17
-1,14
-1,16
3863,15
-1,14
8550,15
1460,18
-1,17
-1,15
4426,19
-1,15
-1,15
-1,16
7992,14
8735,17
-1,14
-1,16
1507,15
270,14
-1,14
-1,15
8438,16
-1,16
978,17
8634,15
-1,15
-1,15
5656,14
8487,15
-1,15
7575,15
-1,14
7220,15
3375,15
-1,17
299,16
-1,15
9639,16
1775,14
-1,14
75,15
7867,16
3453,16
2353,16
-1,15
-1,15
8150,17
-1,15
-1,14
2348,18
-1,15
-1,16
-1,16
1300,15
758,16
-1,15
3198,16
1006,18
-1,15
-1,15
6818,15
-1,15
5885,16
8934,15
-1,15
-1,15
5129,16
9757,14
-1,14
8632,15
6172,16
-1,16
-1,15
3474,17
8381,16
-1,16
-1,16
7574,16
-1,16
4871,16
4660,16
9751,15
981,15
-1,16
4691,17
1588,15
-1,15
9550,15
9937,17
7074,18
3045,16
-1,16
2439,18
-1,16
426,16
6933,16
5065,15
1194,17
8489,15
9309,14
-1,14
3736,16
8458,16
7102,16
2325,15
2861,16
-1,15
-1,15
4369,17
-1,15
3961,14
-1,16
-1,15
-1,15
-1,17
-1,15
7437,15
1588,16
-1,15
-1,15
-1,16
-1,15
5173,15
-1,15
4161,15
6383,15
2815,16
6728,15
-1,17
-1,15
3942,16
7198,15
864,16
-1,15
5620,16
-1,14
1090,16
-1,16
6742,14
7635,15
-1,16
-1,15
-1,13
-1,15
6783,17
1368,15
-1,15
5832,14
6859,18
2619,15
-1,15
-1,15
-1,15
-1,16
-1,16
-1,16
-1,15
-1,15
-1,14
-1,16
-1,15
-1,15
6200,17
7367,14
-1,14
-1,17
-1,14
-1,15
457,15
-1,15
-1,15
260,15
8281,15
-1,16
-1,16
6908,17
-1,15
5700,15
447,16
6863,15
-1,15
1364,15
3633,16
7581,15
6917,16
-1,15
2136,16
8719,17
-1,16
531,16
-1,15
807,16
8596,17
-1,15
6580,16
-1,15
-1,16
2849,16
319,15
5124,16
349,16
7623,15
4637,16
-1,16
1223,15
866,17
-1,15
-1,17
-1,16
78,15
8267,15
9062,16
-1,15
-1,15
7297,15
268,17
-1,16
1467,17
-1,17
-1,15
3025,15
3159,16
4695,15
-1,15
5705,18
8657,16
-1,16
7435,18
-1,15
-1,16
7400,15
-1,14
9675,15
5036,15
2177,16
9774,17
8705,16
-1,15
-1,16
4551,16
452,18
-1,15
-1,16
-1,15
8539,16
6328,15
3484,15
-1,15
-1,14
-1,15
-1,16
-1,14
-1,15
5310,15
-1,17
-1,15
-1,15
7802,19
-1,16
2241,15
-1,16
-1,15
5045,15
-1,15
-1,17
2768,17
9374,17
-1,15
4295,15
9383,15
-1,15
7396,16
3902,14
-1,15
-1,16
1640,16
-1,15
-1,14
-1,16
3746,17
8199,16
-1,15
-1,15
-1,15
-1,14
5736,14
3972,16
-1,18
8016,17
6474,15
5696,15
99,17
7913,16
-1,15
-1,16
7708,15
6082,14
-1,15
2102,17
1193,15
2919,15
-1,16
-1,15
3347,15
6514,17
1675,16
4423,15
517,15
-1,15
3880,16
-1,16
2104,14
-1,14
5292,16
1040,18
9381,15
-1,16
7318,15
-1,16
-1,16
-1,14
5221,16
3793,16
-1,14
-1,16
-1,15
8239,15
-1,15
5998,18
-1,14
1667,16
6489,16
6751,15
8877,16
5416,14
8133,16
-1,16
-1,15
-1,14
5246,15
825,16
-1,16
-1,15
-1,15
-1,15
-1,16
5410,16
-1,15
5440,15
9024,15
-1,16
9841,15
8646,15
2647,16
-1,14
-1,16
-1,15
8927,14
833,17
4378,15
4971,15
-1,15
-1,15
9539,15
4052,16
1938,16
-1,14
613,15
-1,16
8038,17
9217,16
-1,15
-1,15
-1,17
6778,15
-1,15
6933,16
-1,15
740,16
-1,15
4118,14
7830,15
-1,16
1251,17
9148,16
-1,15
5865,15
-1,15
-1,15
-1,16
636,15
-1,15
-1,17
-1,14
-1,15
-1,15
-1,14
-1,15
-1,15
-1,17
-1,16
-1,14
9540,16
-1,16
-1,15
-1,15
7422,16
-1,16
7802,16
-1,15
247,16
1922,15
-1,14
-1,16
-1,14
4264,17
-1,15
-1,15
7124,15
305,15
-1,17
-1,15
-1,15
864,15
2882,17
4917,17
6245,14
-1,14
7392,15
-1,16
-1,16
-1,15
-1,17
-1,16
-1,15
8039,15
-1,17
-1,15
-1,16
6524,15
-1,17
6073,16
-1,15
-1,14
-1,16
7931,17
-1,16
-1,16
3652,15
-1,14
4272,15
2313,15
-1,15
3296,16
2010,16
9018,15
6230,17
4890,16
-1,16
952,16
4798,16
5008,15
9049,14
7039,16
336,16
-1,15
1623,17
-1,16
1640,15
-1,15
-1,16
-1,15
931,15
4828,15
8807,15
-1,16
-1,14
-1,14
-1,15
-1,15
-1,15
8860,15
8548,15
-1,14
8713,17
-1,15
-1,16
8479,15
3345,16
-1,15
-1,17
6446,16
5098,14
774,16
5443,15
7346,15
-1,15
-1,15
782,15
7470,16
-1,15
-1,15
2333,15
-1,15
9939,16
8762,14
-1,15
9415,15
-1,17
9006,18
-1,17
-1,14
6330,15
-1,15
-1,15
3045,16
4014,16
2171,16
-1,15
5250,15
3420,16
-1,16
-1,15
-1,15
-1,17
1644,17
-1,15
-1,15
-1,15
-1,16
5174,16
-1,15
-1,14
-1,15
1252,15
184,15
-1,15
-1,15
9434,16
7440,15
-1,16
-1,15
5750,15
628,15
5865,15
-1,15
7630,15
6749,16
-1,14
2319,15
8338,15
-1,14
6559,15
4890,15
-1,16
6511,15
5477,14
3257,17
1254,16
8164,15
-1,15
6529,16
-1,15
-1,16
2586,16
-1,17
-1,16
2082,15
9541,17
7229,16
-1,15
8943,17
-1,15
-1,14
6571,16
-1,15
5435,15
6498,16
2054,16
-1,16
-1,17
-1,14
-1,18
929,16
-1,15
1110,16
2386,16
5844,16
2097,16
5662,16
-1,14
-1,16
-1,15
7556,16
-1,15
-1,16
-1,15
1770,16
95,14
7629,17
5719,19
-1,15
-1,15
7862,15
838,16
5467,17
4349,18
4955,14
4128,18
9740,17
397,15
-1,16
8867,16
-1,16
-1,15
-1,15
-1,14
424,16
5666,14
-1,15
-1,15
9598,17
-1,16
2237,15
-1,15
3495,14
-1,17
7473,15
-1,17
4727,16
7425,15
-1,15
6444,16
-1,14
-1,15
-1,15
6131,16
-1,15
5426,16
2389,17
337,16
-1,15
2010,17
-1,14
4153,16
657,18
-1,15
6106,16
3970,15
5227,16
821,14
-1,14
-1,15
432,17
-1,16
1329,16
-1,14
9520,16
-1,14
-1,15
617,17
2605,15
-1,15
-1,14
-1,15
4961,17
5687,14
-1,16
-1,16
-1,15
1006,15
-1,14
-1,16
-1,16
916,15
-1,14
-1,16
1654,16
250,16
-1,15
-1,15
-1,15
-1,15
3837,15
4413,16
9015,17
-1,15
-1,15
4208,14
-1,16
-1,15
7074,17
4439,15
2329,15
-1,15
-1,15
-1,15
-1,14
7954,15
-1,15
715,16
-1,16
-1,16
6503,14
6450,15
-1,15
8397,15
7124,16
8260,14
8782,16
-1,15
2073,15
-1,16
8187,16
-1,15
-1,15
9643,14
6714,17
6821,18
4169,15
6576,16
893,17
2611,16
6015,15
-1,16
-1,15
6547,15
1066,16
2450,17
360,15
-1,15
-1,17
2657,15
-1,15
-1,15
-1,15
8619,17
8937,17
6471,16
9595,15
-1,18
305,16
1556,17
5675,17
8548,15
-1,15
1593,17
-1,16
3266,15
8985,15
1035,17
-1,15
-1,16
3331,16
9842,16
6584,15
-1,14
90,15
-1,15
11,16
-1,16
-1,15
-1,15
2071,16
-1,15
2624,16
-1,14
-1,16
9994,16
-1,15
-1,15
-1,16
3962,15
-1,15
8596,17
831,18
3817,17
-1,15
-1,16
-1,14
-1,16
-1,14
-1,14
7207,15
-1,16
-1,15
2054,15
6780,15
8499,17
-1,16
5932,16
-1,16
1621,15
-1,15
-1,15
4576,15
1417,16
9287,16
1987,16
8359,15
2741,18
7639,16
8841,15
8860,15
-1,15
-1,15
5365,16
1776,16
2508,15
3335,16
-1,15
-1,14
-1,14
6589,18
3044,15
-1,14
8615,16
-1,16
4002,17
-1,15
-1,15
-1,16
2688,16
-1,15
7466,16
6740,15
4228,16
9332,15
-1,15
3599,15
3087,17
-1,15
-1,16
-1,16
-1,16
1471,15
8173,15
7331,14
-1,14
-1,15
-1,17
2394,16
-1,15
-1,15
4635,16
454,16
7412,15
-1,15
-1,14
3988,15
7764,15
-1,15
7736,17
-1,16
-1,17
1847,15
-1,15
-1,16
-1,14
3020,14
8237,15
8832,16
-1,16
-1,14
8696,18
-1,15
-1,15
9173,16
7137,17
987,18
9221,16
189,15
-1,15
31,16
4020,16
4287,16
-1,15
-1,15
-1,15
8034,17
-1,16
5238,16
7800,15
8510,15
2992,15
2553,16
2165,14
-1,15
9387,15
2557,15
-1,16
1379,17
-1,15
6727,16
-1,16
7237,18
-1,14
3118,15
-1,15
4200,15
8412,16
8127,15
7553,16
3938,15
4117,18
857,15
-1,15
-1,17
-1,16
-1,15
-1,15
8000,18
6495,17
2527,15
-1,17
3347,16
8457,15
-1,15
1890,14
-1,15
4924,15
8772,16
1812,15
-1,15
-1,15
7322,18
-1,16
-1,16
4821,16
9964,15
6538,16
-1,14
-1,15
-1,15
-1,15
-1,14
9984,15
-1,15
-1,15
8957,16
664,15
1723,15
3870,15
4903,16
-1,14
5770,16
1514,17
8723,17
-1,15
5520,15
-1,15
9908,16
-1,15
157,16
4334,17
5327,15
7824,15
-1,16
-1,15
7835,16
-1,16
-1,16
1505,16
-1,16
-1,15
378,17
-1,17
833,15
-1,16
4913,15
7666,15
-1,15
6063,15
6569,16
-1,15
-1,15
-1,15
3200,15
1188,16
305,15
4734,14
-1,15
1344,15
6382,14
-1,16
8293,16
5711,15
-1,16
5480,15
8026,16
4832,16
-1,15
9284,16
-1,15
5408,15
8665,16
-1,15
-1,16
8863,16
-1,14
771,18
-1,16
-1,15
-1,16
-1,16
-1,16
-1,16
7530,18
-1,15
6080,16
4957,18
-1,16
-1,15
-1,15
-1,14
6685,17
-1,17
-1,15
9056,16
-1,15
-1,15
3076,15
-1,15
6683,15
1210,17
-1,15
-1,14
-1,14
8482,16
7126,17
7525,18
-1,14
4594,15
-1,15
-1,15
5255,16
-1,16
-1,15
-1,16
972,16
7224,17
643,15
-1,15
-1,15
-1,15
540,15
9269,17
-1,15
1409,15
-1,14
-1,15
3245,16
4079,15
-1,15
9887,15
8341,16
5173,17
1893,15
8925,15
-1,15
-1,16
-1,15
9603,16
-1,15
-1,16
5015,16
3307,17
-1,16
210,16
9603,17
-1,16
-1,15
7508,16
-1,15
9738,16
-1,15
-1,16
-1,16
3297,15
4478,16
-1,15
6612,17
7036,17
3085,15
-1,16
129,15
2285,16
-1,16
-1,15
-1,15
1492,16
7927,16
-1,15
6781,15
-1,14
184,16
-1,17
-1,14
3112,15
-1,15
-1,15
-1,16
-1,15
-1,15
-1,14
9681,17
1352,15
3662,16
-1,14
1943,16
4552,16
-1,16
-1,14
-1,15
-1,15
5619,15
9794,18
9023,16
1692,16
9631,16
560,15
-1,16
-1,15
-1,15
2418,15
-1,14
5586,17
-1,15
-1,15
1315,15
-1,16
9682,15
-1,14
-1,15
-1,15
9501,15
-1,15
8051,15
5210,16
-1,15
-1,15
5173,17
-1,15
-1,15
-1,15
-1,15
9245,18
-1,14
2931,15
5835,16
5500,16
-1,16
6240,15
1424,15
9597,16
-1,15
-1,15
-1,15
-1,15
1476,17
5854,15
8470,17
-1,16
6774,15
3317,16
-1,14
-1,16
-1,15
-1,14
9171,16
9453,14
1012,18
-1,16
-1,16
6457,15
-1,15
-1,14
6152,16
-1,15
7566,15
-1,17
7223,17
7999,13
-1,16
8107,16
3928,16
-1,14
-1,16
3444,14
8192,16
-1,15
-1,14
-1,15
-1,16
2552,16
-1,14
5867,16
-1,16
1352,17
5502,15
-1,14
117,15
1520,18
271,15
-1,16
-1,16
-1,15
5369,15
-1,16
3844,18
-1,16
822,16
-1,14
5997,16
-1,15
-1,16
135,15
1336,16
9426,15
-1,16
-1,15
705,16
-1,15
6358,14
-1,16
1539,17
202,16
7565,16
3588,16
-1,16
228,16
4610,16
168,17
-1,15
9257,15
8462,16
-1,16
-1,15
-1,16
9713,16
2324,15
4250,16
7478,16
548,16
6308,15
2843,18
1129,17
-1,16
1379,15
-1,16
3789,18
-1,16
3136,15
6936,16
6733,15
-1,15
4439,15
-1,16
1870,16
-1,16
-1,15
-1,14
1027,16
9884,17
2674,16
1186,15
5644,16
4599,17
-1,16
5068,16
-1,15
9989,15
-1,16
-1,16
4904,15
-1,15
-1,14
-1,16
8782,16
5743,16
5291,15
7875,15
-1,16
-1,16
-1,15
3715,16
-1,15
4758,16
7068,15
-1,15
8018,17
-1,15
-1,15
5412,18
3441,16
-1,15
-1,16
-1,15
6961,16
8580,15
-1,14
3716,16
4987,16
8788,16
8281,16
-1,14
-1,16
5066,15
-1,15
-1,17
-1,15
1868,17
8118,16
7673,15
-1,16
-1,15
1938,15
-1,15
-1,15
3804,16
9060,16
-1,14
1290,16
-1,15
-1,14
-1,15
2537,15
-1,14
4942,17
-1,16
3774,17
4973,15
9880,15
-1,16
3546,18
4228,16
-1,14
271,17
8174,16
-1,17
6549,16
-1,15
-1,15
6707,17
2983,17
-1,16
4769,16
-1,16
2588,14
5652,16
611,15
-1,15
6378,16
-1,14
-1,15
9459,17
7944,18
4658,16
-1,16
-1,15
-1,14
9738,16
4839,15
-1,14
-1,16
-1,15
-1,15
5689,14
4142,17
-1,15
-1,15
-1,16
-1,15
2095,15
1443,16
9322,18
7401,16
-1,15
7660,15
-1,15
5008,17
-1,15
4367,16
5880,15
4019,17
-1,15
-1,15
-1,15
6719,15
6935,15
8840,16
7285,16
5518,17
-1,16
-1,15
2960,17
7021,15
-1,15
2619,17
5938,16
-1,16
759,17
-1,16
-1,16
-1,15
-1,15
-1,17
-1,15
8784,15
388,16
7992,14
-1,14
-1,16
-1,16
5891,14
-1,16
7130,15
-1,15
6671,15
-1,18
-1,15
-1,15
1432,15
-1,15
3051,16
6659,15
8139,16
-1,16
-1,15
-1,16
-1,15
-1,17
6612,16
2398,15
8900,17
5512,17
8037,16
-1,17
-1,14
7154,16
-1,16
-1,15
-1,16
9618,16
3160,14
-1,15
6095,16
-1,15
-1,16
-1,15
-1,17
-1,15
-1,14
-1,16
1116,15
-1,16
9739,16
9910,16
-1,16
-1,17
-1,14
-1,15
4023,17
770,16
1825,16
-1,14
-1,16
2361,16
-1,15
7727,17
4372,15
3139,16
3361,16
-1,16
7241,16
-1,14
-1,15
6743,16
-1,15
2703,15
5735,16
57,16
-1,16
-1,16
-1,15
7770,15
-1,15
8958,15
8923,14
8789,17
-1,16
-1,15
3047,17
2803,17
6139,15
9017,15
-1,17
3274,16
-1,17
6185,18
-1,17
-1,14
-1,16
-1,16
6380,15
5231,15
987,16
3795,17
-1,15
7323,16
8686,16
-1,15
6208,15
-1,14
8141,15
-1,15
7284,15
-1,14
-1,17
254,16
6139,15
7948,15
-1,15
2230,16
-1,15
1754,16
928,16
5576,15
7015,14
5661,17
8397,14
-1,15
8848,17
3395,15
-1,16
-1,15
9613,17
-1,14
535,16
7200,15
-1,15
3047,17
8591,18
8989,14
413,14
-1,15
-1,15
1920,16
-1,15
-1,16
-1,16
1607,16
-1,15
-1,15
7598,16
-1,14
201,15
-1,15
2731,15
-1,15
-1,15
3963,15
-1,16
3415,16
409,16
5951,15
3260,15
-1,16
-1,16
-1,18
-1,16
4244,15
7216,16
-1,16
-1,16
-1,15
-1,15
7905,17
-1,14
-1,17
1182,15
7561,16
8756,16
7022,16
-1,15
4003,17
-1,16
4868,15
-1,16
6919,14
4785,15
-1,16
-1,15
-1,16
6554,15
-1,14
7938,15
-1,14
-1,15
4839,16
9954,15
-1,15
8187,15
3652,15
-1,15
7201,16
-1,15
7804,15
-1,15
4479,15
-1,17
9094,16
-1,15
-1,14
-1,16
-1,18
-1,15
3153,17
-1,17
995,15
-1,15
6307,16
-1,15
-1,14
1390,17
-1,16
9478,16
615,17
-1,15
7855,15
-1,15
5412,15
-1,15
-1,16
-1,15
-1,15
5765,17
-1,16
-1,15
299,17
-1,14
-1,14
-1,16
6838,16
5992,17
-1,15
1130,14
-1,14
8501,15
-1,15
9920,15
7570,15
9,15
-1,15
-1,15
8534,15
-1,15
-1,16
4500,16
593,18
5332,16
-1,14
6044,16
-1,15
-1,14
-1,15
-1,16
8186,16
-1,16
9139,18
-1,14
-1,14
6250,16
-1,15
-1,15
8348,15
5506,16
-1,15
9772,16
180,18
4042,17
-1,16
9709,15
5018,16
6753,17
7992,15
1634,16
-1,15
-1,14
8879,17
-1,15
7715,14
2368,16
8299,15
-1,15
5777,16
-1,15
1714,15
8285,17
1859,17
-1,17
9542,18
738,15
-1,16
-1,15
-1,14
-1,16
-1,17
4048,18
4617,15
-1,15
-1,15
7112,15
4856,15
-1,15
-1,15
-1,14
6493,16
157,15
-1,15
131,15
-1,15
2920,15
-1,15
-1,14
530,14
-1,15
-1,15
-1,16
-1,15
-1,15
-1,15
1992,15
-1,15
-1,14
7240,15
1434,15
7735,16
7391,16
-1,16
3899,16
719,15
1920,16
-1,16
-1,14
-1,16
-1,16
5910,15
7808,15
-1,15
3922,15
-1,16
-1,14
-1,15
-1,14
-1,15
5814,16
-1,16
-1,15
-1,15
-1,14
6645,15
9465,16
-1,15
-1,14
2854,16
-1,15
1680,17
-1,15
3247,15
-1,15
-1,14
1790,16
-1,15
1830,17
7043,16
1478,15
4333,17
-1,14
7413,15
2769,16
-1,14
7561,19
9905,14
-1,16
8774,15
7255,15
4788,15
8206,15
-1,15
9995,15
-1,16
3815,14
-1,15
-1,16
-1,15
8287,15
867,18
-1,15
-1,15
-1,16
-1,16
-1,17
4152,17
-1,16
-1,15
5934,15
7777,16
-1,15
4329,16
-1,17
4492,16
-1,15
-1,15
1920,16
9047,16
882,17
-1,16
-1,15
8762,16
5486,17
2523,15
-1,15
-1,14
6756,14
3606,15
6995,16
-1,14
-1,15
4486,15
-1,15
6907,16
-1,17
-1,15
-1,16
6263,16
-1,16
5685,15
-1,15
5548,15
9748,16
-1,14
7547,16
7763,15
-1,15
9820,15
-1,14
37,17
-1,16
-1,15
-1,15
-1,14
-1,16
-1,15
8401,16
-1,15
-1,16
8195,16
-1,17
8907,14
-1,17
5176,15
5766,15
-1,15
9163,15
7006,17
3955,16
-1,16
-1,14
-1,16
-1,15
7149,16
8670,15
7084,17
991,15
-1,15
1773,15
-1,15
2503,15
5579,17
8882,15
4846,15
1599,16
-1,15
-1,16
4290,15
-1,15
5285,16
-1,16
9066,16
7900,14
-1,14
2050,16
2071,15
-1,15
7680,16
-1,15
-1,15
-1,15
-1,15
-1,16
-1,16
4448,16
-1,15
7871,15
-1,15
2648,19
9769,15
-1,15
-1,16
8905,16
-1,15
-1,17
-1,15
1438,16
-1,16
-1,16
-1,15
-1,15
9380,16
1540,15
-1,16
7221,16
3364,17
2791,15
697,16
651,17
-1,14
-1,15
-1,15
4463,17
5692,17
-1,15
8653,15
4002,16
-1,15
4177,17
7288,15
-1,16
-1,16
2272,15
2955,16
-1,14
2724,16
-1,15
6984,18
-1,15
9827,16
7597,15
3792,15
8388,16
-1,16
-1,15
-1,15
3500,15
8754,16
-1,15
-1,17
-1,16
2761,16
-1,15
1577,16
8406,16
8441,16
-1,14
-1,15
-1,15
338,15
-1,15
-1,15
-1,14
897,17
-1,14
-1,16
469,16
2744,16
-1,15
9090,14
6845,16
-1,15
7,15
-1,14
6757,17
-1,15
2167,16
-1,15
-1,14
-1,15
-1,14
-1,15
2025,16
-1,16
3653,16
81,17
-1,15
-1,15
-1,16
9680,15
-1,14
8219,15
-1,16
3765,15
4377,16
-1,15
1452,16
608,16
-1,15
3774,16
-1,15
-1,15
-1,15
-1,14
888,15
-1,14
4644,17
-1,15
-1,15
-1,15
6550,15
6785,15
-1,16
-1,15
8701,17
6009,15
4304,15
-1,14
-1,14
4653,16
2424,15
-1,16
-1,15
1064,15
-1,15
8192,17
-1,15
2413,17
-1,15
2735,17
3220,16
586,15
9863,17
-1,15
277,15
84,15
-1,16
-1,17
-1,15
7869,17
-1,15
-1,16
732,15
-1,16
-1,18
-1,15
-1,14
-1,15
2735,17
9692,15
5675,17
-1,16
1042,16
-1,15
-1,15
-1,15
-1,15
-1,16
1082,16
-1,15
334,17
4551,15
-1,17
-1,17
-1,16
7246,16
289,16
5050,15
7402,15
-1,15
8278,17
-1,15
-1,15
1835,17
-1,16
-1,14
7975,15
5343,15
-1,15
-1,16
899,16
4314,17
-1,16
8324,18
4043,17
3878,17
-1,15
323,16
-1,15
-1,15
69,15
-1,14
-1,14
-1,15
732,14
-1,16
-1,17
1117,16
6669,16
8991,17
1820,15
1677,15
-1,15
-1,14
635,15
6489,15
-1,16
-1,15
9082,15
4778,16
-1,16
9120,15
-1,15
-1,15
7380,17
8087,15
6150,16
-1,15
-1,15
-1,17
8042,15
1900,15
-1,15
-1,16
4024,15
6881,18
4532,15
-1,15
-1,14
-1,15
8385,15
8394,15
9586,15
-1,15
-1,15
-1,17
5562,15
3085,14
-1,14
1127,15
-1,15
3078,16
7394,15
-1,15
-1,15
9595,17
3429,16
-1,15
-1,15
5418,16
-1,15
-1,15
1274,14
-1,15
-1,15
6511,16
-1,15
-1,15
3431,15
-1,15
6329,17
-1,16
-1,15
8471,16
7663,15
1915,15
2494,16
7776,16
-1,15
9126,16
800,15
7751,17
5444,17
-1,16
-1,15
3700,15
-1,15
2066,15
-1,15
1016,16
6600,16
-1,18
-1,16
6463,15
9603,16
-1,15
-1,15
-1,16
9872,17
8911,17
5954,15
-1,15
3764,16
-1,15
6654,14
-1,16
-1,15
404,15
5282,15
7672,16
-1,15
-1,15
6057,17
-1,15
-1,14
3608,15
-1,15
-1,18
-1,14
5885,15
-1,15
-1,15
-1,15
8934,17
-1,16
1875,15
-1,14
3010,15
8210,16
-1,17
-1,15
9643,16
7058,16
-1,14
-1,16
9305,17
3009,15
-1,16
8585,15
-1,16
9165,14
-1,15
-1,15
-1,15
-1,16
-1,14
-1,15
8738,14
808,15
1002,14
8159,17
-1,18
8495,15
3426,15
614,16
-1,15
5155,16
1815,17
-1,16
7796,16
8878,16
-1,14
-1,16
-1,14
7887,15
-1,15
-1,16
-1,15
3783,15
4946,16
-1,14
5720,16
3863,16
-1,16
1682,15
8660,15
-1,16
4230,15
3762,15
-1,15
-1,16
-1,15
-1,14
-1,15
332,17
-1,15
-1,14
-1,16
-1,16
2319,17
-1,16
3414,15
-1,15
7860,15
-1,15
-1,15
-1,16
2638,16
-1,15
-1,16
1806,17
1354,16
-1,16
3670,16
8302,16
1643,18
7083,15
-1,16
1874,16
6166,15
-1,16
3133,16
-1,16
-1,17
121,15
-1,15
6088,16
8900,17
-1,17
-1,15
-1,17
-1,15
6118,16
-1,16
-1,14
-1,16
4737,16
-1,15
-1,15
204,16
4696,17
8267,16
-1,14
-1,15
-1,15
-1,15
-1,15
5602,15
-1,16
7552,17
-1,15
-1,15
-1,14
6279,18
2088,16
-1,15
-1,14
3705,15
-1,15
-1,15
9935,16
8819,16
7924,16
-1,15
-1,16
4292,15
-1,14
-1,17
5459,17
4092,15
8647,14
2806,16
-1,16
6623,15
-1,15
4278,17
-1,17
-1,14
-1,16
1943,16
-1,16
-1,15
1307,15
4663,15
5963,18
4567,16
-1,15
397,16
821,16
5264,15
-1,15
-1,15
-1,13
4162,16
-1,15
4254,15
1237,16
2350,16
1894,16
8923,17
-1,15
-1,16
-1,15
6099,17
-1,14
683,16
-1,14
-1,15
6040,15
5460,15
9458,15
-1,17
-1,16
3326,15
8666,15
-1,15
7157,15
2961,15
-1,16
7836,16
8068,18
-1,16
563,16
-1,15
-1,14
-1,15
-1,16
-1,16
3845,17
4770,16
5678,15
3595,16
-1,14
8354,16
6093,15
-1,15
589,17
9964,15
8693,18
5829,15
9555,15
-1,16
9756,16
1302,16
8699,16
4566,16
-1,16
6129,15
9760,17
3870,15
-1,15
-1,14
-1,14
6289,15
-1,15
68,15
-1,14
8394,17
7697,15
5307,15
5830,16
-1,15
8989,15
-1,16
7469,14
504,15
8416,17
1599,17
-1,14
7809,16
5824,15
-1,16
-1,16
4667,16
-1,15
-1,15
4127,17
2938,17
7172,15
2771,15
3807,17
-1,16
2970,15
7406,15
-1,18
2266,15
9998,16
7012,16
221,16
-1,17
-1,16
3334,15
8374,14
3823,15
-1,15
3964,16
-1,16
-1,15
-1,15
6672,16
-1,15
-1,15
-1,16
4518,17
8749,16
16,17
-1,14
-1,15
-1,17
1613,17
6681,16
-1,15
-1,16
8320,16
4223,17
-1,14
-1,15
5247,16
-1,16
-1,15
-1,18
5446,15
549,16
-1,15
8984,16
3040,15
1920,15
4486,15
-1,16
4376,15
-1,15
4176,16
-1,14
-1,16
6439,17
8882,17
-1,16
-1,15
6954,15
2878,15
-1,16
-1,15
1171,15
57,16
-1,16
-1,15
-1,15
5821,14
-1,15
9067,16
-1,16
-1,15
-1,15
-1,16
-1,15
3364,14
-1,14
4109,15
6569,14
4091,15
-1,15
5379,16
-1,16
7902,16
-1,15
-1,17
5462,16
7153,16
920,15
1865,16
9638,14
6095,14
9848,16
-1,15
-1,15
5164,17
7856,16
2305,17
-1,17
-1,16
3906,16
9961,15
-1,14
5365,15
7357,15
9225,16
-1,15
3161,15
-1,15
-1,15
309,15
-1,16
-1,15
-1,16
1829,16
553,16
-1,17
6802,16
-1,18
9872,14
-1,16
9799,16
-1,15
-1,17
1243,17
7580,16
-1,15
1081,15
4945,15
-1,16
-1,15
-1,17
-1,14
-1,16
-1,15
-1,16
3369,16
-1,15
-1,15
-1,15
-1,15
484,14
-1,15
-1,17
-1,15
8287,15
-1,16
1425,15
-1,16
-1,15
-1,15
344,15
1473,16
-1,15
-1,16
-1,16
9799,18
-1,14
5228,15
-1,14
1306,15
9097,15
5412,18
9429,15
839,16
-1,15
8050,15
3310,16
3129,15
-1,17
-1,17
-1,15
-1,16
8097,16
8924,15
-1,16
8980,15
9588,17
2416,15
2128,18
-1,15
771,15
7116,15
-1,16
-1,15
6393,15
-1,15
-1,14
-1,15
-1,15
-1,16
5296,17
5291,16
140,17
2216,16
-1,15
-1,15
3601,16
653,17
741,15
3708,16
8564,14
-1,15
-1,15
-1,16
-1,17
-1,17
6188,15
4416,15
-1,16
1258,17
206,15
-1,16
-1,16
978,15
4503,16
3535,17
2465,16
-1,14
-1,15
-1,16
-1,16
8813,16
-1,15
-1,16
-1,15
8669,17
4529,16
3612,16
-1,15
800,15
-1,15
5330,16
9872,17
-1,14
-1,15
-1,15
-1,15
-1,15
-1,15
-1,16
-1,15
3938,16
-1,16
6618,16
9454,17
3496,15
5068,16
-1,16
-1,14
-1,14
7904,16
-1,16
3335,16
-1,16
8773,16
-1,14
-1,15
7373,18
-1,15
93,16
2588,16
-1,15
2356,15
8587,16
5280,15
-1,15
-1,15
8348,15
-1,16
5950,15
7950,15
6981,16
2195,17
-1,17
9122,17
2303,16
-1,16
3215,16
-1,15
-1,17
-1,16
-1,16
-1,14
1096,17
-1,14
-1,15
9717,15
-1,15
-1,16
-1,14
-1,15
-1,16
-1,15
-1,15
-1,16
7186,17
-1,15
1920,16
1128,15
-1,16
-1,15
-1,15
6639,17
1663,14
4684,16
2389,15
4609,16
6527,16
6421,16
7194,15
-1,14
2056,17
9085,15
-1,16
7604,15
2502,16
-1,15
-1,16
3507,16
7888,15
-1,16
-1,16
9093,17
-1,15
-1,15
8252,14
-1,16
2653,15
6533,15
-1,15
-1,15
-1,15
428,16
9037,16
-1,16
2634,14
-1,16
6562,17
-1,14
-1,15
-1,15
-1,15
7968,16
8049,15
9147,18
2418,18
-1,15
-1,15
-1,15
8463,15
-1,14
-1,15
411,17
-1,14
3691,15
-1,16
1043,15
6134,16
3544,16
-1,15
-1,16
5022,16
7472,16
-1,15
2616,16
4554,17
3473,15
-1,15
1554,15
-1,16
1612,15
8313,16
-1,15
-1,15
-1,16
853,17
-1,15
-1,17
4717,18
1658,17
-1,15
3818,17
-1,15
-1,14
6760,16
3895,16
-1,15
7339,15
-1,15
-1,15
-1,14
-1,15
-1,15
586,16
3427,15
5549,16
5818,16
-1,15
8005,15
-1,16
9511,15
-1,16
6900,16
-1,16
-1,16
7755,16
3487,15
9263,16
3986,15
3753,14
2115,16
-1,15
-1,14
2812,16
7844,17
2986,17
4989,17
9859,15
-1,14
139,15
-1,16
2762,17
-1,15
-1,16
-1,15
3674,16
9342,16
-1,16
2370,16
-1,15
-1,17
643,15
3267,15
7326,16
3347,16
-1,16
196,15
208,15
-1,16
7430,16
4137,16
581,15
-1,17
7613,15
2426,16
9402,15
7075,16
-1,14
5696,14
8616,16
7447,16
-1,15
1564,14
-1,16
-1,18
-1,13
-1,16
4599,15
-1,15
7716,16
3255,16
-1,16
5547,16
-1,15
4944,16
4505,15
-1,15
-1,15
-1,16
-1,17
4941,16
-1,16
-1,15
7775,16
3631,18
-1,15
-1,15
-1,15
-1,15
152,18
-1,14
560,15
-1,15
-1,16
4595,15
-1,15
-1,15
1885,15
-1,14
-1,15
7286,15
-1,14
1299,14
7688,15
4761,16
-1,15
-1,14
1285,15
9728,15
-1,15
-1,14
1499,15
-1,15
-1,16
8477,16
7785,15
-1,17
-1,15
9761,15
-1,16
4721,15
5578,15
4472,18
630,16
-1,14
-1,16
1912,16
-1,16
-1,15
-1,15
-1,15
-1,15
4658,14
3285,15
8755,15
5849,18
-1,16
4224,17
4305,15
9344,16
8574,15
7652,16
9636,16
-1,15
-1,14
-1,14
9430,16
7543,15
6914,16
-1,14
3415,16
7154,17
8018,16
526,16
-1,17
2856,16
977,17
6193,16
-1,13
5206,16
6894,17
7096,16
-1,15
6908,15
-1,17
-1,14
1318,16
-1,15
-1,15
-1,16
5344,16
9983,15
-1,15
695,14
-1,16
-1,16
-1,15
3184,15
9313,15
1542,16
6717,18
-1,15
441,16
-1,15
-1,15
8966,17
-1,16
5802,16
-1,16
1245,16
-1,16
8828,17
-1,15
5156,18
4367,16
-1,15
220,17
-1,14
387,16
-1,15
-1,15
6671,16
9634,16
9778,16
-1,15
17,15
-1,14
-1,15
-1,16
-1,15
5675,15
-1,15
3099,16
-1,15
-1,14
100,15
415,16
6721,15
-1,15
-1,14
-1,15
6829,17
3153,17
-1,16
9736,15
-1,15
-1,18
-1,15
8838,15
3263,15
-1,17
1764,16
2788,16
-1,15
2302,16
8493,17
-1,16
-1,16
-1,15
-1,15
-1,14
5716,15
-1,14
6395,16
-1,14
-1,15
2539,15
2142,14
-1,17
-1,15
9853,15
-1,16
-1,16
949,15
-1,16
7055,15
6388,15
3062,15
-1,15
7080,16
-1,15
25,16
7398,15
7082,15
3092,16
-1,16
2680,16
6501,16
8695,17
423,17
-1,14
-1,16
4994,16
4545,16
-1,15
4784,16
-1,15
-1,15
3934,18
808,15
-1,17
1141,17
7844,15
8376,16
591,14
1293,17
8064,17
57,15
-1,15
9394,14
-1,15
6172,16
1104,17
-1,15
-1,15
7259,18
-1,16
7664,15
-1,15
3957,16
-1,16
-1,15
-1,16
9145,16
-1,15
713,14
-1,15
-1,15
8879,17
1523,15
-1,15
-1,16
-1,15
3308,16
-1,15
-1,14
1864,16
2579,16
7175,15
-1,16
1151,15
8651,17
9069,15
-1,15
-1,15
-1,15
8008,15
1332,15
-1,15
-1,16
6393,14
5743,16
6036,17
7404,16
-1,14
5690,16
1170,15
-1,15
-1,16
785,15
8735,16
-1,16
-1,15
950,17
1053,18
-1,15
7676,16
7877,14
-1,16
4972,15
6863,16
-1,15
-1,16
9125,17
-1,15
-1,14
-1,14
-1,15
-1,15
-1,16
-1,15
-1,16
5967,17
-1,16
9141,15
-1,15
-1,16
6985,15
-1,15
8597,16
6648,16
-1,16
-1,16
8801,15
-1,15
-1,14
3211,17
5885,15
9804,15
-1,15
7538,16
810,16
-1,16
3062,17
-1,15
-1,16
533,15
6463,15
657,15
2322,16
-1,16
3079,16
-1,16
4164,16
-1,16
-1,15
9145,16
237,15
-1,16
5825,15
-1,15
-1,15
8400,16
-1,16
3613,16
8378,14
9044,15
5116,16
-1,15
-1,16
-1,15
2136,17
8049,17
1523,15
-1,16
5555,17
-1,16
2458,15
8720,16
1628,16
5293,15
-1,16
-1,15
-1,14
835,14
1666,15
3436,16
-1,15
-1,15
127,16
6975,16
-1,15
4606,15
-1,16
-1,16
-1,14
-1,18
9893,17
4049,16
-1,15
-1,16
-1,15
7284,16
-1,16
6943,15
-1,16
5064,17
-1,14
2527,15
4910,15
-1,15
-1,15
8751,17
-1,18
8165,15
2209,16
8968,15
1411,15
-1,14
156,15
7283,15
-1,15
4640,15
3031,16
-1,15
-1,15
-1,14
5091,15
-1,16
-1,15
-1,15
-1,15
-1,14
1684,14
5199,16
430,16
-1,16
4775,17
-1,17
32,17
9938,16
-1,15
-1,15
-1,14
-1,16
7502,17
-1,17
-1,15
7632,16
-1,15
9033,16
-1,16
8949,14
344,14
-1,15
-1,15
-1,15
-1,16
2601,16
-1,16
1256,14
-1,16
8880,16
-1,15
676,15
-1,16
2762,16
-1,14
-1,16
-1,15
-1,15
7487,16
462,16
4717,18
-1,15
7392,16
1392,15
-1,15
6044,15
9136,18
679,15
-1,16
-1,15
-1,17
4639,15
-1,15
8539,15
-1,14
-1,14
3411,18
-1,15
5329,16
-1,15
-1,14
1975,15
4025,16
-1,15
5409,15
296,16
-1,15
8835,16
-1,15
-1,14
-1,15
9805,15
6745,16
2283,15
3001,16
6155,16
-1,15
-1,15
-1,16
-1,16
-1,16
4054,17
-1,15
8608,15
-1,15
-1,17
5818,15
-1,15
1458,15
494,16
866,17
6291,15
89,15
-1,16
-1,15
1010,15
-1,15
-1,15
-1,15
-1,17
8489,16
-1,15
-1,16
6377,14
9303,15
-1,16
4710,18
-1,16
-1,17
1422,15
-1,16
1889,15
4369,15
-1,15
-1,15
8787,14
5512,16
-1,16
-1,16
-1,15
-1,14
-1,16
-1,15
4527,16
8829,16
-1,16
792,16
8541,15
-1,16
-1,15
-1,15
-1,15
227,14
7240,18
-1,15
-1,15
73,16
-1,17
-1,15
-1,16
-1,18
3506,15
2251,14
-1,16
2158,14
4218,15
-1,14
-1,16
7677,16
-1,16
-1,16
-1,17
-1,15
2285,15
9480,16
-1,16
3145,16
-1,16
4190,15
-1,15
-1,14
9394,17
-1,16
-1,15
-1,16
-1,15
-1,15
5127,16
-1,14
6863,15
-1,15
-1,15
-1,15
-1,15
-1,15
-1,16
1002,15
1471,15
-1,15
-1,15
-1,15
-1,17
946,15
8962,16
-1,14
7347,16
-1,15
9822,15
7755,17
3989,15
-1,15
-1,16
-1,15
-1,15
8665,14
-1,14
-1,17
-1,15
-1,16
6464,15
8424,16
-1,16
-1,15
-1,14
3257,14
-1,15
-1,17
3935,15
9518,17
1620,15
7041,16
-1,16
-1,16
-1,16
-1,16
-1,15
-1,15
6648,16
3090,15
1003,17
-1,15
2619,17
2466,16
3054,17
-1,15
6553,17
1508,16
6991,17
-1,15
-1,15
639,16
3245,18
-1,15
-1,16
-1,15
-1,16
2701,16
-1,15
2200,16
-1,15
5255,16
8299,15
-1,15
-1,16
-1,15
2110,16
-1,15
4837,16
2900,16
1484,15
7191,17
-1,16
-1,16
-1,15
-1,16
-1,15
-1,18
1477,15
2508,15
7110,16
-1,14
7341,16
4547,15
5229,16
-1,16
-1,16
-1,15
-1,15
636,16
-1,15
8745,16
5417,15
-1,14
-1,14
7447,17
183,15
-1,15
5200,16
840,15
3467,17
2694,17
4960,16
3842,16
1168,15
-1,15
989,16
896,16
-1,14
-1,15
9727,16
2235,15
789,15
-1,16
-1,16
-1,16
-1,15
-1,16
2240,17
-1,17
-1,15
6383,16
-1,15
-1,14
-1,15
-1,15
-1,17
9147,18
7818,15
-1,14
6379,15
3777,15
9239,15
6082,15
-1,16
513,17
9807,15
-1,16
-1,15
5941,15
7701,14
730,15
-1,14
4877,16
4852,16
6701,15
-1,15
-1,14
-1,16
-1,16
3858,18
7496,15
-1,15
-1,16
-1,15
4553,15
-1,15
-1,16
4399,16
-1,16
-1,15
-1,14
-1,16
-1,17
-1,14
9827,15
-1,17
-1,15
4113,15
-1,16
2097,19
2669,17
2892,15
4412,15
-1,15
6803,15
-1,14
-1,15
8085,15
-1,14
-1,16
4160,14
-1,14
9167,15
4647,16
7053,17
-1,15
-1,15
8888,15
7086,16
-1,15
9978,15
1614,16
229,16
2867,15
7696,16
8946,14
2743,16
2386,16
-1,16
12,16
2978,14
-1,15
-1,14
2179,17
6613,16
-1,15
8150,17
7342,16
-1,15
7896,15
-1,17
7958,17
-1,15
8684,16
5893,17
-1,15
734,17
-1,15
-1,16
5879,15
4431,17
928,16
-1,15
-1,14
5442,15
5034,17
-1,15
-1,15
5840,15
-1,15
-1,15
5051,16
554,16
8212,16
4951,18
3211,15
-1,15
7246,15
-1,15
-1,15
2577,16
2612,14
-1,14
7704,15
-1,16
-1,14
-1,15
-1,14
-1,16
7689,15
9586,15
-1,15
-1,16
4865,16
-1,15
-1,16
7690,17
6869,16
1998,15
-1,16
-1,15
8150,17
4900,16
-1,16
-1,17
1732,16
3386,16
-1,15
886,16
8002,16
9038,16
6415,16
-1,16
-1,14
-1,14
2135,16
-1,15
-1,15
-1,15
-1,15
7156,15
-1,15
-1,15
7535,19
-1,16
-1,15
4729,14
-1,14
-1,16
-1,14
9806,16
5261,17
322,16
-1,16
6580,15
584,17
-1,15
4296,19
283,16
-1,16
-1,16
7214,15
4924,15
3960,15
-1,15
-1,15
-1,16
6057,17
1251,15
-1,15
3882,18
-1,16
-1,15
-1,15
-1,14
4777,15
-1,15
-1,14
-1,15
-1,15
-1,15
2767,16
-1,14
-1,14
3323,15
9126,15
-1,14
-1,16
9948,15
136,14
-1,16
-1,16
-1,15
6176,17
2060,17
-1,15
1867,15
9778,17
4980,15
5208,16
3513,15
-1,15
442,16
-1,14
8823,16
-1,15
-1,14
-1,14
-1,15
3427,16
8158,16
-1,16
-1,15
1764,15
-1,16
-1,15
7226,17
-1,15
6386,15
-1,16
-1,15
-1,16
-1,15
-1,16
8207,16
-1,15
-1,15
-1,15
-1,16
-1,15
6624,16
436,15
9062,16
-1,16
-1,16
-1,16
-1,15
-1,15
-1,16
-1,15
6702,15
2390,16
-1,15
-1,14
2468,15
7011,15
-1,15
-1,16
5412,16
-1,15
2074,16
2331,16
2179,16
8326,15
6863,17
8237,16
-1,15
-1,16
-1,14
122,17
-1,15
-1,15
8550,15
311,15
-1,15
-1,16
5705,15
8999,16
-1,16
-1,15
1990,16
5732,15
-1,16
5045,16
7473,15
-1,14
-1,15
7818,16
2413,16
-1,16
7599,16
-1,15
2987,14
-1,14
4518,15
-1,14
-1,15
-1,15
9774,15
4191,18
-1,16
-1,16
9630,15
7173,16
-1,15
6023,15
-1,15
-1,15
7264,15
-1,15
-1,14
9392,17
-1,15
6387,16
3835,16
-1,16
2859,15
8717,17
-1,15
-1,15
7277,15
2493,16
-1,17
2990,16
-1,17
-1,15
-1,15
3851,16
-1,16
-1,15
9154,16
1243,15
9273,16
4101,16
-1,17
5915,15
2668,18
-1,15
6793,16
1979,15
-1,15
2582,16
2979,16
-1,15
7809,17
-1,16
2852,16
-1,16
-1,15
-1,15
-1,13
-1,15
-1,14
3923,15
-1,16
-1,15
7404,17
4276,16
-1,15
-1,16
-1,15
-1,15
-1,16
-1,16
1652,15
8526,15
-1,15
-1,15
5753,15
-1,16
1238,15
3138,17
-1,16
-1,15
6595,15
-1,15
-1,15
5050,15
-1,15
-1,15
1525,15
9508,14
5159,16
1612,16
2484,16
5505,15
-1,15
7708,15
5918,15
5331,17
-1,15
7352,15
7967,17
4813,15
6755,16
5429,16
-1,16
7746,16
7559,15
-1,15
-1,16
-1,15
3799,16
9766,17
-1,17
3826,16
-1,15
-1,15
4292,15
568,17
-1,15
5922,16
-1,16
1474,16
8082,17
8669,17
2352,16
-1,15
4425,15
1520,14
4592,15
-1,15
7368,15
-1,15
-1,16
-1,16
-1,15
5916,16
-1,15
5896,15
-1,15
-1,16
-1,15
2406,17
-1,15
-1,14
-1,17
3901,15
-1,15
7580,16
-1,15
-1,15
1034,17
-1,17
-1,15
-1,15
6928,17
9906,16
-1,16
-1,16
109,15
1807,17
6049,16
-1,14
-1,14
-1,16
7961,16
8353,14
-1,15
-1,15
6670,15
7902,16
314,18
-1,15
8507,15
1451,15
-1,15
-1,16
-1,15
-1,15
-1,16
-1,15
-1,16
-1,16
4916,15
4541,15
-1,15
5916,16
6984,15
2523,15
9750,14
3612,16
2708,15
7944,18
7509,17
-1,16
7636,14
4690,16
271,15
-1,15
4666,15
7558,16
-1,15
3322,16
2545,18
-1,16
-1,16
2658,17
-1,16
-1,16
610,16
1499,15
7604,15
8561,15
314,16
-1,15
9112,15
-1,15
1050,15
-1,16
653,15
3726,16
-1,15
-1,16
-1,16
487,15
9073,16
-1,15
5285,16
3595,17
536,15
3076,16
-1,15
-1,14
-1,16
-1,14
-1,14
-1,15
-1,16
4754,16
-1,15
-1,14
-1,15
7484,15
5107,16
9418,16
8056,15
-1,16
4980,15
322,17
-1,16
6857,15
-1,15
-1,17
8673,17
2862,16
5240,16
-1,15
6835,17
7645,15
-1,14
8979,16
-1,15
-1,15
3380,17
3092,16
-1,16
7729,16
-1,15
-1,14
-1,15
5652,15
-1,16
5002,16
6417,15
-1,15
7100,15
-1,15
8052,15
-1,15
-1,15
758,16
3166,15
7531,15
4740,15
4024,15
-1,15
-1,15
734,18
-1,15
9582,18
6707,19
8555,15
-1,16
-1,16
598,15
7370,14
9503,17
-1,15
-1,15
9720,17
-1,16
5933,15
-1,15
-1,14
2658,15
-1,15
-1,15
3479,15
6181,17
-1,15
8270,17
7595,16
8564,14
-1,15
2092,15
-1,16
-1,15
-1,15
-1,15
-1,14
643,18
4899,15
-1,15
-1,15
9714,15
1102,17
8355,17
-1,15
-1,15
6553,16
4320,14
-1,14
6419,16
5463,15
2669,15
3762,15
-1,16
3216,15
9662,17
3896,16
1813,15
-1,15
-1,17
-1,16
-1,15
-1,15
-1,16
-1,16
-1,15
5943,15
3859,15
1013,16
1521,16
7058,15
860,16
3492,16
8359,16
5364,15
-1,15
-1,15
-1,16
2343,15
-1,16
1771,16
4479,15
-1,14
772,16
9738,16
-1,15
-1,15
-1,15
-1,16
5240,16
-1,15
-1,17
5987,16
8292,17
-1,16
7815,16
1078,16
-1,17
-1,15
-1,15
-1,16
-1,15
6312,16
3796,16
-1,14
-1,15
-1,17
7241,16
-1,15
-1,15
-1,14
5477,15
9495,15
3047,17
-1,14
4184,15
4406,15
5242,16
-1,16
2436,17
-1,16
-1,14
7389,17
-1,15
9069,15
585,16
-1,15
-1,15
-1,15
-1,17
3128,16
-1,15
8893,15
-1,15
353,16
-1,15
5530,17
717,16
857,17
-1,15
4170,15
2234,16
9393,16
-1,16
-1,16
3349,15
3038,17
-1,16
4965,14
-1,15
-1,14
-1,15
2439,16
7933,14
7007,16
-1,16
3373,15
9339,16
9567,17
-1,17
-1,14
-1,15
-1,14
8680,15
7028,16
5638,16
7495,16
-1,15
-1,16
-1,15
-1,15
8657,15
-1,16
7093,14
557,14
-1,16
2788,16
-1,14
-1,15
-1,15
-1,16
2003,15
9967,20
-1,15
-1,16
2024,16
-1,15
9486,17
-1,16
-1,16
2353,15
-1,17
3409,15
-1,15
-1,16
5781,16
1307,17
-1,14
7385,16
-1,16
-1,17
2586,15
-1,16
-1,16
-1,14
5823,15
-1,16
7285,15
862,14
-1,15
-1,16
-1,15
8686,17
-1,17
7251,15
9783,16
-1,16
-1,15
-1,15
1237,16
-1,17
-1,16
2017,16
5241,16
-1,15
1068,14
3377,17
9687,16
493,15
1097,15
-1,15
5383,16
5772,16
3591,17
-1,15
2823,15
7141,16
7260,16
7768,15
-1,15
-1,14
-1,15
-1,15
-1,16
4879,16
-1,15
1100,16
7925,15
4106,15
-1,17
-1,15
9855,16
1496,16
-1,15
-1,16
5027,15
-1,14
9116,17
-1,14
2161,17
8985,15
7081,15
-1,14
4427,15
-1,16
1295,16
-1,15
2389,17
4525,16
-1,14
1293,16
9670,16
1463,16
9606,15
6584,16
4659,16
1885,15
4371,15
8999,16
8920,15
-1,17
1319,17
-1,15
1455,15
6853,17
1211,16
4088,16
-1,14
949,16
-1,15
-1,14
4238,16
-1,16
4794,16
1466,16
-1,16
-1,15
9802,15
4551,15
-1,14
4592,14
7132,16
7056,15
4197,15
-1,16
-1,15
-1,14
2968,16
8558,16
9503,15
7794,15
1274,15
8643,15
9435,15
-1,17
-1,15
9599,15
2658,17
8670,16
-1,14
406,19
5759,16
1717,15
-1,15
3740,15
-1,16
6865,16
7180,16
-1,15
8533,19
-1,15
-1,17
2140,16
8766,15
9771,15
-1,15
7778,15
-1,15
-1,17
5040,15
-1,15
-1,17
8274,15
-1,14
-1,15
-1,16
9368,16
-1,15
306,16
9128,17
7796,16
2273,17
7574,14
8982,15
-1,16
7348,16
4043,16
314,16
8380,15
321,16
-1,15
-1,15
-1,15
2131,15
5589,18
-1,14
9166,16
-1,16
5892,17
3095,15
9984,17
54,17
8424,16
-1,15
-1,14
1293,17
6716,15
5025,15
9655,16
9313,18
6984,16
-1,16
-1,15
-1,15
4768,16
-1,15
6171,16
9748,17
-1,16
-1,17
6295,15
-1,15
-1,16
2177,15
-1,15
-1,15
-1,14
9401,18
-1,15
-1,15
-1,15
-1,15
3722,16
-1,16
4972,16
3231,15
3420,15
-1,15
4242,16
8470,15
1345,16
-1,15
-1,15
4126,15
256,16
-1,15
-1,16
-1,16
5001,16
-1,14
-1,16
2296,14
7793,16
9275,15
5621,15
6147,18
-1,15
-1,15
2926,15
-1,17
-1,14
-1,15
-1,16
4180,17
4571,17
7034,15
-1,15
-1,16
6692,17
9599,17
-1,16
-1,16
-1,15
6803,16
4296,17
-1,16
1342,15
-1,14
610,15
2767,15
6614,15
-1,14
-1,15
739,14
4300,18
4225,16
-1,15
-1,16
-1,16
-1,14
1188,16
-1,17
-1,15
-1,15
-1,16
-1,15
-1,15
9436,17
6298,15
-1,17
4078,16
4408,16
3095,15
9478,16
7290,14
6190,14
1254,15
3276,16
-1,15
-1,16
8182,16
-1,14
8804,16
-1,14
2762,17
6136,16
-1,16
-1,14
-1,15
5824,16
4165,16
-1,15
6832,15
-1,14
1433,17
8417,17
3122,15
5415,17
-1,15
7997,16
-1,15
2050,16
-1,15
8914,16
-1,14
7323,16
-1,15
-1,15
-1,15
4212,16
-1,15
-1,15
-1,15
-1,15
4839,16
-1,16
-1,15
-1,16
943,16
887,17
7151,14
4553,14
232,15
5942,16
634,16
-1,15
2263,15
-1,16
3276,16
1425,15
-1,15
9072,16
2217,16
-1,15
-1,17
-1,15
-1,15
-1,16
-1,16
-1,15
1285,16
8249,16
4347,17
7915,17
5963,15
-1,16
-1,16
8372,15
-1,15
6168,17
-1,16
2239,17
-1,14
2657,16
-1,16
5943,15
-1,14
-1,15
3964,16
401,16
-1,15
-1,15
-1,17
4100,15
6561,15
-1,15
-1,16
-1,15
-1,14
1261,17
9834,16
8942,15
-1,16
-1,16
5327,15
9284,15
3044,17
-1,15
1736,15
8505,16
-1,15
-1,15
-1,15
-1,16
-1,15
3485,16
8522,15
2135,16
-1,15
-1,15
236,15
1126,16
-1,13
-1,16
4372,15
5554,15
-1,15
5119,15
5750,16
8772,17
341,15
-1,14
5285,16
-1,14
-1,15
5194,17
4432,15
3358,15
1480,16
-1,15
3403,14
7885,16
2854,15
3947,15
3802,16
-1,14
4631,15
-1,16
3246,15
2030,14
6175,14
-1,16
-1,16
-1,15
-1,14
1047,15
5657,16
7752,16
6713,15
929,16
9566,18
-1,15
8356,16
-1,15
7046,15
5856,16
-1,15
-1,14
9578,16
1667,16
684,15
1343,15
-1,14
9445,15
-1,16
-1,16
7049,16
-1,16
1749,15
8675,18
5796,16
3078,15
722,16
480,17
8544,14
-1,15
1592,15
-1,14
-1,17
-1,16
-1,15
-1,16
6683,16
7598,16
-1,15
-1,16
9491,16
3487,17
4512,16
3598,14
1864,15
7716,15
-1,17
-1,17
5865,15
673,16
9202,17
8612,16
-1,14
-1,16
1313,15
7817,17
-1,15
-1,15
5905,15
-1,15
5108,17
5438,17
3827,17
2042,17
7492,15
6080,18
5363,16
4623,18
840,17
-1,15
-1,16
4372,15
9296,15
-1,16
-1,15
-1,16
3602,16
-1,16
675,14
9765,16
-1,16
956,15
37,17
3486,15
-1,14
9906,16
5246,16
-1,16
-1,16
-1,16
-1,15
697,16
2466,16
3644,15
4139,15
9020,15
8620,15
-1,16
6281,16
-1,15
7055,15
-1,15
-1,15
2053,14
-1,16
-1,16
9203,16
-1,15
4225,15
9138,18
-1,14
1737,15
2024,15
4962,15
9114,14
-1,17
-1,14
2219,16
-1,15
-1,16
5923,16
-1,15
4735,16
9196,15
6896,16
-1,16
-1,15
-1,16
-1,14
-1,16
-1,15
-1,15
-1,14
2415,16
8669,15
1040,15
5067,15
-1,15
3735,14
7619,14
-1,14
2968,16
2390,17
2882,15
3603,16
8101,16
-1,15
-1,17
-1,17
-1,15
8765,15
7318,16
903,15
-1,15
606,16
3404,17
1221,15
5571,15
-1,15
4344,15
5498,16
-1,16
-1,16
6417,16
2367,16
5359,16
-1,15
-1,14
5082,16
4587,16
-1,15
4736,15
-1,14
5350,15
4988,16
-1,15
9905,14
2988,16
-1,15
-1,16
5940,16
-1,16
-1,17
-1,16
-1,16
5073,16
-1,15
4310,16
8342,17
6422,18
-1,15
-1,14
8200,15
3057,15
-1,15
-1,16
-1,15
1295,16
-1,17
9181,16
-1,14
-1,15
7117,16
-1,15
-1,14
-1,16
-1,16
639,16
6119,16
8822,14
-1,16
-1,15
9337,15
2792,15
2105,15
2760,15
3592,17
-1,16
5114,16
-1,16
1506,16
8888,17
-1,16
-1,16
5937,17
2097,16
9159,16
5590,16
-1,14
-1,16
8795,16
-1,15
5554,16
-1,15
-1,15
1410,16
8214,15
3628,15
8440,18
-1,15
7677,15
-1,14
-1,15
8637,15
-1,15
8611,16
9403,16
3929,15
7620,16
-1,15
-1,15
-1,15
-1,16
-1,15
-1,15
3735,14
8921,15
-1,15
2073,16
-1,16
-1,13
3516,17
-1,15
-1,16
-1,14
3819,15
5245,18
-1,16
7285,16
-1,16
-1,16
-1,15
-1,15
6953,16
7913,16
5375,15
-1,17
9163,15
684,15
-1,14
-1,15
-1,16
-1,16
-1,15
689,15
3323,15
-1,15
8225,16
7704,16
-1,15
-1,14
5773,16
5405,15
6982,17
-1,15
-1,14
-1,15
5906,16
8005,15
-1,16
780,18
1806,17
-1,14
-1,16
-1,16
7936,16
-1,16
-1,14
-1,14
-1,16
-1,15
-1,16
5242,14
4835,15
4997,16
1481,15
1429,15
9347,15
5587,15
6583,15
-1,15
1317,16
-1,15
-1,15
9766,15
1254,17
1300,15
-1,17
6538,16
7149,16
-1,16
-1,16
-1,15
1114,17
-1,15
-1,14
2280,16
-1,15
-1,15
-1,16
-1,16
5609,18
-1,17
-1,15
6662,15
-1,16
-1,17
2444,16
-1,17
4585,16
3259,16
7762,15
4299,15
-1,15
-1,16
796,16
-1,16
-1,15
-1,14
-1,16
-1,15
2372,15
4490,16
5476,15
5852,16
8989,14
508,15
5749,15
-1,14
-1,16
3941,16
-1,15
5098,16
-1,16
-1,15
-1,15
-1,15
-1,17
7892,16
7141,16
-1,17
-1,16
-1,15
-1,14
7244,17
-1,14
-1,15
7084,16
1316,15
-1,15
-1,16
3430,16
4450,14
6142,16
-1,14
2538,18
838,16
3688,15
-1,15
7150,16
2370,16
9736,16
-1,16
-1,16
-1,15
-1,15
-1,16
767,17
2880,15
3831,16
4345,15
6611,15
-1,15
-1,16
-1,15
-1,16
1898,13
-1,15
3345,16
-1,14
-1,15
5793,18
8368,16
-1,15
8203,16
-1,14
6686,15
-1,15
1059,16
-1,15
2882,17
-1,14
-1,13
-1,16
9114,16
2201,16
866,14
5029,17
-1,15
2302,16
8487,16
-1,16
4269,15
1749,15
2575,15
8355,15
2589,16
7664,15
3284,16
3532,18
9922,16
1724,17
662,18
7674,16
2154,17
-1,15
-1,17
-1,16
9135,15
6415,17
7765,15
5968,15
6668,15
-1,15
-1,16
-1,15
8164,17
4279,15
-1,16
-1,14
-1,14
6948,15
-1,14
-1,14
-1,15
-1,16
-1,16
-1,14
9283,16
-1,17
-1,15
663,17
-1,15
-1,15
-1,15
6587,15
5656,14
-1,16
4820,16
4578,16
4582,17
-1,15
2861,15
9112,15
-1,14
499,17
-1,15
-1,16
123,16
-1,16
-1,14
-1,15
3563,16
9368,16
5171,16
-1,16
-1,15
8943,15
-1,16
7369,15
-1,15
1109,15
4259,16
-1,15
-1,15
-1,15
567,16
-1,16
8567,16
-1,15
332,16
-1,15
-1,15
-1,15
4100,16
-1,14
8705,16
5710,15
-1,14
-1,14
9427,16
2398,15
-1,15
-1,17
-1,17
8045,18
-1,16
8306,17
-1,16
1495,16
-1,15
5064,15
5305,16
-1,14
4119,16
4592,15
-1,15
-1,16
8736,16
-1,16
-1,16
6925,14
-1,16
1999,17
-1,15
-1,15
8467,15
3824,18
7909,17
6133,16
-1,16
378,16
-1,16
4834,17
-1,16
3761,15
-1,15
-1,15
-1,15
-1,15
5398,17
8434,16
2526,17
5960,18
9461,14
-1,14
1667,17
-1,16
-1,15
-1,16
-1,15
-1,15
-1,16
1802,15
4610,17
-1,16
-1,16
6926,15
-1,15
560,17
6764,16
-1,16
-1,16
1757,15
-1,14
-1,16
-1,15
4188,14
-1,16
1923,15
-1,16
5929,17
3875,16
5072,16
2229,15
-1,17
-1,15
-1,15
-1,16
-1,15
2426,17
-1,16
1302,15
4739,15
-1,16
-1,15
-1,17
1918,16
-1,15
2383,16
-1,16
2882,17
8050,15
-1,15
-1,15
-1,15
1785,16
5301,16
-1,15
3716,16
9647,16
-1,15
3309,15
-1,15
8067,18
-1,15
-1,15
-1,15
4629,15
-1,16
3575,18
-1,15
6979,16
-1,17
-1,15
7810,17
694,15
9387,16
3294,16
4449,17
3371,16
3731,17
-1,16
-1,15
4814,16
-1,14
-1,14
9903,17
-1,15
4904,15
-1,15
-1,15
785,16
-1,15
-1,15
4264,15
-1,14
-1,16
7119,15
-1,14
5681,14
-1,15
-1,15
-1,16
-1,15
3767,15
7979,15
4757,15
-1,16
7828,15
-1,15
-1,15
4871,17
-1,15
1535,16
-1,14
5962,17
1598,17
7552,16
8280,16
-1,15
8166,15
-1,14
-1,16
-1,15
-1,17
-1,16
-1,15
2561,15
6518,16
2613,16
-1,14
1462,15
-1,15
-1,15
1126,17
1081,16
3290,16
6278,17
-1,15
-1,16
746,15
-1,15
-1,16
3634,17
-1,16
7917,16
8458,16
-1,16
-1,15
-1,15
5474,16
2799,16
8457,19
5109,15
8261,17
856,16
8876,15
1904,17
9083,16
-1,15
6237,16
2523,14
-1,16
6962,16
-1,16
-1,15
4365,16
3510,17
-1,14
-1,16
-1,15
-1,16
-1,15
-1,15
8808,16
8522,15
2094,15
3519,18
-1,15
1971,17
223,16
-1,16
1136,17
-1,15
-1,16
-1,14
-1,15
2037,15
3578,15
9221,17
6330,16
-1,14
-1,15
-1,15
-1,16
3778,15
-1,15
7404,16
4028,16
-1,15
8412,16
6801,15
-1,15
5583,18
1197,16
1612,16
-1,16
-1,16
-1,16
956,14
9550,16
-1,16
8427,16
9493,17
-1,15
5155,16
-1,15
-1,15
-1,16
8320,16
6686,17
6705,15
3048,15
-1,14
-1,15
4375,16
-1,15
8301,17
1894,15
-1,15
3386,16
2897,15
-1,15
-1,17
3637,16
7117,17
-1,15
9499,15
-1,15
-1,15
2445,16
-1,15
3854,14
-1,15
574,17
7560,15
2899,15
-1,16
-1,14
9846,16
4087,16
-1,15
-1,15
-1,15
6798,15
-1,14
3156,14
3613,16
-1,15
-1,16
-1,16
-1,14
-1,16
-1,16
951,17
5792,16
3993,16
-1,15
-1,15
1466,14
863,16
2470,17
4426,19
3919,15
447,17
7063,15
-1,14
8315,16
1238,16
3921,16
3226,16
-1,16
8372,15
6845,17
9647,16
-1,14
4706,15
7995,19
-1,14
-1,15
5609,17
2219,15
-1,15
3297,15
-1,16
9955,15
6924,16
-1,16
-1,15
-1,17
-1,14
4792,15
5065,15
3050,16
4582,15
1141,17
7296,16
-1,15
-1,14
9025,17
-1,15
-1,16
-1,14
3612,18
-1,14
-1,16
-1,15
9848,15
-1,15
-1,15
-1,15
-1,15
5626,16
1545,17
7833,15
101,17
766,17
2160,15
-1,15
8634,16
-1,15
1205,15
6696,17
4709,15
-1,15
3403,15
8356,17
-1,14
-1,15
8329,15
-1,16
3028,16
-1,15
-1,16
-1,15
8971,15
5355,15
-1,14
-1,16
-1,15
5038,15
-1,16
-1,16
-1,15
9081,16
2612,15
-1,14
-1,15
3365,15
-1,15
-1,16
5319,15
-1,15
-1,15
-1,16
9762,16
9250,17
9689,16
-1,15
5939,15
-1,15
5517,16
2604,17
2063,15
-1,17
9922,15
-1,15
8621,16
-1,15
632,16
7433,16
-1,16
-1,15
1468,16
-1,16
-1,16
367,16
-1,16
-1,14
-1,16
-1,15
6368,16
3314,16
-1,15
-1,14
5497,15
-1,16
-1,15
4212,18
-1,16
660,16
1205,17
9536,15
-1,15
-1,15
-1,16
-1,15
-1,16
-1,15
6393,16
-1,14
-1,15
-1,15
8669,17
-1,15
-1,15
-1,15
7838,15
-1,15
-1,14
7418,17
9452,14
-1,14
-1,15
-1,15
-1,14
-1,14
-1,15
8239,15
8548,16
-1,15
-1,17
-1,16
-1,16
-1,15
4529,15
7064,16
5189,17
5130,18
-1,16
6097,15
4902,17
-1,14
-1,15
9938,16
-1,16
658,18
-1,15
-1,15
-1,15
1359,17
9463,15
9315,17
7115,15
-1,14
-1,16
-1,15
5275,16
-1,17
-1,15
3378,15
1367,15
-1,15
649,16
595,16
-1,15
9325,16
1216,16
5191,17
-1,16
9633,18
-1,18
-1,15
9938,16
6161,16
-1,15
-1,15
-1,15
5750,16
-1,16
-1,15
-1,15
-1,15
1182,16
-1,16
-1,15
9489,16
-1,15
-1,16
1898,17
-1,16
6523,18
-1,16
-1,16
4670,16
978,15
-1,17
3183,16
691,17
801,14
-1,15
2004,15
-1,15
-1,14
4666,15
-1,15
2055,15
1352,15
6667,16
-1,16
3398,16
-1,14
-1,15
2509,16
1717,15
-1,16
637,15
-1,15
2642,17
-1,15
5663,16
-1,15
4668,18
4889,16
-1,15
8853,14
121,17
6075,16
-1,16
7937,16
6961,16
-1,16
2777,16
1207,14
-1,15
3186,16
-1,15
-1,15
-1,15
5428,16
1593,17
-1,17
-1,16
-1,16
-1,15
-1,16
293,14
-1,16
442,16
-1,14
-1,15
7942,16
9274,15
1551,17
-1,15
-1,15
7316,16
-1,16
1473,17
-1,16
-1,16
1539,15
-1,15
915,17
3156,14
-1,15
-1,15
8795,16
8373,16
-1,14
-1,16
-1,17
-1,15
6983,17
7696,16
6611,15
2411,16
-1,16
5114,17
-1,16
1370,16
1652,15
1789,15
-1,16
5155,15
-1,15
4406,17
-1,15
8027,18
5627,16
-1,17
2195,15
-1,15
9207,17
5687,16
1205,14
-1,15
-1,14
5771,15
-1,16
1337,16
6385,16
392,16
-1,16
9055,15
-1,16
1107,16
-1,17
7679,16
2853,16
4622,17
-1,15
-1,16
-1,16
4672,16
-1,15
3153,16
-1,15
-1,14
-1,15
5415,15
-1,15
9332,15
-1,15
9499,17
7755,15
3219,17
6292,17
1291,16
9232,16
4100,15
5457,17
-1,16
3481,14
-1,16
7339,18
7630,15
-1,15
9955,15
1557,16
-1,15
5031,16
-1,15
9784,15
5677,15
528,15
7937,16
-1,16
6183,16
-1,16
-1,15
-1,16
6283,16
-1,15
-1,17
3127,14
-1,15
563,15
8094,15
-1,15
-1,15
-1,14
-1,14
-1,15
1252,16
4102,15
7183,14
8424,15
-1,15
5709,17
-1,15
3543,17
-1,15
-1,16
-1,15
4059,17
-1,17
1125,15
-1,16
8446,15
-1,15
2589,14
3494,16
8374,16
-1,15
-1,15
-1,14
-1,15
-1,16
-1,15
7174,15
-1,16
2670,15
-1,15
5935,16
-1,15
7739,16
-1,15
-1,14
-1,16
4577,17
7011,16
9123,16
7557,16
2325,16
3337,16
377,16
-1,16
1553,17
5699,15
9729,15
-1,16
-1,15
-1,14
-1,15
2135,16
8497,16
-1,15
-1,15
-1,16
-1,15
8200,18
2552,15
-1,14
-1,15
3156,14
9043,16
-1,16
-1,16
-1,15
-1,15
-1,16
8391,15
-1,16
-1,14
9017,15
52,15
6761,16
-1,16
7378,17
-1,15
235,16
-1,16
-1,14
-1,16
-1,16
-1,16
-1,15
8138,17
-1,14
6182,15
-1,14
950,14
-1,15
1582,16
8239,15
-1,16
3419,16
3492,17
4409,16
-1,15
-1,15
9891,15
-1,15
-1,14
8211,16
6493,16
3582,15
2078,15
-1,16
6122,16
-1,14
3099,15
4849,16
3056,15
283,16
2996,16
3734,15
6636,15
-1,16
1885,15
7780,15
7019,17
2180,15
-1,15
-1,15
1403,15
-1,15
-1,16
-1,17
6605,16
5608,15
-1,15
3174,15
-1,16
-1,15
2123,15
-1,15
131,15
6178,16
1563,15
4932,15
4173,15
4628,16
-1,15
-1,14
604,16
9382,17
3568,15
-1,15
2333,17
1786,16
4247,16
400,16
-1,14
-1,15
-1,15
-1,14
-1,14
-1,16
-1,15
655,17
-1,16
6886,16
-1,16
-1,15
6370,17
5936,16
-1,16
3989,16
2242,15
-1,17
-1,15
-1,14
291,16
3993,15
-1,16
1860,15
-1,16
-1,16
-1,15
2649,15
8498,15
3839,15
2034,15
1666,15
5541,16
-1,16
5730,16
-1,17
8278,14
1846,15
-1,15
9172,15
-1,16
-1,14
8667,15
1383,14
2492,16
6942,19
7336,18
-1,16
13,15
-1,15
2822,17
-1,15
3292,15
-1,14
-1,16
-1,16
2145,15
-1,15
-1,15
-1,14
-1,16
-1,17
2458,15
5575,15
1451,17
6295,16
1629,16
9519,15
3497,16
1120,15
2396,17
-1,15
9897,16
4152,14
-1,16
7411,16
6820,17
-1,17
-1,15
8412,15
247,15
5245,18
-1,15
3631,15
-1,15
1595,16
7776,16
-1,15
3101,15
6039,15
6678,15
2662,14
2359,15
3022,16
-1,16
-1,15
1460,17
-1,15
671,15
843,15
3170,15
9922,17
-1,15
8809,17
8391,16
4665,15
-1,16
-1,14
1293,17
6636,15
-1,16
9320,15
8050,15
7479,14
4161,17
3205,16
7371,17
1835,15
3138,15
1628,16
677,17
-1,16
2191,16
-1,16
6462,16
5258,17
-1,15
-1,16
2337,15
2966,16
861,16
-1,15
-1,16
1588,18
8669,15
239,16
-1,15
4296,17
9644,16
5713,15
3980,18
-1,15
9132,14
-1,15
9925,18
7964,16
-1,15
-1,16
1688,15
-1,15
-1,15
-1,14
6653,16
-1,15
2027,15
6076,17
-1,15
805,16
-1,15
5538,15
-1,16
-1,15
5150,15
-1,15
-1,18
-1,15
-1,15
247,16
3688,17
9012,17
2534,16
-1,16
5092,14
-1,15
3644,17
9408,14
-1,15
-1,15
695,16
-1,16
-1,14
1427,15
-1,15
4326,17
-1,15
4671,17
3340,15
4585,18
6344,15
9007,15
4843,16
-1,14
7421,16
6158,17
-1,14
-1,15
-1,15
-1,16
-1,16
3303,18
9303,15
5205,15
7590,17
5852,16
-1,16
-1,15
9702,15
9777,16
-1,16
5602,15
8481,16
9702,16
330,16
-1,16
1214,15
-1,17
-1,16
-1,15
2814,16
5801,16
2178,15
-1,14
-1,16
-1,16
-1,14
-1,15
-1,15
8198,16
-1,15
-1,14
915,16
-1,16
8869,15
-1,15
-1,15
-1,16
9222,16
-1,15
9318,16
-1,15
3323,16
5358,15
-1,16
8292,15
-1,15
2875,16
-1,15
3431,15
2276,17
9504,17
1539,18
1405,17
5629,15
7895,16
-1,14
-1,15
-1,15
6241,16
7019,16
-1,16
-1,16
-1,17
4960,16
7234,15
2815,16
-1,15
1052,15
7547,15
9073,17
-1,16
7076,15
3530,15
1715,16
7329,16
-1,14
8161,15
8907,16
-1,15
1153,17
8731,17
-1,17
-1,15
8061,16
-1,15
1484,15
1063,14
-1,16
-1,16
3246,15
-1,14
1358,16
98,15
-1,15
9617,17
3124,15
-1,15
8295,15
1783,19
8238,15
3289,17
2247,15
-1,16
-1,17
5893,15
6470,16
-1,15
-1,17
-1,15
3924,16
4606,17
-1,15
-1,19
-1,15
-1,16
-1,16
-1,15
-1,15
4719,16
-1,17
2087,16
-1,16
8668,17
1383,16
-1,15
-1,15
7918,16
-1,15
9692,16
-1,16
3832,16
8953,16
-1,15
4377,15
6409,16
9106,15
3310,16
-1,16
-1,16
3216,15
-1,16
8974,17
1290,16
-1,16
-1,15
-1,16
7253,14
-1,16
-1,15
-1,15
-1,14
-1,15
-1,16
-1,16
5363,15
4324,17
-1,15
578,16
5964,15
-1,14
8221,16
-1,17
3856,16
8876,14
-1,16
-1,15
261,16
-1,16
9970,15
2450,16
2632,17
-1,15
-1,14
1561,15
-1,15
6762,14
2164,15
5420,16
5414,16
-1,16
7821,17
-1,15
-1,16
-1,15
1399,15
4975,16
9757,16
5878,15
-1,16
7672,17
1707,15
-1,17
-1,15
1129,16
-1,15
1649,17
4952,16
-1,15
9834,17
-1,16
9853,16
-1,15
3419,17
2331,15
-1,15
1915,15
6346,18
6193,14
8407,15
881,16
-1,16
-1,17
703,14
-1,15
-1,15
-1,14
6931,15
-1,15
-1,15
-1,16
-1,15
-1,15
-1,15
4056,16
-1,15
-1,16
1914,15
476,15
5162,15
8074,16
1386,16
116,16
4212,15
5364,15
3309,16
4429,15
-1,16
7545,16
-1,14
-1,15
-1,16
4071,15
-1,16
-1,15
8829,15
-1,15
6940,15
-1,15
-1,16
3840,14
-1,15
-1,15
7222,14
6155,16
-1,15
5057,15
-1,16
6362,15
-1,16
-1,16
-1,15
4908,15
6858,16
-1,15
2326,17
1597,16
7769,17
-1,16
6296,16
-1,16
8679,16
-1,15
-1,17
7696,16
-1,14
4322,16
-1,15
-1,16
-1,14
-1,15
-1,14
9081,15
4223,16
1380,15
4338,16
9630,16
3230,15
7812,15
6359,15
1147,15
-1,14
-1,15
7450,17
-1,16
7483,15
8102,14
-1,16
-1,15
7422,14
3521,17
-1,15
150,16
-1,17
-1,15
-1,15
5706,15
7662,16
-1,16
385,15
4551,15
-1,17
573,16
8632,17
8359,16
3983,16
-1,15
995,14
464,15
4589,16
5661,17
-1,15
5349,15
5939,15
-1,15
-1,15
4616,17
-1,15
-1,15
88,16
2127,17
5585,15
-1,15
-1,17
3,15
-1,16
-1,16
-1,15
1661,16
6216,17
6160,15
-1,15
7196,15
-1,15
9677,15
-1,14
4760,15
5262,15
-1,16
-1,15
-1,16
-1,16
8656,16
-1,15
6417,16
-1,14
794,16
7120,15
-1,15
6521,15
-1,16
-1,16
4103,14
6129,15
8193,15
-1,15
-1,15
6995,15
-1,15
7862,17
8302,15
-1,15
6451,18
4958,16
-1,15
-1,15
7265,15
3863,15
-1,15
9057,14
-1,14
6484,18
9666,16
-1,15
2227,15
-1,15
-1,16
-1,16
5736,17
9251,17
-1,15
5512,17
5456,17
8427,15
-1,16
8137,16
7046,15
6551,15
-1,16
7520,16
-1,17
-1,16
5968,15
5541,16
-1,15
6996,17
-1,15
-1,15
9825,16
9060,14
-1,15
208,16
-1,16
-1,15
-1,15
-1,15
7493,17
18,15
-1,15
-1,15
-1,14
-1,17
-1,16
6529,16
1221,15
1196,18
-1,14
-1,15
6906,15
592,15
7849,15
2534,17
4781,17
-1,16
-1,15
4144,14
3612,15
7671,17
1980,15
4059,16
-1,15
-1,15
9368,15
-1,14
-1,16
-1,16
-1,17
5663,15
3503,18
2334,17
3369,16
6302,15
-1,16
1208,16
3318,16
8263,18
-1,15
-1,15
-1,16
6612,17
9457,15
1068,16
225,15
4576,15
8204,15
8072,14
7796,16
-1,17
-1,14
-1,16
5562,18
6627,16
2348,16
1823,15
2418,16
-1,16
2375,15
-1,16
-1,16
-1,16
1396,16
-1,15
-1,15
3942,17
5250,16
-1,16
3097,16
9284,16
7504,16
2522,16
-1,16
-1,16
-1,15
-1,15
2403,16
7675,15
3449,15
-1,15
3064,15
-1,14
-1,15
-1,16
-1,15
-1,15
5977,17
-1,16
-1,15
7256,16
-1,15
7636,16
-1,15
49,16
-1,15
-1,14
-1,15
8346,15
608,14
-1,16
-1,16
-1,15
3027,18
3098,16
1080,15
1924,15
8082,16
2458,15
-1,15
4832,16
-1,17
-1,15
-1,15
-1,15
2281,15
4571,14
-1,15
-1,15
-1,15
9510,16
-1,14
4396,17
-1,15
-1,15
2518,16
-1,17
-1,15
-1,16
-1,15
-1,14
-1,15
8462,16
7666,15
-1,15
6775,16
6285,16
-1,15
-1,16
-1,15
794,16
8388,18
166,15
4316,15
-1,15
-1,15
2840,18
-1,15
6948,15
-1,15
1284,16
8058,17
8142,15
8869,16
2943,15
8493,16
-1,17
5104,14
-1,17
8971,15
-1,16
2256,17
-1,15
950,16
-1,16
3751,16
-1,14
-1,15
9023,17
-1,15
256,15
-1,15
-1,16
-1,17
-1,16
-1,14
-1,15
-1,15
-1,15
9911,15
5284,14
2407,15
-1,14
3130,16
-1,15
5539,16
9404,17
3687,18
8519,16
-1,15
3865,17
7494,16
1778,15
4989,17
4484,17
-1,15
-1,15
1478,15
8381,16
-1,14
3388,15
8547,17
-1,15
-1,15
7052,15
-1,16
-1,13
7349,15
-1,14
-1,16
6114,15
-1,14
-1,16
-1,15
-1,15
-1,14
-1,16
-1,16
-1,15
-1,16
3682,15
-1,15
4605,15
-1,16
-1,15
2899,16
324,17
-1,14
9861,15
9329,14
9093,16
4877,15
-1,16
-1,15
-1,14
-1,19
-1,15
-1,15
-1,17
-1,14
-1,15
-1,15
-1,14
5509,17
224,15
1163,17
-1,15
7866,15
-1,16
-1,16
-1,15
354,17
5451,17
5740,16
-1,15
4341,16
2270,15
-1,15
-1,15
6809,16
767,17
-1,15
9053,16
-1,15
-1,16
-1,14
2194,16
-1,15
1444,16
-1,16
7389,15
7908,16
5044,16
-1,15
9232,15
-1,15
-1,16
-1,15
-1,15
7767,17
-1,15
-1,15
5512,16
-1,15
8743,16
-1,16
-1,15
-1,16
9589,15
1333,16
407,16
-1,15
8738,15
-1,16
-1,17
-1,15
-1,14
-1,15
487,16
3057,15
4377,16
3758,16
-1,15
-1,15
7103,15
-1,15
-1,14
-1,14
-1,14
-1,16
-1,14
1612,16
131,15
6482,15
7249,17
5618,16
-1,15
-1,15
-1,15
-1,14
-1,15
8957,19
6087,16
-1,15
8328,14
-1,17
8671,16
965,16
-1,15
-1,16
-1,16
-1,17
383,16
-1,14
1967,14
-1,16
-1,16
307,16
-1,15
9180,15
8715,15
6370,16
-1,16
-1,16
-1,16
7311,15
4346,14
1959,17
-1,17
-1,16
-1,16
-1,14
6238,15
4303,16
325,16
9383,14
-1,14
2896,16
-1,15
1200,17
8569,16
9520,16
-1,17
1293,17
-1,15
6177,16
-1,15
-1,15
8650,16
3228,15
1258,17
-1,15
-1,14
-1,15
656,16
-1,16
-1,16
-1,15
-1,15
5440,15
-1,15
-1,14
-1,14
-1,16
-1,15
5298,15
2456,15
-1,17
7904,15
-1,16
-1,14
8068,16
8819,16
9651,16
3196,17
-1,16
4023,17
5487,17
-1,16
8314,16
7769,16
3898,16
4342,15
9398,16
8767,16
-1,15
7171,17
-1,15
9634,16
-1,15
4127,15
-1,16
-1,15
-1,14
-1,16
-1,15
-1,16
-1,15
-1,16
7290,16
-1,16
907,15
4533,16
3379,14
-1,15
-1,16
-1,14
-1,16
3772,16
4512,15
4699,16
-1,15
5102,15
8864,15
900,15
-1,15
5756,18
-1,16
9137,15
1967,14
2202,15
-1,15
-1,14
-1,16
8171,18
-1,16
-1,16
4012,16
1228,15
8764,15
-1,15
-1,15
-1,16
8064,16
-1,15
5322,15
5434,15
-1,15
3913,16
-1,16
4915,15
8221,16
2824,17
-1,16
-1,15
-1,16
-1,16
-1,14
-1,15
4684,15
-1,17
-1,16
1074,15
-1,16
3949,16
568,18
-1,16
-1,15
-1,16
-1,16
-1,16
2184,17
4205,16
-1,15
-1,16
4471,17
8040,17
-1,13
-1,14
1142,15
875,16
-1,15
-1,16
-1,15
-1,15
-1,17
-1,15
-1,15
5640,17
-1,16
6635,16
-1,15
2696,15
4007,16
9850,16
-1,15
-1,16
6781,15
3916,16
4391,16
-1,16
5924,16
-1,14
4493,16
1307,15
-1,15
9468,15
-1,15
4469,16
4490,16
9866,15
-1,16
3879,16
689,18
5562,16
7378,15
-1,15
-1,15
3580,16
3984,16
-1,15
-1,15
-1,17
-1,17
-1,15
8605,17
-1,15
2575,17
6559,16
-1,15
4472,18
-1,16
7809,14
-1,14
-1,16
-1,15
-1,15
1397,16
3873,17
2500,17
232,15
-1,15
7990,15
-1,17
-1,17
-1,15
-1,15
1272,15
-1,15
-1,14
7465,15
-1,14
9908,15
-1,17
-1,15
-1,16
9111,15
2888,16
-1,16
-1,15
968,15
-1,16
-1,15
4980,17
6256,15
-1,15
-1,16
-1,16
-1,16
3159,15
-1,15
-1,15
9273,16
6115,15
4386,17
1307,16
316,15
-1,16
6340,17
-1,15
6512,15
9703,15
-1,15
603,16
-1,15
6205,16
-1,16
-1,15
5433,20
-1,15
4688,15
2071,15
1746,15
8201,15
7713,18
-1,15
-1,17
-1,16
-1,16
5819,15
7200,16
-1,16
9045,16
-1,16
-1,15
-1,15
9853,16
-1,15
4769,16
-1,16
-1,16
-1,16
-1,15
-1,14
-1,14
8929,15
-1,15
1213,16
-1,15
9888,15
-1,16
9118,15
-1,14
9987,15
-1,16
5252,14
3468,14
1460,16
2292,17
1592,15
-1,16
-1,15
3947,16
-1,14
-1,15
-1,15
7639,16
9663,16
1067,16
2269,15
3729,17
7235,15
113,16
-1,15
2232,15
-1,15
-1,16
800,15
-1,15
-1,16
7493,16
8331,16
-1,15
-1,14
-1,14
23,16
7939,15
224,16
2564,14
-1,16
6490,15
4126,15
-1,15
194,16
-1,15
8669,15
-1,14
4271,16
-1,16
-1,15
6168,16
-1,15
6324,15
4305,15
-1,15
-1,15
6292,16
-1,14
-1,15
514,16
5995,15
2359,15
6366,16
-1,17
1233,17
3224,15
-1,14
-1,14
-1,15
-1,14
-1,14
9993,16
-1,15
-1,16
2508,15
5929,16
-1,15
-1,14
-1,16
-1,15
8703,16
5765,17
-1,15
-1,16
8605,15
-1,15
3925,16
5737,16
-1,16
6433,16
-1,15
-1,16
-1,16
7842,16
675,18
-1,15
5066,16
7892,15
1292,16
6033,16
-1,16
8626,16
4108,14
-1,15
-1,16
349,15
-1,14
-1,16
-1,15
8910,17
-1,14
-1,16
7491,15
599,17
8208,15
2522,14
-1,15
-1,15
625,16
2301,15
-1,15
9903,16
-1,16
6866,15
-1,15
6036,15
2558,15
3049,14
-1,15
-1,15
-1,16
4232,14
7939,16
-1,15
-1,14
2472,15
-1,15
2593,17
-1,15
-1,15
-1,15
3716,18
7930,16
-1,15
3005,16
463,15
-1,15
4921,16
1839,15
5853,16
8576,15
-1,15
-1,15
7044,17
3943,15
5722,16
8245,16
9922,16
-1,15
-1,15
4350,15
-1,15
5283,15
-1,19
-1,14
349,14
-1,15
3025,15
1438,16
5382,15
5439,14
9705,16
-1,14
9190,15
-1,15
4882,15
-1,16
4296,17
-1,17
6080,17
2099,17
-1,14
3383,16
6044,15
2522,15
-1,14
-1,16
9370,16
-1,17
9077,15
2085,16
-1,14
-1,16
-1,15
2357,16
-1,15
1139,16
-1,16
5699,15
2216,16
-1,16
-1,14
6423,15
5367,17
276,16
-1,16
-1,15
7137,15
-1,16
-1,15
1964,16
797,15
7949,16
-1,15
190,16
-1,14
-1,14
-1,15
1534,15
-1,16
7349,15
-1,15
-1,14
3325,15
-1,15
-1,14
-1,15
4927,16
-1,16
-1,16
-1,16
9264,18
-1,16
-1,15
8523,15
8520,15
6754,15
2158,16
2584,15
7686,15
-1,16
8358,16
-1,16
3973,15
1876,17
6992,16
-1,16
-1,16
1319,15
-1,15
-1,15
3562,16
-1,15
-1,15
8229,15
-1,15
-1,16
-1,15
3675,16
-1,15
80,14
-1,15
2188,15
6620,14
4632,17
-1,16
2063,15
-1,14
-1,14
9228,16
2516,17
2733,15
1729,15
-1,16
-1,15
3367,16
-1,17
-1,16
9245,15
236,16
-1,15
5682,16
9816,16
-1,15
6521,15
7779,16
6305,17
7341,15
5765,16
3849,15
5071,17
-1,15
4074,15
-1,15
-1,14
1046,16
-1,15
-1,16
3967,16
-1,15
4340,15
3672,18
-1,18
142,18
1997,15
-1,15
-1,15
-1,15
8424,16
-1,16
-1,14
2087,15
-1,15
-1,15
9994,16
-1,15
1550,15
-1,14
6465,15
-1,16
4120,15
9669,16
989,16
-1,15
-1,15
1301,15
4104,16
9849,16
8102,15
-1,15
-1,15
1983,16
-1,15
4111,15
-1,15
8617,16
8812,15
-1,15
-1,15
3574,16
8113,15
5662,16
6865,14
4310,16
5510,16
8034,16
-1,15
5558,15
3216,15
9398,15
-1,15
773,15
5110,17
3032,16
5225,16
1543,16
9850,16
3572,15
522,17
738,15
6202,16
716,17
7192,17
2022,17
9631,16
-1,15
-1,15
-1,16
4669,16
1516,16
7581,15
5514,16
-1,16
2466,16
803,15
7927,16
-1,15
5605,16
-1,15
4437,15
1560,15
2863,15
-1,15
9843,15
-1,15
6744,16
5007,15
4662,15
4290,16
4034,17
500,15
-1,16
5192,15
4595,18
-1,16
3722,16
-1,15
-1,15
241,17
-1,15
-1,15
1072,15
-1,15
-1,15
-1,14
-1,14
6471,17
-1,15
-1,18
2925,15
-1,16
4918,15
-1,15
-1,16
-1,14
-1,15
-1,15
-1,15
-1,15
1659,17
-1,17
-1,14
858,15
1505,15
6974,18
1020,17
-1,15
-1,15
5392,15
4662,15
-1,14
-1,15
4742,16
5862,15
-1,16
5588,16
9700,14
-1,15
-1,15
2251,15
1443,15
-1,14
5015,16
565,15
-1,15
-1,14
9273,14
9892,16
-1,15
-1,15
-1,15
9044,16
6295,16
-1,14
7966,16
-1,16
3807,16
-1,17
880,16
-1,15
-1,16
5166,16
-1,15
1086,16
6961,15
5196,18
-1,16
5319,16
8091,17
-1,16
1918,15
-1,14
-1,16
-1,14
6609,17
3396,15
2879,16
4639,14
9582,17
-1,15
-1,14
1369,16
115,16
-1,14
1969,16
-1,15
-1,15
-1,15
1086,16
-1,15
-1,15
-1,15
-1,15
4522,17
-1,15
213,16
9052,16
-1,15
6463,15
817,16
-1,16
-1,15
-1,14
-1,16
2659,15
-1,15
8202,15
1556,15
-1,15
7469,18
6054,15
2564,15
-1,16
7969,15
4165,16
8168,15
7076,15
-1,15
-1,14
-1,15
-1,15
-1,15
3911,17
-1,15
6055,15
-1,15
9678,16
-1,16
4599,15
-1,16
8056,15
2734,17
-1,15
9387,16
-1,17
9983,19
6511,17
-1,16
8182,16
-1,16
8216,18
5622,14
-1,16
3085,17
-1,17
974,17
3317,15
-1,15
-1,15
2031,17
-1,15
7767,16
-1,15
-1,16
1281,16
5230,18
9382,16
-1,15
-1,16
9401,16
9646,17
8434,15
-1,15
-1,15
6275,17
1212,16
990,15
2291,15
-1,15
7229,15
4560,16
8206,16
3717,15
7307,15
-1,15
-1,15
8325,15
4032,16
-1,16
8158,16
3320,16
5716,15
-1,15
48,15
860,17
5087,15
-1,16
6383,14
6055,18
-1,15
-1,13
-1,15
668,16
5380,15
7234,15
-1,16
-1,14
-1,14
-1,15
6003,15
-1,16
1676,16
8989,14
7047,16
6991,18
-1,15
-1,16
7004,16
-1,15
6705,15
-1,15
8976,17
7896,16
-1,15
-1,15
3063,15
-1,16
6662,16
6838,16
3334,15
2756,15
-1,16
-1,15
7933,15
5376,15
-1,15
-1,16
1927,16
3720,15
-1,15
5562,16
838,16
-1,15
-1,15
6683,15
-1,15
8772,17
-1,15
6653,17
-1,15
1244,15
752,16
9543,16
-1,15
-1,15
-1,15
5066,15
-1,14
8054,16
8001,16
7783,16
2211,17
7645,16
655,15
6761,15
-1,15
-1,15
-1,15
-1,15
-1,15
2958,16
-1,16
8198,17
5413,16
6362,15
4650,16
9728,17
3800,16
-1,16
-1,14
5553,15
-1,16
-1,14
9474,17
-1,17
-1,15
2397,17
-1,15
6600,15
-1,16
-1,15
-1,16
8795,15
8449,17
5796,16
7405,14
44,16
-1,16
5995,16
7191,16
6734,15
6738,16
146,16
515,17
-1,14
-1,15
9984,17
-1,15
7827,15
-1,15
-1,15
-1,16
-1,17
5606,16
7256,16
2578,16
-1,16
7710,17
1054,17
-1,16
-1,16
9360,16
9025,17
6477,15
7431,15
-1,14
6698,16
-1,15
5571,15
-1,18
1201,14
-1,15
-1,15
2224,16
3365,18
7010,16
8269,16
204,15
7324,15
-1,16
-1,14
6368,16
4895,17
7929,15
-1,15
-1,15
1638,15
3479,14
3000,16
8548,15
-1,16
6655,18
1688,15
-1,14
7136,15
-1,16
1564,15
-1,16
-1,15
-1,16
-1,15
-1,15
6243,15
-1,15
-1,15
4630,17
8090,16
9947,16
-1,15
9311,15
-1,14
7770,15
5619,15
-1,16
3044,14
9474,15
1581,15
-1,15
-1,18
9465,16
-1,15
-1,15
-1,16
-1,15
8387,16
-1,15
4616,15
-1,16
5610,15
-1,16
3498,15
-1,15
-1,16
8738,14
2209,16
-1,15
976,16
-1,14
-1,16
-1,17
51,15
7620,15
4085,16
8103,16
-1,17
-1,16
3189,15
4242,16
4058,15
7108,16
9017,14
134,15
4973,16
895,17
8255,15
-1,17
9669,15
-1,14
9928,17
8673,17
5785,15
-1,15
-1,15
-1,15
8239,15
6291,15
-1,15
6918,17
8936,16
-1,16
-1,15
1753,16
-1,15
-1,15
-1,16
-1,15
-1,16
-1,16
-1,16
5978,16
1774,15
7998,14
-1,16
1920,15
-1,15
7570,15
5288,16
-1,15
-1,16
4355,16
2181,15
4907,15
1055,15
2611,15
5240,16
-1,15
-1,15
-1,15
4740,17
1436,16
-1,16
-1,16
-1,14
-1,15
120,16
3483,17
-1,14
7109,15
9767,17
4510,16
3313,15
2711,17
4582,15
-1,17
-1,15
9498,15
7169,15
4644,18
7454,16
4346,15
4549,16
-1,15
-1,16
-1,14
2614,14
6306,15
702,15
2949,15
8291,16
-1,15
7765,15
-1,15
-1,14
-1,15
-1,14
-1,16
-1,16
4850,17
-1,15
1326,15
-1,16
9114,17
9724,17
-1,16
-1,15
2024,14
-1,16
4592,16
-1,15
-1,16
-1,14
6776,15
-1,16
7727,18
7743,16
-1,16
-1,16
-1,14
-1,14
-1,15
-1,15
3246,15
-1,15
179,16
-1,14
2220,15
-1,15
3052,14
-1,15
-1,15
-1,15
-1,16
9123,15
5523,16
4976,15
-1,16
5191,18
3776,15
5486,15
-1,15
815,17
1262,16
9295,15
3499,16
5806,16
-1,16
-1,16
-1,16
9663,17
9719,15
3708,16
-1,15
-1,15
-1,19
2201,15
4555,16
-1,15
-1,15
841,16
325,18
-1,15
-1,16
-1,17
-1,16
1728,15
5753,15
5058,16
3491,16
2721,16
1997,15
6956,15
-1,15
539,17
7200,16
8455,14
-1,16
-1,14
3039,15
-1,16
-1,14
-1,16
3146,15
-1,16
-1,16
9696,18
-1,14
-1,15
-1,15
-1,15
-1,16
-1,15
-1,16
-1,15
-1,16
4100,16
-1,15
-1,14
6735,16
8296,15
-1,15
7108,16
5541,17
1896,15
-1,16
-1,18
-1,16
-1,16
8986,14
-1,14
-1,15
-1,16
-1,15
-1,15
7062,15
-1,15
7677,16
3749,16
7808,16
176,15
5416,15
-1,17
9614,14
4570,18
-1,15
-1,15
9359,15
-1,15
-1,15
7348,15
-1,14
7749,15
2253,17
3743,16
2601,16
-1,14
2486,18
4097,15
813,16
-1,16
9390,15
4626,16
4930,15
-1,15
6461,18
842,15
5117,15
-1,16
-1,16
-1,16
-1,15
-1,14
-1,16
-1,14
-1,15
-1,15
6685,16
-1,14
3824,16
-1,14
-1,15
-1,15
7587,16
5416,14
-1,15
6064,15
1013,16
7904,15
8345,15
-1,15
8849,15
-1,14
7919,15
-1,14
-1,16
-1,16
-1,15
2515,16
7052,16
1959,17
6919,14
-1,16
2373,15
8618,17
5323,15
8990,15
8481,15
7661,15
-1,16
6653,16
-1,14
2975,15
3342,15
2857,15
-1,14
-1,15
8762,18
1386,16
-1,17
7008,16
-1,16
256,16
-1,14
6707,16
-1,16
-1,15
6045,18
7334,15
6391,16
-1,15
-1,15
5826,18
-1,15
210,17
-1,13
629,16
-1,17
-1,15
9313,15
-1,15
-1,15
67,16
-1,15
-1,16
8679,15
-1,14
9704,16
6571,16
1597,16
7396,15
8397,17
274,17
-1,15
7117,15
-1,15
-1,15
3354,15
6024,15
983,15
1230,17
-1,16
-1,14
5818,15
-1,15
8249,16
438,15
-1,16
-1,15
2743,16
-1,15
-1,15
6163,17
2675,18
-1,15
6153,18
8117,14
-1,16
2099,16
-1,16
-1,15
4535,16
-1,16
7470,17
-1,15
2200,16
-1,16
-1,15
938,15
9770,14
-1,16
7762,15
8470,15
8929,15
1166,15
-1,16
-1,15
-1,16
-1,17
-1,16
-1,15
-1,15
6068,15
-1,16
-1,14
551,16
2670,17
680,16
-1,17
7139,16
-1,14
1169,15
-1,15
63,16
5119,16
5398,16
-1,15
-1,15
4050,17
6141,15
1874,15
-1,14
-1,16
-1,16
5818,16
-1,15
-1,15
7216,14
-1,15
4344,16
5742,15
-1,15
-1,15
-1,16
9072,16
-1,17
5665,16
-1,14
3067,16
-1,17
2232,15
6628,15
-1,17
4135,16
9214,16
2893,16
-1,14
-1,15
9574,17
3260,16
-1,16
472,16
1547,16
-1,16
-1,15
-1,14
2213,16
-1,15
7138,16
-1,15
-1,15
2774,15
-1,15
5765,19
171,15
7613,17
-1,16
9671,15
-1,14
-1,15
-1,17
3328,15
7318,16
-1,15
-1,15
3991,14
-1,16
4349,15
4198,15
3553,15
2755,16
9729,15
5995,16
-1,15
3614,14
657,18
-1,15
-1,14
8385,15
-1,15
8034,16
1779,15
-1,17
1564,15
3953,17
-1,15
-1,15
-1,14
-1,17
2802,15
-1,15
-1,16
-1,16
-1,15
-1,15
-1,15
-1,17
-1,14
2934,15
7644,16
143,16
4278,15
5113,15
9958,15
4251,15
6416,17
-1,14
2495,14
2526,16
-1,14
6249,16
-1,15
7077,16
-1,15
2397,17
-1,17
1480,16
-1,16
-1,16
-1,15
4172,15
6924,16
-1,16
-1,16
-1,16
9699,17
-1,16
4936,15
-1,15
-1,16
3963,16
-1,15
-1,16
1091,15
2785,15
-1,16
1469,16
7456,15
-1,17
5917,15
2767,17
-1,16
1732,16
-1,15
7109,17
-1,14
-1,19
1823,16
4113,15
622,16
-1,15
-1,14
2621,16
-1,16
-1,15
-1,16
3432,15
-1,15
1537,15
-1,17
-1,15
6777,15
-1,14
-1,15
-1,16
3596,18
5241,16
-1,17
-1,16
856,15
6003,16
-1,15
929,16
-1,15
-1,16
-1,14
8801,15
-1,15
-1,14
7583,15
-1,16
3824,16
7901,15
4345,16
-1,16
3099,15
3030,17
7689,15
-1,15
2640,16
-1,15
-1,14
3661,15
-1,15
-1,15
3622,16
4709,15
3303,15
3883,18
7997,16
1,15
2598,16
3460,16
1336,15
-1,15
-1,15
-1,15
8262,15
1869,15
-1,15
7392,15
-1,16
2399,15
8267,15
6922,17
-1,15
-1,17
5050,15
6017,15
2534,17
2986,14
-1,15
308,15
-1,16
3393,15
-1,15
4701,15
5871,17
-1,15
5397,17
-1,15
818,16
-1,16
-1,16
-1,14
9085,16
-1,16
-1,18
3329,16
-1,15
6845,15
-1,15
7526,15
-1,15
-1,15
-1,15
-1,16
-1,15
-1,14
-1,16
-1,15
-1,15
428,16
1892,16
8226,17
2150,15
-1,15
-1,16
-1,16
-1,15
-1,15
7288,15
8252,15
8644,14
-1,16
9941,14
8447,15
2499,16
-1,15
4899,16
-1,14
1195,15
-1,15
6108,16
1305,14
5978,16
-1,15
4587,16
-1,16
3850,18
7856,14
5836,15
4804,16
7979,16
4522,17
-1,16
-1,15
-1,16
9085,16
-1,15
-1,16
63,16
-1,16
4608,16
-1,16
1033,15
-1,14
-1,14
6315,15
3232,16
4640,16
-1,15
-1,15
-1,14
4279,16
4882,17
-1,16
2300,16
4121,16
-1,15
-1,15
-1,16
-1,15
1787,16
-1,15
6819,16
3079,15
-1,15
-1,16
1879,16
57,17
-1,15
-1,15
-1,15
-1,17
-1,16
8055,17
-1,15
2701,16
200,18
2333,15
8859,15
-1,15
-1,17
-1,14
2801,14
2394,20
8773,15
2968,15
-1,14
-1,16
8215,17
6698,16
-1,17
1741,16
31,14
-1,17
5588,15
-1,16
-1,15
1689,17
5385,14
3901,16
-1,17
7860,16
7999,17
-1,15
-1,16
9394,16
-1,15
-1,15
-1,15
3950,16
-1,15
-1,16
8546,16
-1,15
-1,16
6813,16
9441,16
3051,17
-1,16
3476,16
-1,14
6578,16
7396,15
5666,14
-1,15
7115,16
2154,15
9556,15
8701,15
-1,15
-1,16
-1,14
6172,16
-1,15
4555,16
-1,16
-1,16
-1,16
-1,16
-1,16
4689,14
9269,17
2201,14
9053,16
-1,15
7577,15
-1,15
-1,16
-1,17
-1,15
-1,15
-1,15
-1,16
3087,16
-1,15
-1,15
356,16
-1,16
-1,15
-1,16
-1,15
4998,16
-1,15
3700,15
2299,16
272,16
-1,15
9651,16
5732,17
5208,16
-1,17
797,14
2481,15
-1,15
3071,17
7981,14
9531,16
3509,16
6246,15
-1,15
9655,16
2438,15
9587,16
-1,15
-1,15
605,15
-1,16
-1,16
-1,15
-1,16
-1,15
-1,15
373,15
4089,15
-1,15
-1,15
-1,16
7839,17
-1,17
219,17
6478,17
-1,15
-1,15
-1,16
5918,15
-1,15
-1,14
7477,14
-1,16
8168,17
1959,16
-1,15
-1,16
-1,16
6556,17
-1,15
2764,16
4727,15
-1,15
-1,16
-1,15
6798,15
-1,16
-1,15
-1,16
2305,16
-1,15
-1,15
-1,16
4693,16
6965,15
-1,15
-1,16
8499,16
-1,15
-1,14
1334,15
2218,16
4787,15
9499,15
1214,17
-1,15
-1,15
8511,14
5419,17
-1,15
-1,15
-1,15
-1,18
9176,17
-1,16
-1,15
-1,15
-1,16
-1,15
-1,16
7945,16
-1,15
-1,14
6927,15
-1,14
3635,17
-1,16
-1,15
-1,16
1654,16
9963,15
6869,16
2752,16
-1,15
860,16
-1,16
-1,16
864,15
4272,16
-1,14
2053,17
9913,15
-1,15
2094,17
-1,15
-1,15
-1,15
7325,15
9752,14
-1,16
-1,15
7082,17
8753,16
-1,16
9065,16
4423,15
-1,15
5101,16
-1,14
7024,18
4671,16
-1,15
-1,14
3635,14
1732,16
-1,15
7769,15
7806,16
-1,15
-1,16
2833,16
-1,15
606,18
-1,15
8859,16
4115,14
-1,15
4813,15
-1,14
5603,15
9435,18
7637,15
1591,17
4817,15
-1,16
-1,16
-1,15
-1,16
6070,15
369,16
4756,16
-1,15
-1,15
9514,17
-1,17
8264,15
-1,16
4434,16
4183,16
-1,15
-1,15
-1,15
7844,17
8852,15
-1,15
-1,15
2750,16
-1,15
-1,15
-1,17
6046,15
1628,16
4216,16
-1,14
8353,16
9599,16
-1,15
2799,15
-1,15
8446,15
-1,16
2601,15
-1,16
-1,17
7869,17
-1,15
-1,15
-1,14
3267,16
1830,16
-1,15
9058,18
6983,15
-1,17
1300,15
-1,16
2058,16
4653,16
-1,16
-1,15
9940,16
-1,16
9604,16
-1,17
-1,16
-1,15
5073,17
1636,16
2475,15
-1,15
-1,17
9518,16
2046,14
9864,15
7802,15
33,15
-1,15
5450,15
-1,17
-1,14
7660,14
-1,16
-1,15
1990,14
5652,16
-1,16
1720,15
-1,14
-1,16
-1,16
-1,15
5464,18
-1,16
-1,15
-1,16
-1,14
2538,15
-1,14
-1,17
3197,17
-1,15
6288,16
194,16
-1,15
-1,15
-1,15
2073,17
7841,17
7268,16
-1,15
2695,15
-1,15
6706,17
-1,15
-1,15
854,15
-1,15
6515,17
8393,16
-1,15
-1,15
-1,15
479,15
-1,15
-1,15
2109,14
6660,15
-1,14
7017,16
-1,15
7186,15
1301,17
2158,16
-1,16
1854,15
8943,17
1745,15
2740,16
1416,15
7287,17
-1,17
6161,16
-1,16
-1,15
9955,17
-1,15
-1,16
6970,14
-1,16
7185,15
5662,16
5419,16
2653,17
-1,15
9504,16
9516,15
7548,17
9092,16
-1,17
6539,16
-1,14
4402,16
-1,15
758,16
594,17
2301,15
-1,15
-1,15
9594,16
-1,16
-1,14
8820,14
5243,16
3330,16
5496,16
6704,14
-1,16
-1,16
7172,17
2633,17
2517,15
-1,16
6604,15
-1,16
-1,16
5472,16
6083,15
-1,15
7093,16
4071,15
-1,15
-1,14
8649,16
-1,15
-1,14
-1,15
-1,15
-1,16
-1,14
-1,16
4978,16
1931,17
4005,16
-1,15
6462,16
-1,14
2780,17
2345,16
-1,14
-1,15
1026,15
3306,16
7629,16
2565,16
2275,17
2998,15
8226,14
-1,15
-1,15
3186,14
1100,16
8036,15
-1,15
1752,15
1271,15
-1,17
-1,15
1789,16
4567,15
-1,14
4157,16
-1,15
3856,17
-1,16
1444,17
-1,14
3980,15
-1,15
-1,17
8502,16
8057,15
-1,15
7886,14
4113,18
-1,14
-1,14
-1,17
9380,17
-1,15
728,18
5462,15
-1,16
-1,15
8966,17
-1,15
2468,16
-1,16
-1,18
-1,14
9436,16
-1,15
2275,16
420,17
-1,15
-1,16
7277,16
274,15
-1,16
-1,15
-1,15
9024,18
324,16
9139,15
-1,16
-1,16
9077,15
-1,15
6657,15
-1,15
-1,15
5447,15
7623,15
9069,14
2045,16
9847,16
3250,17
-1,15
-1,15
4199,17
617,16
4019,16
5395,16
8125,17
2911,16
1956,16
2654,16
-1,15
3970,16
5606,15
-1,15
-1,15
6746,15
7750,14
4619,16
5076,17
-1,15
2471,17
4272,17
-1,14
-1,15
-1,16
9428,15
-1,15
3485,15
14,15
4765,15
7405,15
-1,15
9554,17
-1,14
-1,14
-1,16
3388,17
1408,16
7394,15
6203,17
-1,15
9505,16
-1,14
7708,16
-1,15
1079,16
4937,16
-1,16
345,16
3743,16
8148,15
-1,15
-1,16
934,16
-1,15
7484,17
-1,15
-1,15
-1,16
-1,14
9894,15
-1,15
3704,16
-1,14
-1,16
-1,15
-1,16
-1,15
9030,16
8440,17
7029,14
9696,18
-1,17
-1,16
8493,15
-1,16
5414,16
4353,15
1080,16
-1,15
2862,16
-1,15
-1,15
5092,15
1584,15
6481,15
-1,15
-1,17
3166,15
-1,14
-1,15
-1,14
5154,15
2793,17
9316,17
-1,15
4044,15
-1,15
-1,16
6101,16
-1,15
-1,15
8071,15
5560,14
1126,16
-1,16
-1,14
-1,17
4796,16
4140,18
7971,15
6453,15
-1,15
-1,15
3074,16
-1,15
-1,14
6134,15
3283,16
8182,16
7628,15
6707,16
884,16
-1,15
-1,16
-1,14
-1,15
3386,15
5842,16
-1,15
-1,16
-1,15
-1,15
-1,16
2656,15
5166,15
-1,14
5521,15
-1,15
-1,14
2503,17
-1,15
978,17
986,15
-1,15
7960,16
-1,15
-1,16
-1,16
-1,16
9945,15
-1,15
8444,16
500,17
-1,17
1662,15
-1,17
-1,15
-1,15
-1,16
-1,15
-1,15
-1,15
525,15
-1,14
408,18
-1,16
657,15
-1,16
-1,15
3574,16
4494,15
-1,16
-1,14
7755,15
427,15
-1,14
5859,15
7168,15
4903,17
1799,15
1245,16
4481,15
-1,14
4784,16
8149,17
6477,17
1169,16
-1,15
4983,18
-1,14
-1,15
2367,15
-1,15
-1,14
4051,16
-1,15
144,17
9149,16
8847,16
3554,16
-1,14
283,16
-1,16
-1,14
-1,16
-1,16
-1,15
-1,14
-1,16
-1,17
1846,16
-1,14
4354,17
8923,17
531,16
4208,16
-1,15
8467,17
-1,15
4171,15
4033,15
-1,15
-1,14
-1,15
4264,16
-1,14
-1,16
-1,16
-1,16
-1,15
-1,14
5476,15
3341,18
525,16
-1,15
560,16
-1,15
-1,16
7755,14
5451,17
6906,15
-1,15
-1,15
4080,15
-1,14
9440,15
-1,14
-1,15
-1,16
8461,16
4433,16
-1,15
9542,16
-1,14
8937,18
-1,14
-1,15
2171,16
2008,17
7189,16
-1,15
-1,16
-1,15
5381,14
-1,15
9070,15
8488,16
7919,16
99,17
-1,16
8906,15
835,17
2167,16
-1,14
-1,16
-1,15
-1,15
-1,14
1384,16
4803,16
6212,15
-1,16
-1,16
8931,15
8035,15
1551,16
-1,14
-1,15
-1,15
-1,15
313,16
-1,15
-1,15
8629,15
-1,16
-1,16
-1,15
5314,16
-1,18
6766,16
2215,15
-1,15
4097,15
8484,16
5965,14
6417,16
7598,16
5169,15
9189,18
-1,16
-1,15
2346,16
891,16
6578,15
6184,15
-1,15
-1,15
-1,15
7565,15
9040,14
6936,16
9569,16
9259,15
1653,17
-1,15
2028,17
-1,15
8303,16
4582,14
6741,16
-1,15
-1,15
-1,15
-1,17
-1,15
5371,16
-1,15
-1,15
-1,14
7382,17
2604,19
-1,16
-1,14
8127,15
-1,15
-1,15
-1,14
-1,15
7777,15
8715,15
7394,17
9921,15
-1,15
-1,17
9923,17
-1,16
6511,15
-1,15
3111,16
-1,15
-1,14
-1,16
6141,16
282,17
-1,15
-1,14
-1,16
7666,16
1429,15
8699,15
1215,16
-1,15
3639,16
575,17
-1,15
5521,15
-1,14
-1,17
7415,16
-1,16
-1,15
6196,17
-1,15
-1,15
9610,14
-1,15
-1,14
4843,14
-1,15
86,15
374,16
-1,15
5827,15
2860,15
8459,16
-1,14
9002,16
-1,15
-1,15
4075,17
9584,14
3659,15
-1,15
-1,14
4025,15
1055,16
7562,16
-1,16
1289,14
-1,15
-1,14
-1,14
1417,15
3727,15
-1,15
-1,16
4912,16
7469,16
672,16
-1,17
-1,15
-1,15
3056,15
-1,16
-1,15
-1,15
-1,14
922,14
5287,16
4910,16
3313,17
9334,17
-1,15
-1,15
3763,15
1297,16
4526,15
-1,16
-1,15
-1,15
-1,16
-1,15
-1,15
6869,16
3081,17
9110,16
-1,15
3057,14
-1,15
-1,15
-1,15
1906,17
-1,15
-1,15
3848,15
733,16
-1,15
-1,14
4891,15
7880,17
-1,15
4257,15
-1,16
2369,17
-1,16
9874,15
-1,16
-1,15
239,16
-1,15
334,16
-1,16
-1,15
1528,15
8937,15
-1,16
3771,15
3629,17
-1,15
761,15
4868,15
-1,14
-1,15
-1,16
-1,15
6001,17
-1,14
8294,16
4642,16
-1,15
1244,15
-1,14
9615,15
3119,17
5418,16
-1,16
-1,16
-1,17
1456,17
4723,15
-1,15
2200,15
9670,17
1840,16
2678,16
-1,16
-1,17
-1,15
3429,16
6603,17
-1,15
-1,15
2855,15
-1,17
-1,17
1882,16
2589,15
9490,16
-1,15
2518,16
4067,18
-1,16
-1,15
-1,15
2776,15
1820,15
-1,17
8230,17
2271,17
7291,16
7330,15
4228,16
-1,17
2965,15
-1,15
-1,15
-1,15
7517,15
1490,16
-1,15
-1,15
-1,15
-1,15
5509,16
985,16
-1,15
-1,15
3928,16
-1,15
7162,17
-1,15
-1,16
-1,16
6087,16
493,16
7570,15
-1,15
3518,15
139,16
6452,15
-1,15
9990,17
-1,15
8882,15
3682,16
8951,16
-1,15
3335,16
4013,15
-1,15
-1,16
-1,15
2214,17
-1,16
5309,15
-1,15
9404,15
-1,15
-1,16
4599,17
4379,16
-1,16
-1,15
9893,18
3274,16
2332,15
680,17
2791,16
-1,16
8166,18
-1,15
-1,15
-1,16
625,16
-1,14
-1,16
2700,14
3476,14
8262,16
-1,16
6717,15
1899,15
-1,16
-1,14
366,16
-1,16
5914,16
-1,15
5341,16
-1,16
9869,16
9766,14
6239,16
7167,16
9820,16
-1,15
6473,16
-1,14
9688,16
2994,16
1731,16
9382,18
7345,14
8531,17
-1,14
-1,16
9902,15
1768,15
-1,15
262,15
5293,17
9756,16
7161,16
5020,15
5944,16
3272,15
8541,16
1314,16
1544,16
5120,15
1961,16
4172,17
9149,17
6983,15
6945,16
2745,15
1748,16
1517,15
922,15
-1,15
-1,15
875,17
8495,15
-1,15
-1,16
-1,14
-1,15
3412,16
3384,16
3205,16
1996,16
-1,15
-1,15
-1,15
-1,16
-1,14
9694,15
6095,14
9639,15
-1,15
8904,16
57,15
5022,16
3164,17
-1,16
-1,15
3798,16
6420,17
-1,15
7924,16
3185,16
39,16
6612,16
5739,16
-1,16
8312,16
4958,15
5034,16
8997,15
-1,15
7625,16
2959,16
-1,15
882,16
1816,16
-1,16
-1,14
9719,15
-1,15
9277,16
1301,15
-1,16
8355,17
-1,17
-1,14
5736,16
-1,16
-1,15
-1,15
-1,16
-1,15
-1,14
-1,15
3941,15
-1,15
-1,15
-1,15
-1,15
1649,17
-1,15
4471,16
-1,15
1516,15
-1,15
3909,15
627,17
-1,15
429,17
-1,15
224,16
2674,17
1230,16
9289,16
656,14
2291,15
1245,16
-1,17
-1,15
-1,16
-1,15
-1,14
-1,15
739,17
-1,16
-1,17
-1,16
-1,16
4826,17
-1,15
-1,15
-1,16
9810,16
-1,16
8686,16
-1,15
6274,16
2185,17
6092,17
-1,15
-1,15
7590,15
-1,16
-1,15
2450,15
6699,15
-1,15
-1,14
919,16
-1,16
-1,16
5379,15
-1,14
3700,17
-1,15
-1,15
-1,16
-1,15
1986,15
-1,15
1956,15
3243,14
5393,15
-1,15
8277,15
-1,15
-1,16
-1,15
-1,14
1690,15
-1,15
-1,15
7863,15
-1,15
6570,15
-1,15
-1,16
-1,15
-1,16
-1,14
-1,16
-1,15
7994,16
6301,15
1857,15
5416,16
9367,17
5432,15
9120,15
-1,16
-1,14
-1,14
8353,16
6818,16
7558,16
3579,17
-1,16
3797,15
-1,16
-1,15
-1,16
6856,15
3133,15
-1,17
-1,16
7805,17
-1,15
9133,14
9970,16
8113,14
-1,15
-1,15
1877,15
-1,14
6123,18
1830,17
5255,16
8471,16
1607,16
3179,16
365,16
-1,15
8663,15
4800,15
6916,15
-1,15
-1,16
-1,15
-1,15
-1,15
9085,16
-1,15
1982,16
3829,17
-1,15
7441,14
9107,16
-1,15
-1,15
-1,15
-1,15
-1,15
2274,17
3969,15
9940,16
-1,15
1670,14
-1,15
6318,16
-1,16
-1,14
-1,15
-1,15
-1,15
-1,15
-1,15
7258,15
5278,14
909,16
5200,14
7467,17
-1,15
-1,15
-1,14
2109,15
-1,15
-1,15
-1,15
-1,16
1645,15
7624,17
403,15
4773,16
-1,15
1492,15
-1,15
-1,15
1729,15
-1,15
-1,15
-1,14
-1,15
8613,17
4402,16
-1,16
782,16
-1,16
-1,14
3883,16
-1,16
-1,15
-1,14
-1,14
3667,15
-1,18
593,15
7211,16
-1,15
1256,17
-1,15
4078,17
-1,16
7720,15
-1,16
-1,15
2658,15
-1,16
3372,15
4219,15
1958,14
2504,18
-1,15
2455,16
2327,16
4063,17
-1,15
-1,16
3322,14
6002,15
-1,18
6957,15
773,16
-1,15
7788,18
-1,17
-1,17
-1,16
692,15
6473,15
5047,15
-1,15
3436,15
8299,15
-1,15
-1,15
-1,15
6854,16
-1,14
-1,15
-1,15
-1,16
1613,16
-1,16
4972,15
9901,17
9036,16
3391,15
1385,16
-1,16
939,19
-1,17
-1,16
-1,15
1259,15
6119,15
-1,14
-1,15
-1,15
-1,16
6848,16
-1,15
30,15
-1,15
-1,15
-1,15
-1,16
7401,16
-1,16
4426,15
6072,17
3956,15
-1,16
2466,16
-1,17
-1,16
7750,17
-1,16
6474,18
-1,15
-1,16
8539,15
-1,16
-1,16
-1,15
-1,14
651,15
8235,15
4189,15
742,15
7915,15
-1,14
4088,17
-1,15
8584,15
9495,15
-1,15
-1,15
3755,15
613,14
-1,16
-1,17
1871,16
-1,15
-1,15
1077,16
5362,17
-1,15
2769,16
-1,15
-1,15
5887,15
-1,14
-1,15
-1,16
-1,15
-1,15
-1,16
3114,17
-1,15
751,16
-1,16
5091,16
-1,15
-1,16
9558,18
2188,15
-1,16
5060,17
9531,16
7039,16
-1,15
763,17
7020,16
-1,15
-1,16
-1,14
-1,14
8298,16
4296,17
-1,14
-1,15
-1,15
2421,16
-1,15
-1,14
3389,16
-1,17
-1,15
-1,15
-1,14
1792,15
-1,16
-1,15
952,16
-1,14
2642,17
8102,16
751,16
-1,15
-1,17
-1,15
6390,17
-1,15
-1,17
6225,15
9272,16
-1,15
5590,16
8403,15
-1,15
-1,16
-1,15
415,16
3488,16
4633,17
2614,16
6712,16
2970,15
4737,15
3498,16
-1,16
-1,15
-1,16
-1,16
-1,16
9987,16
-1,15
-1,14
-1,15
5376,15
8020,16
-1,15
5269,17
5982,18
-1,16
3650,16
9786,16
9371,15
312,16
-1,15
4715,15
7813,14
6574,14
-1,14
8090,15
1461,15
-1,14
1306,14
-1,16
9761,17
-1,14
-1,15
5758,18
7607,16
3395,16
-1,15
1362,16
7664,16
-1,14
-1,16
5423,15
7592,16
-1,14
-1,15
-1,15
-1,15
-1,15
962,17
-1,15
8714,15
-1,17
3945,16
-1,15
-1,16
-1,16
-1,15
-1,17
-1,16
4429,15
8371,15
7617,15
2272,15
8526,15
7230,15
-1,16
-1,16
2116,18
-1,15
-1,16
8963,15
7136,16
6047,16
9998,14
1499,16
-1,16
-1,14
1361,16
-1,15
2022,16
-1,15
9248,15
-1,15
1171,16
-1,16
-1,16
4244,18
6631,16
-1,16
-1,15
407,16
-1,16
4438,15
-1,15
9110,15
-1,15
-1,15
3437,15
-1,15
6277,16
-1,16
8026,15
4380,16
-1,15
5502,18
7613,16
-1,15
-1,15
2023,15
-1,16
-1,16
3857,16
9635,15
-1,15
4072,16
-1,15
-1,14
7973,15
-1,15
581,16
-1,16
59,15
-1,16
2937,15
-1,15
6999,16
4352,15
5436,15
6714,15
-1,18
4049,16
-1,16
3660,18
1477,16
1947,15
-1,15
-1,15
-1,15
2214,16
4961,16
-1,15
-1,15
5323,17
1927,15
8629,16
8595,16
6761,15
3445,15
4487,16
9939,16
-1,16
7771,16
5631,16
4908,15
3746,15
527,15
9898,16
-1,17
-1,16
-1,15
9979,16
558,15
6227,15
8193,16
9922,17
-1,16
-1,15
508,15
-1,16
-1,16
-1,16
-1,16
-1,16
-1,16
-1,15
2276,16
-1,14
3117,16
-1,15
2536,15
8303,17
-1,15
2983,17
1234,15
1555,17
-1,15
-1,16
1468,14
-1,15
-1,14
-1,16
8641,17
-1,16
-1,14
7177,15
-1,17
-1,16
8196,15
1012,15
-1,15
-1,15
7888,16
-1,16
3237,15
-1,16
1115,17
-1,14
4918,14
2484,16
6701,16
-1,15
7450,16
-1,15
-1,15
-1,15
3048,18
3372,15
6023,16
3091,15
4626,17
9301,16
5435,16
-1,16
5396,15
-1,16
-1,15
-1,16
-1,15
4144,17
-1,15
6155,17
7655,15
-1,16
1649,15
-1,16
-1,15
8310,17
-1,16
-1,17
2571,15
2263,16
9378,16
-1,15
-1,15
8310,14
-1,16
-1,15
-1,15
-1,16
5416,17
4463,16
-1,16
2766,15
3343,15
-1,15
-1,16
-1,17
-1,14
7643,17
4109,16
6691,15
-1,16
6543,15
-1,15
5855,15
6553,18
-1,15
-1,16
761,16
5472,16
-1,15
-1,16
6533,15
-1,15
-1,15
-1,16
2275,16
4827,15
1973,15
-1,15
-1,15
-1,14
1268,16
-1,14
-1,15
-1,14
-1,15
-1,16
6381,16
-1,15
4756,17
6620,16
1562,15
77,15
-1,14
-1,14
-1,15
739,16
-1,15
5059,16
-1,15
4926,16
-1,14
-1,14
8191,16
2925,16
9702,17
2498,19
-1,15
-1,15
-1,16
286,16
6164,17
-1,16
6203,16
5396,16
2308,17
-1,15
-1,15
7356,15
7659,16
-1,17
-1,15
-1,16
-1,15
-1,15
4285,16
-1,15
-1,15
-1,15
-1,15
5612,17
-1,14
4578,16
-1,16
-1,17
5085,16
-1,15
-1,16
979,16
-1,15
3126,15
-1,16
613,16
9283,16
-1,15
-1,16
3708,16
-1,16
6823,15
-1,16
-1,15
-1,14
-1,15
-1,16
-1,15
2312,16
3249,15
-1,15
6035,16
-1,14
-1,16
3205,16
835,15
2291,15
4331,16
7352,16
9668,15
3265,17
8833,15
-1,15
-1,15
-1,17
-1,14
5329,17
-1,16
244,15
4322,16
-1,15
6856,15
-1,15
8277,17
7370,16
-1,15
-1,15
7496,15
-1,15
747,16
-1,15
-1,15
-1,14
-1,15
-1,16
-1,15
6019,15
1775,16
-1,16
1869,16
-1,16
-1,18
-1,15
7385,16
893,15
-1,15
-1,17
-1,15
-1,15
-1,15
2157,16
4738,15
-1,14
3240,15
7692,15
4843,18
6613,16
-1,17
5400,15
204,16
-1,14
-1,16
2538,14
-1,17
9299,15
4425,14
2132,16
-1,15
7747,16
-1,16
-1,16
8795,17
-1,16
5340,17
3847,16
9541,14
-1,15
7449,15
-1,15
6996,14
7966,16
-1,15
5432,15
-1,16
-1,15
9957,15
-1,17
-1,15
-1,15
-1,15
-1,15
-1,15
-1,15
-1,17
3632,15
-1,16
9458,16
3343,16
5454,17
-1,15
-1,16
-1,15
1292,16
6615,15
3842,15
2016,15
7210,15
1747,15
8611,16
4314,17
-1,15
9396,15
-1,15
269,16
1629,16
3254,15
8311,15
3990,16
-1,16
4277,15
-1,15
-1,14
-1,16
-1,14
-1,15
2986,14
2842,16
-1,15
1666,15
5158,17
-1,15
-1,15
-1,15
3850,15
-1,16
-1,16
-1,15
-1,15
8364,15
-1,15
8832,16
5119,17
3305,15
-1,15
-1,15
-1,14
-1,16
3924,15
492,15
-1,15
-1,17
706,18
6471,17
8513,17
9361,16
8756,16
-1,16
9114,15
154,15
-1,16
-1,16
-1,15
-1,14
-1,15
2934,15
-1,16
-1,15
5167,15
2051,15
-1,15
3325,15
493,15
5502,18
-1,16
7639,15
-1,15
4881,15
-1,15
5961,16
-1,15
9416,15
4380,14
-1,14
1395,15
948,16
-1,15
5607,16
5477,15
4672,16
82,17
-1,16
-1,16
-1,15
178,15
-1,16
6784,16
8302,15
9806,15
-1,15
8675,15
-1,17
4533,15
-1,16
1539,16
7605,16
-1,15
-1,17
-1,15
-1,15
-1,14
6352,17
2833,16
-1,16
360,16
-1,14
6137,16
1737,16
8652,16
-1,15
3694,16
-1,15
-1,16
5583,16
-1,15
-1,17
3027,15
-1,15
4820,15
-1,16
-1,15
-1,16
-1,15
2341,15
-1,16
9626,15
-1,17
2325,17
-1,16
-1,17
-1,15
8973,17
3572,15
-1,16
9363,15
5217,15
-1,15
-1,15
4274,16
7258,17
-1,16
8074,14
-1,15
-1,15
2405,16
2338,16
-1,15
-1,14
1260,16
-1,16
1793,16
3049,16
-1,16
5376,16
-1,15
1286,16
-1,16
-1,16
1184,17
-1,15
5146,17
3688,15
18,15
-1,14
-1,15
-1,15
-1,16
5348,15
8312,16
-1,18
6637,17
372,17
-1,14
1297,17
-1,16
7156,15
-1,14
2267,15
1459,16
-1,16
1862,15
1497,15
2816,16
5450,15
-1,16
4617,15
9085,17
-1,15
-1,14
8958,16
321,16
-1,15
-1,14
-1,16
7144,17
-1,16
-1,15
-1,16
-1,16
-1,16
6680,15
-1,16
5443,15
-1,15
-1,16
-1,14
-1,16
84,17
4603,17
2401,16
6478,17
-1,15
-1,16
-1,14
1930,15
4835,15
-1,15
-1,17
8058,15
610,15
-1,15
-1,17
8220,16
-1,15
8918,15
-1,16
-1,15
4323,16
-1,16
-1,15
-1,16
-1,14
-1,16
-1,16
2717,18
-1,17
1499,16
-1,16
8749,14
1541,17
-1,15
2370,15
7243,17
-1,15
6110,15
5375,15
-1,16
5249,15
-1,15
-1,14
-1,16
8255,16
709,15
-1,15
1131,16
3326,15
-1,15
3157,16
-1,14
8003,17
7296,15
-1,16
-1,15
-1,15
3823,16
8429,16
-1,16
-1,15
7630,15
-1,15
4089,16
6669,16
-1,15
-1,14
4043,16
-1,16
-1,15
-1,16
-1,15
7521,16
-1,16
-1,15
-1,16
-1,16
1786,15
-1,14
2325,16
-1,14
9002,16
5202,16
3907,17
415,15
-1,15
5574,15
-1,15
-1,16
4456,16
2006,16
4420,15
1998,16
501,16
-1,16
3215,16
-1,15
1258,15
-1,15
5492,16
-1,15
-1,15
7882,16
1216,15
-1,15
-1,15
4521,16
9875,15
-1,16
3878,15
-1,15
6606,16
6112,15
-1,14
6569,15
8408,16
4399,15
4103,14
-1,15
-1,16
9701,16
3734,16
-1,16
2407,15
-1,15
5958,15
-1,16
6977,16
-1,14
7816,17
-1,15
6011,17
-1,14
8392,15
-1,15
-1,17
-1,15
-1,15
-1,15
-1,15
8075,15
-1,15
-1,15
890,14
6502,16
-1,15
-1,15
9792,15
-1,14
-1,16
3652,17
-1,14
-1,15
6965,16
826,16
-1,15
1907,16
-1,15
-1,15
4616,17
-1,16
9983,15
-1,15
-1,15
7859,17
4926,17
9362,15
-1,16
-1,14
3723,15
4124,16
-1,15
-1,15
-1,16
3719,16
-1,15
1592,15
7076,17
9388,17
-1,15
0,15
-1,14
-1,14
6188,15
-1,16
-1,15
3434,16
9727,15
-1,15
-1,14
-1,16
-1,15
8533,14
-1,15
-1,17
-1,15
3447,16
576,15
-1,15
2474,16
5828,15
-1,15
8702,15
713,14
3982,15
-1,15
-1,15
-1,17
3096,15
6128,15
8927,16
3117,16
-1,15
-1,16
-1,15
-1,15
1183,15
-1,16
-1,15
2989,15
9416,17
-1,17
-1,16
5534,16
7545,17
8576,16
3942,16
-1,15
-1,15
-1,17
-1,15
3884,17
8062,15
-1,15
-1,16
-1,15
2724,15
-1,15
-1,15
-1,16
4304,15
5470,15
-1,14
-1,16
9257,17
-1,15
6691,17
-1,15
-1,15
-1,14
-1,16
5600,15
3437,17
-1,14
1959,15
6617,16
-1,16
5690,16
6395,16
2851,14
5808,15
-1,16
3982,17
-1,17
3587,16
896,16
2816,18
6921,15
3200,15
7798,15
-1,15
4833,16
-1,17
-1,14
-1,15
-1,15
-1,15
5893,14
2826,16
-1,14
2157,17
-1,15
6555,14
2519,15
-1,16
7536,16
4540,15
-1,15
-1,16
6867,16
-1,16
4386,17
389,15
508,16
6658,15
5602,16
-1,15
3962,16
6461,17
-1,16
-1,15
-1,17
-1,16
-1,15
1532,17
-1,15
9193,15
7378,14
9708,16
-1,16
-1,15
-1,16
608,16
-1,17
-1,16
6155,16
5892,16
6943,15
5303,16
-1,17
2192,15
-1,15
-1,17
-1,14
-1,13
-1,14
-1,15
-1,15
-1,14
5226,17
-1,16
-1,14
8841,15
-1,16
3137,17
8466,15
523,15
-1,16
8547,17
-1,15
575,17
115,15
5428,17
375,17
-1,15
-1,15
3612,15
-1,16
-1,16
-1,16
-1,16
9302,14
3471,16
-1,15
8450,17
5798,16
-1,15
5908,17
3385,16
4042,16
3843,16
-1,15
-1,16
-1,16
1707,16
-1,15
466,16
2772,15
3000,16
9219,16
9112,17
8677,15
5279,15
-1,16
4991,16
-1,14
-1,15
2745,15
7522,16
387,16
2496,16
3509,16
4729,17
8243,15
-1,15
8308,16
5323,15
6385,15
2033,16
3391,15
4090,16
7185,16
-1,16
1845,15
-1,16
-1,16
-1,15
-1,14
7921,15
-1,16
5281,16
-1,15
-1,16
-1,15
-1,15
-1,15
-1,14
5464,17
1084,16
-1,16
7763,16
-1,15
2511,15
5195,14
4187,16
6140,15
950,16
-1,14
3734,15
-1,16
-1,15
-1,14
3210,15
893,15
2342,15
-1,16
8856,19
9436,17
-1,15
-1,16
-1,15
4601,16
-1,14
3777,17
555,15
-1,15
-1,16
3388,16
-1,15
1329,17
1936,16
-1,15
-1,15
9381,17
1107,16
8633,15
3516,14
-1,15
-1,15
-1,15
2449,16
7530,16
1100,16
7258,17
-1,16
-1,15
-1,16
7186,15
-1,17
-1,16
-1,16
-1,17
5065,16
1187,15
742,16
3518,15
-1,16
5154,16
-1,15
-1,16
-1,15
-1,15
-1,16
-1,16
-1,16
-1,16
-1,15
9729,16
-1,15
-1,15
-1,15
7115,15
5652,15
-1,15
8003,16
-1,15
5980,16
-1,16
4025,15
-1,14
-1,17
-1,15
-1,15
-1,16
-1,15
-1,15
-1,17
2702,17
-1,16
3852,15
-1,15
1700,15
6935,16
1732,16
-1,16
3525,16
-1,16
-1,14
3693,16
-1,17
-1,15
1434,17
-1,15
-1,16
9791,14
7213,14
-1,16
-1,14
-1,14
7863,16
-1,16
-1,15
-1,16
-1,15
1494,18
9487,18
1531,15
1676,15
2669,15
6044,15
-1,15
5572,16
-1,16
-1,16
5666,16
-1,15
5148,17
2458,17
697,15
6933,16
-1,16
3851,15
258,17
6264,16
6280,16
4992,18
5509,17
6028,16
-1,15
4260,16
763,15
3875,16
5329,16
-1,15
-1,16
-1,14
5232,16
7247,17
-1,15
-1,14
-1,15
-1,15
1108,16
-1,14
5520,17
-1,15
3786,16
936,15
2126,15
2342,17
9668,15
2477,15
7267,16
3996,17
-1,15
-1,15
1922,15
6434,15
-1,17
2604,15
902,15
-1,15
3941,18
4094,16
-1,15
6424,15
4234,16
-1,17
9616,16
3753,16
-1,15
3079,15
-1,14
5292,15
1777,17
6724,16
6658,15
3103,16
4115,14
8858,16
2434,15
5522,17
-1,16
3971,16
4089,16
3777,16
-1,14
2371,16
-1,16
6474,18
9012,16
5585,14
-1,15
3278,16
4753,15
5082,16
8169,15
9634,14
6694,16
4681,15
117,15
2308,17
-1,15
8902,15
5259,15
2582,16
-1,16
-1,14
-1,15
-1,17
-1,16
9283,17
-1,15
-1,15
-1,16
9778,15
-1,15
5759,17
7880,16
7174,17
4210,18
-1,14
8349,16
-1,15
1344,14
2342,16
9822,16
-1,15
3215,16
7458,15
4885,15
-1,14
3445,15
7419,15
-1,16
-1,16
-1,15
6449,16
3350,19
-1,16
-1,15
-1,15
2627,17
-1,14
-1,16
1581,15
8263,16
-1,15
5564,18
9395,15
-1,15
-1,15
-1,15
8714,15
3972,18
-1,15
397,16
-1,16
7096,16
2184,16
6630,15
-1,15
-1,14
487,15
3167,14
1791,15
-1,15
4477,15
6368,15
1756,14
5162,15
-1,15
3262,16
-1,16
-1,16
-1,15
4684,15
-1,15
8146,17
4531,16
7303,15
1854,15
8364,17
-1,15
-1,16
-1,16
-1,15
7238,17
6083,15
-1,15
1306,15
-1,15
2320,16
7767,14
-1,15
-1,15
3247,17
-1,15
1460,15
3848,15
-1,14
5949,16
6671,17
2279,17
-1,14
6433,16
-1,15
-1,15
7935,14
3586,15
7953,16
-1,16
-1,14
-1,15
9823,15
-1,16
-1,14
-1,16
-1,14
-1,15
5766,15
5366,17
6518,16
8869,15
5362,17
1968,18
5929,16
3171,15
273,17
1823,17
-1,16
7958,16
-1,15
1004,16
3213,15
9239,16
737,15
2541,15
-1,16
601,17
2925,15
5278,16
1659,15
1128,15
-1,16
7541,16
740,17
2946,15
-1,16
2235,16
7,15
7369,15
-1,15
7909,16
8093,17
-1,15
-1,16
3171,15
382,15
-1,16
-1,15
-1,15
7812,15
7541,16
-1,14
-1,15
-1,15
8268,15
5173,16
4793,14
5207,16
9313,15
-1,15
-1,17
8970,17
-1,15
1,15
-1,14
1363,15
-1,17
-1,14
-1,15
845,15
-1,16
4709,18
-1,16
-1,15
-1,16
-1,18
44,15
-1,15
6623,15
9017,15
-1,16
-1,16
-1,15
1557,16
-1,15
-1,15
-1,15
5076,16
-1,15
973,15
7247,15
2833,16
-1,14
7088,16
-1,16
310,16
9117,16
8481,17
-1,16
-1,14
-1,15
-1,16
-1,15
-1,15
1977,16
-1,15
-1,15
9931,14
2414,16
8884,16
-1,15
2084,15
-1,15
1397,15
3611,16
-1,16
-1,15
7086,15
5522,15
-1,17
8380,17
6496,16
-1,15
6506,16
-1,15
7468,15
1027,16
2095,15
4951,16
-1,14
-1,15
-1,15
3911,17
7351,16
-1,15
-1,14
-1,16
-1,15
-1,15
-1,16
5289,14
-1,15
-1,15
-1,16
-1,15
8041,16
1574,16
4141,14
-1,15
33,16
3130,15
-1,15
5748,15
9365,14
-1,15
-1,16
-1,15
428,16
-1,15
-1,16
5254,16
7961,17
-1,16
-1,16
-1,17
2919,15
5939,15
-1,15
5387,15
8863,16
7530,15
7243,16
4803,15
-1,15
4318,18
-1,16
-1,14
-1,16
268,16
708,15
-1,16
-1,14
9767,17
-1,16
6241,16
7800,19
6273,16
-1,14
-1,15
-1,15
-1,15
3888,16
7618,17
1538,15
9683,16
-1,14
1254,16
3062,15
3209,15
-1,15
2309,15
-1,15
6707,16
4916,17
2208,15
-1,15
8453,15
6584,17
-1,15
9209,16
9487,17
3039,16
-1,15
-1,16
526,16
-1,14
565,16
6331,15
4552,15
-1,15
3640,15
1894,16
6486,16
5967,15
7214,16
-1,15
-1,16
-1,15
-1,15
-1,15
8785,15
4622,15
7797,16
-1,15
-1,16
5575,14
5790,15
-1,15
1492,15
-1,17
4815,15
2194,16
5105,16
9988,17
4237,15
3775,15
7241,15
-1,14
-1,16
-1,15
3464,15
9681,15
-1,14
-1,14
-1,16
3059,17
6675,15
-1,17
947,16
6080,15
-1,16
7502,15
-1,16
9069,16
-1,16
4543,15
3283,17
-1,15
-1,15
-1,15
-1,16
-1,14
-1,16
9825,16
-1,15
2398,15
4344,15
-1,14
-1,15
2102,17
-1,15
6543,16
-1,16
-1,15
6322,15
-1,15
4717,18
-1,16
8046,18
5314,16
6,15
-1,16
-1,15
9956,16
-1,15
-1,17
2071,15
-1,15
-1,14
2078,15
5231,15
1491,18
-1,16
-1,16
9351,15
1785,16
1657,16
-1,15
7616,16
-1,15
-1,16
-1,16
-1,15
-1,16
6324,17
-1,15
-1,15
1638,16
2603,14
-1,16
8030,14
6542,16
8133,15
8592,16
2802,17
3994,15
-1,15
1970,15
7422,17
-1,14
2658,15
-1,14
-1,15
2759,17
1695,16
-1,14
5783,17
3953,17
2797,15
-1,16
1519,14
-1,15
5691,16
8286,15
-1,16
8309,15
1319,16
7676,15
2510,15
3110,18
-1,15
1868,15
-1,15
-1,15
8518,16
-1,17
-1,14
8565,17
9371,16
6806,17
-1,14
-1,17
4249,15
-1,15
-1,15
-1,15
5894,16
-1,17
7227,18
-1,17
6571,15
8967,15
-1,15
9259,16
5038,16
-1,15
-1,15
-1,16
-1,15
2614,14
2218,18
5050,16
9122,14
2756,15
-1,14
-1,15
9816,15
-1,15
4241,16
2737,16
-1,16
4146,15
-1,15
-1,14
5431,14
9456,16
6435,17
-1,17
-1,15
4970,15
8339,16
8924,16
-1,16
-1,15
9374,14
-1,15
-1,15
-1,17
1062,16
-1,16
-1,16
-1,16
-1,15
2961,15
2083,15
4907,15
-1,18
-1,16
-1,16
-1,15
-1,16
-1,15
34,15
4825,17
9939,15
-1,15
-1,15
-1,15
-1,16
1725,16
-1,14
6331,16
1958,20
-1,16
9273,15
-1,16
-1,16
5228,15
-1,15
-1,14
6867,15
-1,15
-1,15
6400,15
7776,16
-1,16
1113,16
7649,15
6980,15
-1,15
6344,16
8150,17
-1,15
-1,17
6624,19
-1,16
5120,16
2872,16
1519,15
-1,17
-1,15
-1,15
5932,16
-1,15
-1,15
648,14
3227,16
-1,18
-1,14
-1,16
-1,16
184,17
-1,15
5270,15
-1,15
2884,15
5857,19
7059,16
-1,15
-1,15
8867,15
-1,16
-1,16
9294,16
3398,15
-1,15
1273,16
7374,16
-1,14
-1,16
3471,16
4441,15
922,16
-1,15
-1,15
8206,19
1706,15
-1,15
8849,15
9665,16
2425,14
-1,14
1548,16
-1,15
7199,16
-1,15
-1,15
2798,16
-1,14
9193,16
9212,15
-1,16
1568,16
3416,15
-1,16
-1,16
-1,15
-1,16
3832,15
-1,15
-1,14
-1,15
-1,14
5862,17
-1,15
-1,16
-1,15
7266,17
-1,16
-1,15
-1,15
-1,16
-1,15
-1,16
4684,15
937,16
-1,15
1077,15
-1,15
2302,16
4564,17
9368,17
-1,16
-1,16
-1,15
8187,15
-1,15
5272,16
-1,15
-1,17
4135,17
-1,16
-1,15
-1,16
9229,16
-1,14
-1,15
-1,16
4396,15
2276,15
4069,15
-1,15
-1,15
3492,16
672,15
7906,15
-1,17
-1,15
-1,16
9202,17
-1,16
-1,15
151,16
3223,19
-1,16
9579,16
9085,16
7106,16
9572,15
-1,16
-1,16
-1,15
1054,16
5192,16
-1,15
-1,16
-1,16
-1,16
8880,16
-1,14
-1,16
2513,14
1068,15
4654,17
5803,16
8631,16
9466,15
5134,15
8057,16
-1,15
-1,16
1925,18
-1,16
6292,16
-1,15
9626,15
176,16
-1,15
1972,16
-1,15
5818,15
-1,16
8699,15
7607,16
1442,15
8412,15
5537,15
-1,15
9873,17
2928,17
1349,16
-1,15
1859,17
-1,16
-1,15
7219,15
7777,15
4325,15
-1,16
-1,16
8952,15
-1,16
6001,17
-1,15
-1,16
297,18
6013,15
-1,16
-1,15
-1,17
8951,15
4638,18
-1,15
2816,18
-1,15
9074,15
2077,15
-1,15
8149,15
2778,14
5395,18
-1,17
4653,16
2476,15
3973,16
3518,16
-1,15
-1,15
-1,16
1147,16
7860,16
-1,16
8498,15
4521,16
-1,16
8126,17
-1,16
-1,15
-1,16
-1,15
2933,16
-1,15
-1,15
5989,16
7816,16
-1,16
749,17
4465,15
-1,14
-1,15
-1,15
-1,17
6502,15
7538,15
2878,15
-1,14
-1,14
119,15
-1,15
-1,15
-1,17
-1,16
-1,16
-1,15
-1,15
-1,16
3332,15
-1,16
-1,15
-1,16
7430,15
8668,16
4681,16
-1,15
5636,16
6554,15
9289,15
7916,18
9877,17
5117,16
-1,17
6642,15
-1,15
5189,16
8653,16
-1,15
-1,15
4422,15
1522,16
-1,15
-1,15
-1,15
1636,18
-1,15
8239,15
-1,15
8941,17
542,15
5974,15
-1,15
-1,17
-1,15
-1,16
8376,15
9138,14
-1,16
9891,15
3328,15
-1,16
-1,16
1105,17
-1,18
-1,16
-1,16
1649,16
1862,17
-1,15
-1,14
5764,16
5140,16
4173,16
9632,14
2994,16
-1,14
-1,15
2240,15
-1,14
-1,15
5482,15
6461,15
1846,15
7345,14
9705,17
-1,16
-1,18
3232,15
-1,16
-1,15
4174,16
1198,16
-1,16
-1,15
-1,15
4091,16
-1,15
8669,15
1484,15
2857,15
-1,16
9731,17
9104,16
2539,14
-1,16
-1,16
9214,14
-1,16
721,18
-1,16
3286,15
-1,15
-1,18
-1,15
578,16
4790,15
7614,16
3885,16
1956,16
8931,15
-1,15
8299,15
250,16
-1,15
6213,15
3604,17
9403,16
9074,15
-1,15
9096,17
-1,18
-1,16
-1,15
9313,15
-1,15
-1,16
-1,15
-1,15
-1,15
-1,15
-1,15
-1,16
-1,16
-1,15
9829,16
1505,15
-1,14
-1,17
659,18
4777,16
-1,15
-1,17
-1,16
-1,15
664,15
614,17
3768,15
-1,16
3530,16
5110,18
5129,15
-1,15
5284,14
152,16
-1,15
-1,15
-1,16
-1,16
1595,17
7553,17
1645,14
9542,16
5431,15
9911,16
9539,14
928,14
4531,16
-1,16
2440,17
4045,14
-1,16
7674,16
-1,15
-1,15
-1,15
-1,17
-1,15
-1,16
-1,14
-1,16
-1,15
1964,16
2856,16
9960,18
-1,15
-1,15
-1,16
2472,15
-1,16
-1,14
167,16
7961,16
1187,15
-1,16
-1,14
-1,15
2119,16
1193,15
178,15
-1,16
7665,14
2082,16
-1,14
-1,15
-1,16
8196,16
-1,15
8784,14
7012,15
-1,16
-1,15
-1,15
-1,15
-1,15
1964,16
-1,16
2176,15
8105,15
-1,15
-1,16
-1,16
2232,16
-1,15
-1,16
-1,16
8953,16
7795,15
4867,14
-1,16
7991,17
1309,15
4999,16
300,16
-1,15
6668,17
-1,15
7347,15
1675,15
-1,15
6067,15
4655,18
-1,14
-1,16
7447,15
9819,16
989,15
4645,15
489,17
9453,15
4667,16
7517,15
-1,16
307,16
229,17
-1,15
-1,16
-1,16
-1,17
-1,16
-1,16
-1,15
661,16
3713,14
-1,15
1756,16
6362,15
9791,16
-1,15
-1,16
1931,17
-1,16
-1,13
7544,16
-1,15
-1,15
-1,15
6780,15
-1,15
2457,16
-1,15
-1,14
-1,15
2662,17
-1,16
6421,16
-1,16
-1,15
1179,16
9957,15
9055,15
2241,15
-1,15
8421,16
2383,15
-1,15
6789,15
2190,17
-1,16
-1,16
7733,15
3823,15
2997,16
7781,16
-1,15
-1,16
3399,15
9756,16
3125,15
4616,17
6041,17
-1,15
8604,16
669,15
-1,15
-1,16
-1,16
8437,16
8737,15
-1,15
2554,15
-1,16
-1,16
-1,15
8936,16
-1,16
-1,14
1642,15
-1,15
2878,16
-1,15
5076,15
-1,14
1460,16
-1,15
-1,15
5866,15
-1,15
-1,15
-1,14
4002,16
9836,16
3934,15
-1,15
-1,15
4627,16
777,17
138,17
3800,17
1038,16
-1,15
9347,15
-1,16
-1,15
-1,15
-1,16
-1,15
-1,16
8006,15
-1,15
-1,15
-1,17
-1,15
878,16
6926,15
-1,15
-1,15
2737,16
-1,14
-1,16
-1,16
-1,15
-1,16
6460,16
6292,14
7786,17
273,17
7350,16
7214,17
1703,16
-1,16
-1,17
-1,16
8011,15
-1,16
1373,15
-1,15
2543,14
-1,15
-1,15
8479,15
5223,16
-1,16
6871,15
-1,16
-1,16
8240,16
2626,17
1030,16
9020,17
-1,14
6581,15
6320,16
8838,15
-1,16
6470,15
-1,16
9268,16
7250,16
-1,16
8354,16
-1,16
4689,14
5470,16
6246,16
-1,16
6935,14
-1,14
-1,15
-1,15
5105,16
-1,15
-1,15
4896,17
5620,16
9360,16
8634,16
-1,17
9709,15
2027,15
2524,14
-1,15
-1,16
9293,16
-1,16
-1,16
-1,15
-1,15
-1,15
6147,14
-1,14
-1,16
-1,15
9394,14
-1,16
6096,15
-1,15
9252,16
7415,16
5124,15
6071,16
7743,16
3867,17
-1,14
9931,16
-1,17
-1,15
2735,17
-1,16
4194,16
-1,15
3552,15
-1,16
-1,17
2725,16
-1,14
4740,15
-1,15
3012,15
-1,15
-1,16
-1,16
3685,16
-1,16
-1,16
7954,17
409,16
-1,15
-1,15
4075,16
-1,15
1715,16
-1,16
-1,15
-1,14
142,18
5087,16
-1,16
5224,17
-1,14
-1,15
-1,16
-1,16
3193,15
-1,15
-1,14
-1,15
6548,17
9178,16
-1,17
-1,15
4729,15
1954,16
9876,16
-1,15
-1,15
9521,16
-1,15
-1,15
-1,15
6928,17
1490,15
-1,15
-1,17
-1,15
-1,16
-1,16
-1,15
3749,16
5577,16
3196,15
1078,15
-1,16
-1,15
1161,16
-1,15
-1,15
252,16
1049,15
-1,16
8978,16
-1,15
991,16
2671,16
5020,15
-1,15
2847,16
-1,15
4981,15
-1,15
3778,16
4884,15
3864,15
2031,16
2457,15
9101,17
9039,14
1202,16
-1,16
-1,16
-1,15
-1,15
-1,16
-1,16
7599,16
-1,15
522,15
9119,17
3185,17
3145,16
-1,15
344,16
-1,15
-1,15
-1,15
-1,16
-1,15
134,15
5829,14
-1,16
3966,16
-1,16
-1,14
-1,15
5761,16
-1,14
4273,14
-1,15
4865,17
-1,15
-1,16
4300,16
3471,16
9636,16
-1,15
-1,14
3847,16
-1,15
9611,15
1944,17
-1,14
7461,15
3815,14
1849,15
2651,15
418,15
-1,15
-1,17
-1,15
-1,14
4299,14
1525,17
7284,15
-1,14
4450,15
-1,17
5088,15
-1,15
-1,16
3771,15
9582,17
-1,17
-1,14
3432,15
831,18
1183,16
-1,16
2553,15
-1,17
-1,14
-1,15
6805,16
8281,15
6631,15
-1,15
40,15
3194,17
2607,17
7207,15
8856,17
-1,17
-1,17
-1,15
-1,16
3576,15
2847,15
-1,16
4334,15
-1,16
1526,17
3842,16
1553,16
-1,15
2985,16
7026,16
8816,16
312,16
7164,15
-1,15
-1,15
-1,15
-1,15
-1,15
-1,15
-1,15
-1,15
8993,15
4231,16
2173,15
-1,16
1379,18
-1,15
-1,15
2393,16
-1,16
-1,15
-1,16
2237,17
721,16
5550,16
-1,16
-1,16
-1,14
7191,16
-1,14
2238,15
4270,15
-1,15
-1,14
3964,16
-1,17
8025,16
4392,15
-1,15
-1,14
3404,16
1113,16
-1,15
-1,15
5964,16
8677,18
-1,15
-1,16
5542,16
1227,17
7337,16
8443,16
7927,14
-1,15
8208,17
1884,16
-1,16
-1,17
9295,15
-1,15
-1,16
1725,16
6106,14
-1,16
1802,15
-1,15
464,16
-1,15
8578,15
1579,17
6480,15
-1,16
-1,14
-1,15
4660,17
-1,16
3067,15
-1,15
842,15
-1,14
-1,16
7859,16
-1,15
4475,16
4375,16
-1,15
8013,15
9332,18
2074,15
-1,15
5318,15
5546,17
7161,17
5767,16
-1,17
-1,15
2014,16
8112,15
-1,16
2237,16
-1,15
5755,16
-1,14
5700,15
1157,15
-1,16
-1,16
6665,16
-1,16
-1,15
1977,16
2137,15
9038,17
6586,15
6071,14
9168,15
8396,15
-1,18
-1,15
-1,15
7258,17
-1,15
-1,15
9906,15
-1,15
8979,16
2199,15
-1,15
-1,14
1348,16
7051,15
4224,17
-1,17
-1,15
3584,17
6939,15
-1,15
-1,15
4715,15
-1,15
-1,14
-1,15
791,14
-1,16
-1,16
2666,17
7216,16
1311,16
5849,15
8911,16
4998,15
-1,16
6292,16
-1,16
-1,14
-1,16
8654,16
-1,15
7953,15
-1,16
1772,17
6877,15
-1,17
317,15
3772,15
-1,15
-1,16
9975,16
-1,15
1933,17
2335,17
9683,17
1417,16
-1,15
-1,15
-1,16
8317,15
985,16
-1,16
-1,16
2395,16
6571,16
-1,15
5720,18
3449,14
5328,15
4212,15
-1,15
6444,16
2941,15
3891,18
6691,17
7632,15
-1,17
3727,16
-1,15
6529,15
-1,14
9907,16
5338,17
-1,15
3933,15
-1,14
-1,16
7834,15
-1,15
9969,17
-1,15
4224,15
-1,16
-1,15
-1,15
3232,16
8238,17
5769,15
-1,16
1389,16
1308,15
4045,17
6509,15
3808,17
7607,16
4481,15
2327,15
-1,16
3153,16
-1,15
-1,17
-1,14
9660,16
2128,18
-1,16
4878,15
4530,15
-1,16
-1,14
6725,15
-1,17
414,16
-1,16
-1,15
5274,16
-1,15
-1,17
108,15
-1,15
-1,14
-1,16
-1,15
-1,18
-1,17
5725,15
-1,14
1987,14
7804,15
-1,15
9697,16
-1,16
5564,15
-1,16
-1,16
1040,18
5173,15
-1,15
3988,15
-1,15
8497,15
-1,17
-1,15
3029,15
-1,16
5547,15
-1,15
446,16
1015,15
-1,16
-1,14
1711,16
4086,16
-1,16
-1,15
5063,16
3136,15
1255,16
964,16
2331,15
-1,16
-1,16
-1,15
-1,15
496,16
-1,16
-1,15
9459,18
-1,15
7999,13
7021,15
5318,15
-1,15
-1,15
-1,15
-1,15
3400,15
819,15
-1,14
-1,17
-1,14
-1,15
-1,15
1604,15
3691,16
3083,16
-1,16
-1,15
3980,18
-1,14
-1,15
9484,15
2334,15
-1,14
6510,14
-1,15
-1,16
1975,15
-1,16
-1,15
1504,16
4641,17
7415,16
-1,14
-1,15
-1,16
-1,16
-1,15
-1,16
-1,14
-1,15
-1,15
-1,14
6119,15
-1,15
-1,15
-1,16
-1,14
2731,18
2218,16
-1,15
-1,16
-1,15
7222,14
824,18
5683,16
3581,16
-1,15
-1,15
-1,16
-1,16
-1,15
8764,16
6859,15
7662,15
5641,16
7555,15
2067,16
2040,15
-1,14
-1,15
1259,15
-1,16
-1,15
-1,15
3545,16
325,16
-1,16
2470,15
114,17
2154,15
9736,16
-1,14
-1,16
1851,14
-1,14
-1,16
918,18
-1,14
-1,14
697,17
783,14
-1,16
-1,17
-1,15
-1,17
-1,15
2404,16
6950,18
5428,18
-1,16
1813,17
-1,15
-1,16
-1,15
9033,16
-1,17
7005,15
-1,14
3555,15
-1,16
-1,14
-1,14
6925,15
9123,15
-1,16
2118,15
8159,15
4202,15
6628,16
-1,14
-1,15
-1,16
9719,17
132,15
4195,16
-1,16
668,15
6637,17
-1,16
5536,16
4810,16
-1,15
5920,15
8649,17
3325,15
-1,16
2634,16
2859,15
4918,15
8393,16
4409,16
7302,17
2902,15
-1,16
-1,16
-1,15
1665,15
-1,15
4189,17
-1,15
6266,17
3415,16
-1,15
-1,15
-1,15
-1,15
-1,15
707,17
7298,15
-1,14
2617,15
6053,15
5447,16
5989,16
-1,16
-1,15
-1,14
597,16
1345,18
-1,15
-1,16
2313,16
-1,16
7265,15
3290,15
8702,16
6532,17
4415,14
-1,14
1329,15
-1,14
3559,16
3144,16
1630,14
5563,14
-1,15
6568,16
9896,16
4773,16
4279,17
-1,15
-1,16
453,17
-1,15
3349,16
-1,17
-1,15
-1,14
1056,15
-1,16
-1,15
-1,15
2994,14
-1,15
-1,17
-1,15
-1,15
6161,16
7997,15
5551,16
1578,16
8204,16
5758,15
8289,16
5869,15
-1,15
6016,15
-1,16
-1,16
-1,16
9469,17
189,16
-1,16
4760,15
-1,15
520,17
-1,15
-1,14
7720,16
-1,15
2956,16
628,16
-1,15
4445,16
-1,15
-1,15
-1,16
-1,14
-1,16
5867,16
-1,15
-1,14
1674,16
8241,16
-1,15
7339,15
2081,16
6847,17
-1,15
1341,15
6482,15
-1,16
-1,17
4609,14
-1,16
601,17
-1,14
-1,15
2517,15
-1,15
-1,16
5814,14
-1,15
3622,16
5447,15
-1,16
-1,16
6874,16
-1,16
6088,16
5283,15
4735,16
-1,15
3943,16
-1,14
-1,17
-1,16
5074,15
2086,17
2735,15
5200,15
984,16
9651,14
2015,15
4235,16
3462,15
85,16
-1,15
-1,15
-1,15
-1,15
9658,16
-1,16
8131,16
9112,16
-1,15
-1,16
1846,15
-1,15
6701,16
7419,15
6086,15
-1,15
-1,16
-1,16
-1,16
-1,15
2074,14
1254,15
-1,15
8926,15
6760,15
-1,14
-1,15
-1,15
9706,15
4900,15
-1,15
-1,15
-1,16
-1,15
5311,17
3910,16
-1,16
8070,15
-1,15
-1,16
-1,15
-1,14
-1,15
979,15
-1,15
-1,14
-1,15
-1,15
-1,15
7635,17
7106,16
-1,16
-1,15
5971,16
6804,14
1783,17
-1,15
-1,15
-1,15
-1,15
-1,14
-1,14
-1,15
4233,16
6206,15
-1,16
-1,15
-1,16
-1,16
-1,15
4689,16
7291,14
2495,15
1601,15
-1,15
-1,15
-1,15
-1,15
-1,15
-1,17
1983,16
-1,14
28,15
-1,14
5494,15
-1,15
-1,17
-1,16
7345,14
3143,16
9344,15
-1,15
-1,16
-1,15
1653,17
2338,16
-1,16
-1,15
1634,17
-1,15
5066,16
632,17
-1,15
4938,15
5803,16
-1,15
4741,16
3442,16
9476,15
584,16
-1,18
-1,15
3284,15
788,16
-1,15
-1,16
-1,16
-1,14
-1,15
3116,14
7903,15
9247,16
1460,15
8341,16
-1,15
7258,15
2125,15
4512,16
-1,16
-1,15
4351,16
-1,16
2040,16
3370,17
2668,16
-1,16
-1,14
-1,14
43,16
-1,16
6214,14
-1,15
5321,17
2214,17
-1,15
-1,15
7627,16
-1,16
7160,16
5402,15
6556,17
7664,16
3928,16
-1,16
-1,14
-1,15
3071,17
84,17
8426,16
5800,16
-1,15
4826,17
4884,15
-1,15
8608,15
2070,16
-1,15
7272,15
-1,15
-1,15
-1,16
3445,15
-1,16
-1,15
2429,17
-1,15
1553,17
-1,15
-1,15
9589,14
5221,16
2693,15
968,15
-1,14
2535,15
456,16
-1,16
-1,16
7820,16
-1,16
8630,16
-1,15
6702,15
-1,15
-1,15
-1,15
7494,16
7555,15
-1,15
-1,15
-1,15
-1,14
-1,15
-1,15
-1,15
5713,16
-1,16
7132,16
-1,15
46,17
-1,15
-1,15
-1,15
-1,15
-1,16
4989,17
-1,15
3000,16
-1,15
6757,16
553,16
2450,18
-1,18
4974,18
-1,15
-1,15
-1,14
1885,17
7577,15
-1,16
-1,18
-1,14
-1,15
-1,15
8016,15
3236,15
-1,15
-1,15
-1,17
-1,15
269,15
3089,15
-1,15
-1,14
-1,16
-1,15
2134,16
8576,16
441,17
2156,16
5777,16
-1,14
-1,15
3331,14
-1,14
-1,15
8050,16
781,15
3328,15
3179,14
-1,16
5163,15
9437,15
1888,16
8642,17
3489,16
803,15
9872,15
-1,15
770,16
1632,16
-1,16
364,17
6617,15
2089,16
-1,16
-1,16
-1,15
4535,14
-1,16
4189,15
8822,15
5509,16
839,16
-1,15
-1,15
-1,16
-1,16
-1,15
2705,16
9510,16
-1,15
6029,16
8128,16
8296,15
1070,16
9033,17
5854,16
3007,16
-1,15
7144,15
-1,16
-1,16
-1,15
8202,15
-1,16
460,16
7371,15
-1,15
1308,16
-1,15
-1,15
-1,15
1044,16
4081,15
-1,14
-1,15
-1,15
7419,15
3431,15
-1,16
-1,15
-1,16
-1,14
-1,15
3476,16
-1,16
-1,16
2183,15
4639,14
-1,15
8797,16
-1,16
8083,15
7147,16
5162,15
6445,16
-1,16
-1,14
-1,15
-1,15
5648,16
3488,17
8839,15
8014,15
9594,15
6923,17
3343,15
2225,15
-1,15
5042,17
6705,15
4506,17
-1,15
2898,16
1812,15
5491,16
270,16
8574,17
6221,17
7069,16
8354,15
-1,15
506,15
7281,15
5075,15
-1,14
7880,15
6227,14
7159,16
2847,15
-1,15
-1,15
-1,14
-1,14
-1,15
5839,16
3383,15
8928,15
-1,16
-1,16
-1,17
411,15
8959,15
9290,16
3383,16
7820,15
1186,15
6110,15
-1,16
-1,15
-1,15
-1,15
341,15
-1,14
9997,16
-1,15
-1,16
2906,15
-1,15
-1,17
-1,14
4783,17
-1,15
-1,14
-1,16
-1,14
5083,18
-1,16
694,14
2630,16
3756,16
-1,15
-1,15
9962,16
-1,15
-1,17
-1,15
7793,17
6957,15
6871,15
-1,14
-1,16
8492,16
-1,15
1588,15
-1,15
9666,15
-1,15
-1,17
9596,18
1645,17
-1,15
99,18
-1,17
3689,16
3273,16
-1,14
-1,15
-1,17
-1,15
-1,14
-1,17
-1,16
8476,14
-1,15
-1,16
-1,14
8079,16
-1,16
3089,15
6486,15
5075,14
-1,16
-1,15
-1,16
-1,14
3592,16
434,17
-1,18
-1,16
2842,17
-1,16
-1,14
1373,15
-1,17
-1,16
6958,16
6926,17
7970,16
-1,16
8538,16
7571,16
7427,16
-1,15
-1,15
-1,15
3609,16
-1,16
2316,14
7742,15
-1,14
653,15
2919,15
3419,16
9178,15
-1,16
-1,16
-1,15
6894,16
763,17
-1,15
24,15
2093,16
5474,16
-1,17
-1,16
-1,15
3113,16
-1,16
-1,16
6439,15
2802,15
6141,16
6193,16
-1,15
-1,15
-1,15
-1,15
3229,14
-1,16
7211,17
5894,16
9862,16
-1,15
-1,15
6375,16
-1,17
2785,16
-1,15
222,15
-1,16
-1,17
2626,17
3425,16
-1,16
-1,15
5012,16
7261,15
-1,15
-1,16
6316,15
-1,15
4425,16
-1,14
9295,15
5006,15
-1,16
-1,15
9364,15
6843,15
-1,15
7952,16
-1,14
-1,14
-1,15
3108,17
-1,16
-1,14
-1,16
-1,15
8340,16
-1,15
6587,16
-1,15
-1,16
7961,17
-1,16
7301,17
-1,15
-1,15
5218,15
2417,16
-1,17
8842,17
9312,15
-1,16
3317,16
6206,15
9488,15
-1,14
6986,16
-1,15
-1,14
6955,15
1273,16
-1,15
-1,16
5901,16
8073,15
2681,16
-1,16
-1,15
4351,18
794,15
-1,15
2972,15
-1,14
-1,16
8094,16
8238,17
2960,15
1488,15
5248,16
-1,16
1476,17
3764,15
8004,17
-1,15
-1,16
-1,14
3226,15
-1,15
2231,16
909,18
-1,14
8079,17
-1,16
-1,15
2061,16
-1,15
2801,15
-1,14
-1,15
-1,15
7877,16
-1,16
9691,16
8728,14
-1,15
2396,15
-1,15
6399,15
-1,17
-1,16
-1,15
-1,15
-1,16
-1,15
53,14
-1,15
9907,16
-1,15
-1,16
6882,15
1962,16
990,17
-1,16
6819,17
-1,15
7332,16
-1,15
1714,16
-1,16
-1,15
541,15
5533,15
7199,16
-1,15
4649,16
-1,15
5413,16
-1,16
4066,16
-1,15
-1,15
8393,15
8,15
9798,15
-1,15
-1,15
-1,16
-1,16
1261,15
-1,15
-1,16
-1,15
-1,15
4320,14
9072,16
-1,16
-1,15
-1,15
9546,17
-1,15
-1,15
-1,15
2162,16
-1,16
6618,15
-1,15
7140,17
-1,15
74,17
-1,15
-1,14
-1,15
-1,15
-1,16
1371,15
2093,16
-1,16
2337,16
1532,16
1385,16
-1,16
8162,17
-1,14
3833,15
6132,17
751,16
17,14
2592,15
5232,15
5457,17
7568,15
-1,15
-1,15
-1,15
9452,14
-1,16
-1,15
3099,16
-1,15
303,15
8358,16
-1,17
1918,15
1717,15
-1,15
3964,17
6374,15
5378,16
6961,17
7288,17
2327,15
7378,17
5428,15
-1,15
8543,15
554,16
6294,17
1817,16
9702,14
-1,14
3573,15
4141,16
-1,16
-1,15
399,15
-1,15
6917,17
2414,18
-1,16
3628,16
7684,16
8993,17
-1,15
8758,16
-1,15
-1,14
6373,17
-1,16
-1,15
-1,15
7638,14
4785,15
9885,16
-1,15
-1,15
96,16
5376,16
7556,15
-1,15
-1,15
4813,15
9846,15
-1,15
-1,16
-1,16
835,16
3786,15
-1,16
9828,14
9718,16
4553,14
-1,16
-1,15
-1,16
-1,15
7224,16
6956,15
-1,15
-1,14
-1,16
7622,15
-1,16
1135,16
-1,15
1599,15
-1,16
-1,16
7295,16
8882,19
8796,15
-1,16
7356,14
-1,15
-1,15
2990,15
6078,15
-1,15
5507,15
1962,15
-1,16
-1,16
-1,15
-1,15
1962,15
4233,16
9483,16
5562,16
7989,15
5813,16
-1,15
7144,16
3765,15
-1,14
5565,17
3867,15
-1,16
-1,15
4824,16
-1,15
-1,14
-1,15
-1,16
4053,15
345,15
5838,15
207,16
-1,17
3658,16
6751,16
-1,15
-1,15
5000,17
-1,16
-1,16
-1,16
-1,15
8589,15
2542,14
351,15
1062,15
9680,15
1501,16
-1,15
5702,16
6976,15
6292,16
8202,15
3413,16
-1,15
-1,15
2825,16
8984,16
8885,15
-1,15
-1,15
-1,15
-1,15
1544,14
-1,16
6495,17
-1,15
-1,15
8862,16
5744,16
-1,17
8044,15
-1,15
-1,14
8069,16
7246,15
-1,15
2862,16
6247,16
-1,15
-1,15
981,15
3218,17
5270,18
4889,16
1395,16
1284,16
-1,15
4624,14
-1,15
-1,14
527,15
7102,17
-1,15
-1,15
3478,15
1460,15
3617,16
7567,16
8082,16
9386,15
-1,16
6636,18
9344,17
6878,16
-1,15
8891,16
3934,16
9800,16
9080,16
4508,16
2468,16
4935,16
6154,16
-1,15
8872,15
-1,14
433,17
7279,17
-1,15
6031,17
7228,15
-1,15
-1,16
-1,16
5902,16
-1,16
4191,14
7853,17
-1,15
-1,15
2384,16
-1,15
-1,15
4618,16
6761,15
-1,15
5584,15
2390,16
4364,15
7536,16
7328,15
-1,15
-1,16
129,15
-1,14
2894,17
3795,16
-1,15
5515,15
466,15
1066,17
4122,17
289,16
-1,15
4920,15
-1,16
-1,15
-1,16
-1,16
-1,16
6645,16
-1,15
-1,15
9864,16
5198,15
8107,16
9437,15
5984,14
6656,15
-1,16
-1,15
7970,16
-1,14
-1,16
-1,15
-1,17
-1,15
-1,15
5713,16
-1,16
-1,15
-1,16
6929,15
3743,17
-1,15
9656,16
-1,16
-1,16
1661,18
-1,15
-1,15
604,16
3626,15
3460,15
9659,15
-1,14
-1,14
-1,16
3797,15
-1,16
-1,16
-1,16
-1,15
2529,15
-1,15
9909,17
8192,17
-1,14
2872,15
8814,16
2415,17
3482,15
-1,16
-1,15
4283,16
-1,15
5257,17
-1,15
2153,15
-1,17
5985,18
8686,17
-1,14
7583,18
5954,16
-1,16
2932,15
2355,16
-1,14
-1,15
2401,17
3280,16
3232,16
4794,15
-1,15
-1,14
-1,16
-1,14
7375,16
-1,16
-1,16
-1,15
4096,15
-1,15
8707,16
-1,16
8072,16
-1,14
-1,15
-1,15
2696,15
4886,16
2167,16
-1,15
-1,15
3359,15
-1,15
1034,15
-1,15
-1,15
9779,14
6561,15
4082,15
7982,16
6560,15
2351,15
7944,17
2954,17
2306,18
-1,15
-1,15
8111,16
-1,14
2851,17
-1,14
1065,16
-1,14
9185,15
-1,15
7121,17
-1,15
8491,15
945,16
-1,16
-1,15
-1,14
-1,14
6028,16
-1,15
-1,15
3205,16
-1,16
9631,15
9125,16
507,16
-1,14
-1,15
-1,15
3554,14
-1,15
-1,16
951,15
-1,16
1002,18
4846,16
9561,15
3403,16
-1,16
805,15
3051,14
1652,15
4386,15
-1,14
-1,14
-1,15
5135,16
5891,15
5242,16
-1,15
1765,17
-1,16
-1,15
8735,16
-1,16
-1,16
7350,16
-1,15
1480,16
8101,15
-1,17
5959,16
739,16
6455,16
1422,14
3602,17
-1,15
4367,17
8255,15
5096,16
-1,14
1326,16
-1,16
-1,16
-1,15
5238,15
6193,15
-1,15
-1,17
-1,15
4843,16
6948,17
5971,16
-1,14
-1,15
-1,15
-1,15
5841,16
-1,16
2414,16
2822,16
660,18
7750,17
-1,15
-1,16
-1,16
5895,15
7122,16
5047,15
3364,17
-1,15
-1,16
-1,15
525,15
-1,16
-1,14
-1,16
-1,14
-1,15
2284,16
-1,15
-1,14
994,16
5351,17
1947,14
-1,17
-1,15
3498,17
8516,17
-1,15
9518,14
4157,15
9472,15
7101,16
6626,15
-1,15
8333,17
-1,14
-1,14
7967,16
-1,15
9197,15
99,17
-1,14
9920,15
9994,14
2880,15
1149,17
1813,16
-1,14
-1,15
4343,15
8019,16
-1,18
223,17
-1,16
7489,16
-1,16
-1,16
-1,15
7797,16
-1,15
-1,15
-1,15
8759,14
-1,15
3216,16
7730,16
-1,15
-1,16
-1,16
-1,15
2205,15
-1,14
-1,15
3572,16
6309,15
9670,16
-1,16
8558,15
1123,18
2165,15
-1,15
9196,15
8822,17
-1,15
-1,14
3740,15
-1,16
-1,16
-1,15
-1,15
-1,15
-1,15
9718,17
-1,16
6444,15
9667,17
6539,16
-1,15
4850,16
-1,16
-1,15
5647,18
1204,16
-1,16
8362,15
-1,15
-1,14
-1,15
1669,14
-1,15
-1,15
-1,14
-1,15
-1,15
9967,16
-1,15
5640,17
7898,15
-1,15
-1,14
-1,16
682,16
3557,15
-1,15
-1,15
-1,15
-1,14
-1,14
2614,16
-1,14
1013,16
6788,17
9955,15
876,16
4610,19
6179,15
-1,16
7131,17
-1,15
-1,16
8437,16
1311,18
-1,17
-1,17
7000,16
-1,17
4822,15
3061,17
-1,16
-1,15
-1,15
2437,16
-1,16
-1,14
-1,17
-1,14
-1,15
-1,15
2753,17
-1,14
-1,15
-1,15
3831,15
6863,17
8501,16
-1,15
-1,16
-1,16
-1,15
-1,15
6037,16
6735,16
9755,16
9614,15
1072,17
7192,17
5605,16
9400,17
-1,15
-1,16
-1,16
-1,15
-1,15
5179,15
-1,15
4861,15
-1,15
-1,16
-1,15
-1,16
-1,16
6739,15
3453,15
5849,15
8905,17
-1,15
4970,15
-1,15
-1,15
3073,16
7464,14
-1,15
-1,15
9793,16
-1,14
6643,15
-1,17
7432,17
1117,17
-1,16
-1,17
4898,18
8814,16
2581,15
-1,14
-1,16
-1,15
7140,15
-1,15
-1,15
3694,16
9499,16
5388,15
8302,17
-1,16
-1,15
9960,15
-1,16
-1,15
1869,16
6412,15
-1,14
-1,15
7524,15
1016,15
4633,15
-1,16
5212,16
-1,15
6532,16
-1,15
-1,14
-1,15
6392,15
6757,15
-1,14
8224,16
3406,14
-1,14
8902,15
-1,15
-1,15
4577,16
5937,15
-1,15
5479,16
2976,15
-1,15
-1,15
8829,16
4865,16
-1,16
5878,16
9744,16
5119,15
4412,16
7961,16
9447,16
8921,15
-1,16
-1,15
8472,17
6288,16
-1,15
-1,15
-1,14
7184,16
1035,18
-1,16
3111,14
7786,16
500,15
9683,15
-1,14
-1,15
-1,15
7093,15
-1,16
-1,15
-1,16
-1,18
-1,15
4406,15
6470,16
7348,17
-1,14
-1,16
-1,15
-1,16
-1,16
-1,15
3625,15
-1,15
907,14
6594,16
8243,14
8657,15
-1,16
-1,15
3935,16
-1,15
-1,15
3936,17
1109,15
8985,15
-1,14
-1,16
-1,14
-1,14
4760,15
-1,15
-1,14
3653,17
375,15
-1,16
1380,16
4834,16
9183,18
-1,14
-1,15
6299,15
-1,15
4447,16
2517,15
-1,14
-1,15
2070,16
-1,16
-1,16
8864,18
7222,16
-1,16
8602,15
1872,16
-1,15
-1,15
-1,15
-1,15
-1,17
1235,16
5647,16
1992,15
3824,15
-1,15
-1,15
-1,14
4816,15
1883,17
-1,15
-1,16
-1,16
2678,15
5847,17
-1,14
3582,16
2942,16
9441,16
-1,16
-1,16
-1,16
-1,17
-1,16
9362,16
-1,15
2380,16
-1,15
9081,15
-1,15
-1,15
5905,15
4164,16
-1,15
7211,16
-1,16
-1,15
6498,15
6904,17
4906,16
6291,16
-1,15
8221,16
-1,15
1719,17
-1,15
-1,15
-1,15
7557,15
6656,16
9984,16
551,15
-1,16
-1,15
166,16
5964,15
7822,16
8362,16
-1,14
3485,15
1710,15
7661,15
-1,15
3700,14
-1,16
-1,15
-1,15
4044,15
8597,14
6181,16
-1,16
7355,16
-1,15
5860,16
555,15
-1,15
-1,15
-1,16
-1,15
7544,17
7434,17
-1,15
5558,17
-1,16
2468,15
-1,14
-1,16
2983,16
-1,15
7680,16
-1,16
586,15
2231,17
-1,16
-1,16
-1,14
-1,15
-1,16
-1,15
748,15
-1,16
2249,17
9772,16
2469,17
-1,15
2796,16
-1,14
-1,15
9634,16
-1,16
5322,15
9578,16
616,16
-1,15
892,16
8103,17
4385,19
6913,15
1028,16
2847,15
9772,18
8016,15
-1,15
-1,15
-1,15
-1,16
858,14
-1,15
4326,16
-1,16
7619,16
-1,15
4619,16
-1,16
7368,16
-1,15
6947,15
929,18
-1,15
-1,15
243,16
-1,16
-1,16
-1,15
-1,18
-1,15
167,14
-1,15
-1,15
-1,15
-1,14
5408,15
-1,16
-1,15
-1,16
9929,16
8424,16
7325,16
-1,16
8281,15
-1,15
1838,14
-1,14
9272,16
-1,16
7897,17
-1,18
-1,15
-1,15
-1,14
-1,18
3844,15
-1,14
4509,16
5307,17
-1,15
-1,15
4991,16
6550,16
-1,15
9956,16
5103,17
1170,16
3775,15
-1,15
4362,15
7414,18
407,16
-1,15
6390,16
6025,15
-1,16
3401,16
-1,15
-1,15
-1,15
-1,15
8417,16
-1,14
5481,15
9272,15
6435,15
-1,18
-1,15
-1,15
8615,16
4502,15
-1,16
6798,18
7603,16
9448,17
3071,15
-1,16
-1,15
-1,14
-1,15
786,15
7561,19
9943,14
8388,15
5321,16
-1,14
44,16
-1,15
8773,16
-1,15
6408,16
7956,15
3327,17
4404,15
-1,16
-1,16
2184,16
9885,16
-1,16
-1,15
8278,17
-1,17
-1,15
-1,15
9896,16
-1,17
-1,15
9066,15
-1,16
3920,15
-1,14
-1,15
869,14
-1,16
6061,17
993,16
-1,15
3356,14
-1,15
897,16
3500,16
5788,17
-1,17
7107,15
-1,15
-1,15
3724,14
2594,14
-1,15
1750,16
-1,17
-1,16
-1,14
-1,16
-1,15
1458,15
-1,15
4455,16
-1,16
3695,15
-1,16
2764,16
-1,15
-1,15
-1,16
-1,16
-1,16
-1,16
8359,15
-1,16
1569,15
-1,14
5398,17
2855,16
6424,15
-1,17
7815,16
9022,16
4283,16
-1,15
2271,15
7638,14
-1,16
9945,18
3106,16
-1,17
-1,15
1920,16
-1,16
7067,16
2131,16
4150,18
-1,15
-1,16
966,16
-1,16
-1,14
-1,16
-1,17
1390,15
2369,17
6460,14
3331,15
848,15
472,15
-1,16
-1,16
-1,16
-1,15
-1,16
-1,16
-1,15
7837,15
-1,15
-1,15
1715,15
-1,14
-1,15
-1,17
6890,15
3319,15
2471,15
-1,14
5937,15
6376,16
3562,16
7167,17
-1,15
-1,15
1856,15
6695,17
8795,15
-1,15
6181,16
4310,17
999,16
9927,15
1310,17
-1,15
668,16
2428,16
-1,14
1317,15
-1,15
3714,15
-1,15
-1,14
705,14
-1,16
7271,16
-1,16
6866,17
7820,18
3792,15
-1,15
524,15
-1,16
6205,15
-1,15
3150,16
5345,15
353,17
6066,17
-1,15
367,15
3039,14
3507,16
5395,16
-1,16
6952,16
1535,15
6637,16
-1,15
-1,16
-1,15
-1,16
8926,16
-1,15
-1,16
-1,15
3407,16
-1,15
1311,16
2071,16
-1,16
-1,16
2734,15
1835,15
4614,14
-1,16
-1,14
3960,16
7621,15
3174,16
5955,15
-1,15
6914,15
-1,15
511,15
3969,17
-1,15
-1,16
-1,15
-1,16
-1,14
-1,13
-1,14
-1,16
-1,15
9980,16
6196,16
-1,15
-1,15
-1,16
7104,15
-1,16
-1,16
-1,15
9853,15
8762,14
-1,16
-1,15
3682,15
-1,15
592,16
3241,16
3471,16
2340,15
2230,14
6848,17
4866,15
991,15
-1,16
-1,17
-1,15
9868,15
2692,14
1155,16
-1,15
5733,15
-1,15
-1,15
3069,15
4337,15
-1,15
4321,19
4927,16
-1,16
-1,15
-1,15
-1,15
-1,17
-1,16
2757,16
-1,14
-1,15
-1,15
3768,17
-1,16
-1,15
7237,16
-1,15
698,16
-1,16
-1,14
7909,16
3500,16
-1,16
-1,15
2257,17
568,16
3809,17
5930,16
-1,16
2302,18
-1,15
1309,16
9087,16
-1,16
9587,15
-1,16
4245,15
-1,15
1570,15
4602,17
397,15
6439,17
9629,18
3322,15
6213,17
-1,15
7331,16
-1,16
4,14
-1,14
-1,15
5910,17
-1,15
-1,16
-1,16
-1,15
-1,16
-1,14
-1,18
444,16
3696,15
-1,16
2379,15
3339,16
-1,17
-1,15
-1,15
7299,15
6302,17
-1,15
-1,16
-1,15
-1,15
-1,15
9519,17
-1,16
-1,14
6193,15
-1,16
-1,15
-1,15
7777,15
-1,15
4685,19
-1,15
1688,16
9499,16
-1,15
7804,15
9802,17
-1,16
7236,15
-1,16
2893,16
7748,15
-1,15
-1,16
9918,14
-1,15
-1,14
-1,16
4348,16
4858,16
-1,16
-1,15
9926,16
6980,16
8921,16
-1,14
5070,16
-1,16
-1,16
6880,15
9319,15
-1,14
-1,15
-1,14
-1,14
4335,16
-1,14
96,16
9225,15
6759,15
-1,16
4306,16
-1,14
-1,16
-1,14
-1,15
-1,15
8973,15
-1,15
-1,16
7997,18
-1,15
6721,17
-1,18
-1,14
2893,16
-1,14
4366,16
-1,17
2096,18
-1,15
-1,15
-1,15
-1,15
8708,17
-1,15
-1,16
-1,15
-1,16
5099,15
-1,15
-1,15
-1,15
5902,16
5798,16
-1,15
3034,16
8636,14
-1,15
8038,16
7310,16
-1,15
-1,17
-1,15
65,16
714,15
-1,15
6106,15
3911,17
-1,15
6314,16
6691,15
4106,15
478,17
7609,14
-1,15
8213,17
5262,14
9173,16
8877,15
7522,15
-1,18
-1,15
3367,16
-1,15
2174,16
-1,15
-1,16
-1,15
-1,15
-1,15
7876,15
-1,15
2197,17
3881,16
-1,15
8557,15
2892,14
5805,15
-1,16
-1,15
-1,15
9554,16
7609,15
-1,15
-1,14
254,16
5367,16
-1,14
-1,14
7427,15
-1,15
-1,15
-1,16
-1,15
7254,17
-1,15
4112,16
1909,15
7040,16
-1,15
-1,15
635,15
-1,16
5528,15
-1,14
-1,15
-1,15
1522,15
-1,16
5759,17
222,16
2853,17
-1,15
-1,15
-1,15
-1,16
-1,15
4049,16
407,16
9649,14
4845,17
-1,16
6093,15
-1,14
-1,15
-1,15
-1,17
-1,16
-1,15
-1,15
2836,16
3201,15
650,16
5486,15
-1,15
-1,16
9410,17
-1,15
8997,15
-1,15
-1,16
5411,15
-1,16
1910,15
-1,15
-1,15
5665,14
-1,15
-1,15
3398,15
2906,16
-1,14
-1,15
-1,15
-1,17
2231,15
7741,17
-1,15
-1,14
-1,17
7874,15
-1,15
-1,15
-1,15
-1,15
-1,16
-1,16
-1,15
-1,16
1113,14
7703,15
-1,15
-1,15
6760,16
1570,15
-1,16
1920,15
-1,15
4107,15
7110,16
-1,15
4155,15
-1,16
-1,15
-1,15
3308,16
3918,15
-1,16
-1,16
5865,15
8561,15
-1,16
5643,16
2061,16
3694,17
4201,16
-1,18
-1,16
2181,15
7503,15
-1,15
845,15
-1,15
-1,14
-1,15
2482,16
9987,15
-1,15
7252,15
874,17
-1,16
-1,16
4773,16
9523,16
-1,17
9635,16
7971,16
-1,15
6995,15
528,15
3157,17
8858,17
-1,15
3431,15
-1,18
9736,15
8912,17
-1,15
-1,15
9762,16
-1,15
-1,15
-1,14
5795,17
2912,16
2719,17
898,15
-1,14
-1,15
-1,16
920,16
-1,15
6860,16
-1,16
-1,16
-1,15
2045,16
-1,16
65,17
7289,17
4002,16
-1,15
5444,16
-1,15
902,16
1571,16
-1,15
-1,15
89,17
-1,15
-1,16
-1,15
-1,15
8732,16
7356,16
252,16
-1,16
4902,15
-1,17
5137,17
8116,17
-1,15
-1,16
6906,18
-1,15
5330,15
9964,16
2330,15
-1,15
-1,15
8042,15
301,17
147,15
5406,15
-1,15
-1,16
-1,16
-1,17
8368,16
-1,16
-1,16
878,14
-1,16
-1,15
6127,16
-1,15
5155,15
9164,16
-1,16
9500,17
-1,14
1924,16
-1,14
998,15
3917,19
5809,15
9550,15
2235,15
-1,17
8955,17
4816,16
9519,15
2228,16
8186,16
-1,14
-1,16
-1,16
9775,18
-1,15
-1,15
-1,17
-1,16
-1,15
-1,15
-1,14
1727,16
-1,16
-1,16
2114,17
7405,15
-1,15
-1,14
1134,18
3318,16
9984,15
-1,16
-1,15
-1,15
8711,17
9298,14
6723,14
-1,16
-1,16
-1,15
-1,15
-1,14
1420,16
-1,16
3757,17
9191,16
1513,16
-1,15
-1,16
2279,15
-1,15
9150,15
-1,16
5402,16
7772,16
2099,18
5557,15
267,14
7071,15
-1,16
1986,15
-1,15
5887,17
6636,16
5463,15
-1,15
2802,15
3199,15
5847,19
2604,15
4690,16
1520,17
732,15
9820,15
-1,16
4181,16
4382,16
-1,15
7418,17
-1,15
7305,15
2660,15
1752,15
82,18
-1,17
4432,16
655,16
-1,15
-1,14
-1,14
-1,14
8727,14
5799,17
6120,16
-1,15
-1,16
-1,16
-1,15
7932,14
6457,18
-1,15
5074,16
1087,15
-1,14
-1,15
-1,14
7317,15
-1,15
-1,15
8206,15
1451,16
9888,16
-1,14
-1,15
4371,15
4384,16
-1,15
2625,15
3741,17
5348,15
137,15
-1,17
7988,16
9587,15
-1,16
-1,14
-1,14
9706,16
814,17
-1,16
-1,15
3795,16
4521,15
9695,15
-1,15
3959,16
-1,14
3971,16
7936,15
4097,16
-1,15
-1,15
4232,15
8568,15
7166,15
-1,16
7496,15
8873,14
1794,15
-1,16
625,16
9765,15
1787,15
-1,16
4777,16
2021,18
-1,16
5773,16
1548,18
-1,14
-1,16
474,15
5549,16
-1,15
7767,16
-1,15
-1,15
-1,15
2383,16
-1,15
764,16
-1,15
-1,16
-1,14
4183,16
9382,18
-1,15
-1,16
6689,15
4012,15
-1,16
-1,15
-1,16
-1,15
2432,16
1485,15
7466,15
-1,14
4743,15
-1,15
9886,15
-1,16
-1,16
-1,14
-1,16
-1,17
-1,17
-1,16
6044,15
-1,15
5931,16
6856,15
116,15
-1,15
-1,15
3417,16
467,17
-1,15
-1,16
-1,14
-1,16
-1,16
-1,15
-1,16
-1,15
-1,15
575,15
1845,18
6464,16
9860,15
7549,16
-1,16
9117,15
-1,14
7786,16
-1,17
4198,15
-1,15
7621,15
-1,14
3679,17
7556,16
1746,16
5399,16
-1,16
6330,17
-1,15
-1,15
951,16
2789,16
3197,15
7394,15
5364,16
-1,15
962,16
8541,16
-1,15
1843,16
-1,15
-1,15
-1,15
-1,15
1075,16
-1,16
-1,17
5314,16
-1,15
-1,16
-1,15
-1,15
3223,15
5058,16
7273,19
-1,14
2871,17
-1,15
-1,16
8253,16
-1,15
-1,15
-1,16
-1,16
586,16
-1,15
-1,16
-1,16
-1,15
684,16
7654,17
-1,15
4754,14
-1,15
1520,15
1038,15
4540,14
6486,15
8844,15
-1,14
1020,15
-1,15
-1,15
5991,17
8379,14
5755,16
-1,16
7317,18
2352,16
8057,17
6767,15
-1,15
1956,16
-1,15
-1,15
-1,16
2599,16
2964,15
6803,16
1572,16
5267,15
-1,14
-1,16
-1,15
-1,15
-1,14
-1,15
-1,16
-1,15
-1,15
972,18
5006,16
-1,16
8398,16
7270,16
-1,15
-1,14
6168,16
-1,15
8493,17
-1,16
-1,15
5225,16
2013,17
-1,15
-1,15
-1,15
-1,14
-1,15
8356,15
4889,16
9540,16
1535,16
7743,15
2943,15
-1,16
7052,15
-1,15
-1,15
893,15
6663,14
9619,18
-1,14
-1,15
-1,14
-1,15
5719,15
-1,15
6896,17
-1,15
-1,17
-1,15
-1,15
-1,15
-1,15
-1,14
7033,15
-1,16
4025,16
8973,15
1001,15
3276,16
-1,15
6330,15
-1,14
4318,18
-1,17
-1,16
9877,17
63,18
-1,15
-1,16
171,17
-1,15
-1,15
-1,16
-1,15
-1,15
5643,16
7735,15
6343,16
2799,17
5978,15
-1,16
-1,15
2952,16
-1,15
-1,15
471,16
6291,15
-1,14
-1,15
-1,14
6870,16
2163,16
-1,17
372,16
2952,16
-1,15
596,16
4064,16
979,16
6613,16
-1,15
-1,14
2022,16
6831,16
-1,16
5455,16
-1,15
3935,15
7616,16
3119,16
-1,15
8501,16
3878,16
6016,16
1381,18
764,15
-1,17
6253,16
5114,17
-1,15
-1,15
7587,16
881,16
3283,16
2744,15
-1,16
-1,16
8852,17
5241,16
9769,15
4118,15
-1,15
3729,17
-1,15
2871,17
3777,16
6761,16
2332,15
-1,15
-1,16
8338,16
-1,14
9128,15
7172,14
-1,16
3055,17
-1,15
-1,15
-1,14
-1,16
8481,16
344,16
5779,17
-1,14
-1,14
3224,16
-1,15
-1,17
-1,16
2761,17
3078,16
6321,15
3472,17
3479,15
2511,15
5398,16
-1,15
-1,16
5895,17
7189,16
4511,16
-1,15
1454,15
5394,15
-1,18
-1,16
4414,14
-1,15
-1,17
-1,14
7638,15
-1,17
-1,16
-1,15
-1,15
-1,14
-1,15
9138,15
5007,15
893,14
-1,15
5004,15
4359,18
-1,16
4251,16
3084,15
-1,15
7541,17
1767,15
-1,15
-1,14
4221,17
5069,15
-1,16
9794,16
-1,16
3483,16
3937,15
7958,16
7835,16
8232,14
2749,17
75,16
-1,16
1825,15
-1,16
-1,17
-1,16
-1,16
-1,16
-1,14
7888,16
-1,15
-1,16
-1,15
-1,15
1530,14
-1,16
4990,15
-1,16
2821,15
8856,16
1314,17
-1,14
-1,15
-1,14
-1,15
-1,16
1383,14
-1,14
3602,16
6726,15
-1,15
636,16
1344,15
6153,14
-1,14
-1,15
-1,16
3066,15
-1,14
6497,17
8158,15
-1,16
7556,15
1907,17
9725,14
8139,16
9349,15
-1,17
-1,17
2805,15
-1,16
6420,16
5262,14
-1,15
2084,17
8558,17
-1,14
-1,15
-1,15
-1,15
5589,15
2703,16
-1,15
-1,14
8173,15
-1,15
2200,15
-1,15
-1,16
1881,15
-1,16
-1,15
4773,15
-1,17
7664,15
-1,15
5191,17
-1,15
-1,14
6912,15
-1,14
2753,17
-1,15
4966,15
1848,14
-1,16
-1,15
2772,17
-1,15
3089,15
8982,16
9949,15
-1,15
-1,15
-1,16
7198,16
3360,15
52,15
-1,16
-1,17
4380,16
-1,15
-1,15
-1,16
-1,15
-1,15
-1,14
6900,17
1675,15
-1,15
8561,16
7133,16
1667,17
711,15
-1,15
-1,18
-1,14
-1,16
5361,18
-1,16
-1,15
-1,15
-1,15
8989,16
-1,16
-1,14
-1,15
5888,15
2283,17
9075,15
3340,16
-1,15
6714,15
5963,18
-1,15
-1,15
7554,17
6287,16
975,16
-1,15
-1,15
-1,14
3598,18
6542,17
6320,16
5442,15
2505,15
-1,15
-1,17
9484,17
-1,15
-1,15
-1,15
-1,16
9306,17
-1,16
9276,17
2879,17
-1,15
-1,14
333,15
929,16
6842,16
-1,15
325,16
9481,16
5226,17
1754,15
-1,16
4565,17
4907,15
3875,16
5355,15
-1,15
-1,15
2467,16
3788,17
-1,16
1484,16
6491,17
-1,17
-1,15
-1,16
5089,15
1368,15
2824,16
-1,16
6940,16
-1,15
6417,16
3089,16
-1,14
4361,17
1234,17
-1,14
9213,14
-1,15
-1,15
7859,15
-1,15
-1,15
-1,14
-1,15
-1,15
2802,16
1427,14
-1,16
-1,17
-1,15
1719,17
3519,16
4360,15
-1,15
4023,17
-1,16
-1,15
5623,18
-1,15
-1,16
2932,16
1239,16
7913,16
-1,15
-1,15
-1,15
8476,14
5692,17
8229,16
-1,15
-1,17
-1,15
-1,14
832,16
3936,15
3936,15
4735,16
7842,16
-1,14
3039,17
7659,17
-1,15
-1,16
1813,15
6912,17
-1,16
-1,15
8710,16
-1,15
6693,16
-1,14
-1,14
-1,15
6245,15
7601,14
-1,16
1038,15
-1,15
9307,17
-1,15
3816,15
-1,15
-1,16
-1,15
6385,16
747,15
-1,14
2570,17
9912,16
9975,15
-1,15
5968,15
-1,14
-1,15
491,15
8472,15
8112,16
6895,17
5334,16
3529,16
-1,15
-1,15
4150,18
-1,14
-1,15
5662,16
6065,17
8899,16
737,16
232,17
8840,15
1855,17
-1,14
4038,15
-1,16
3562,15
885,16
-1,16
4105,17
-1,16
-1,15
4305,17
-1,14
471,16
7003,16
6949,14
9919,18
-1,15
4872,18
-1,15
-1,14
-1,15
-1,16
14,15
8733,17
5593,15
-1,15
59,16
-1,16
-1,15
-1,15
-1,15
-1,15
-1,15
-1,14
-1,15
-1,16
-1,16
-1,16
9142,15
-1,14
4561,16
-1,16
-1,16
6210,16
534,17
2480,16
-1,16
-1,15
483,18
7250,16
7203,15
-1,14
8638,15
5549,15
-1,15
-1,17
-1,15
-1,15
3719,15
5470,16
-1,15
-1,14
-1,17
4188,16
-1,15
-1,16
-1,14
-1,16
-1,15
-1,15
9184,16
-1,15
-1,14
-1,16
7368,15
9607,17
6967,17
-1,15
6691,17
-1,15
-1,16
-1,14
-1,16
9864,14
-1,15
5443,15
5861,15
9747,16
9641,16
-1,15
-1,14
-1,16
247,17
-1,16
8768,16
7462,14
8971,16
-1,17
8146,18
-1,16
-1,15
-1,14
-1,14
-1,15
-1,14
-1,14
2385,15
-1,16
-1,16
8888,16
-1,15
-1,16
4840,15
1296,16
-1,16
-1,15
7217,16
6856,15
-1,15
819,16
-1,15
-1,15
-1,16
7106,15
6261,16
-1,14
890,14
-1,16
-1,15
-1,14
-1,15
-1,16
-1,16
-1,15
-1,16
8572,16
209,15
-1,16
8306,16
9340,16
2956,16
4560,15
-1,16
442,15
-1,15
-1,14
4699,18
-1,15
-1,15
-1,16
-1,17
1576,17
4890,15
2973,17
-1,15
7364,18
-1,15
4585,14
7143,16
2673,17
5597,15
-1,15
9734,15
2109,15
2315,15
3497,16
5508,15
-1,16
91,18
-1,15
8310,17
-1,15
2909,17
-1,16
-1,15
-1,15
2443,15
1973,14
-1,15
-1,14
-1,14
3674,15
-1,15
5652,16
-1,15
-1,15
4038,15
8638,15
4435,16
-1,16
1227,16
5049,15
1959,15
6793,16
1229,15
5139,17
658,16
7705,15
-1,15
2159,16
-1,16
-1,15
7209,15
-1,18
-1,15
-1,16
-1,15
-1,16
-1,17
-1,14
-1,15
759,17
-1,17
4399,15
-1,17
-1,15
8674,15
4567,15
-1,16
-1,15
-1,15
-1,15
-1,15
6221,17
1661,16
3647,16
-1,15
8307,17
4218,15
4529,17
4770,15
-1,15
7658,17
9105,15
-1,16
8210,16
3180,17
-1,15
-1,15
4628,15
6534,18
1251,15
-1,15
5519,16
-1,15
1279,17
-1,16
-1,14
4890,15
3232,17
9066,15
1689,15
-1,15
472,16
-1,15
-1,15
415,17
-1,15
1773,16
-1,15
5741,16
3968,16
6453,16
1689,17
-1,16
-1,15
-1,14
3756,17
3883,18
-1,16
8498,15
762,16
-1,15
8125,17
-1,14
2946,16
-1,16
4283,15
-1,16
8227,15
-1,16
-1,15
9539,15
-1,15
6641,15
3260,16
2598,14
-1,16
-1,15
1862,14
-1,16
-1,15
5909,15
-1,15
4631,15
-1,15
-1,15
-1,15
5165,16
188,16
432,15
1219,15
7470,15
-1,15
5826,16
133,15
-1,17
8822,16
-1,15
-1,14
-1,16
-1,15
-1,15
-1,17
2215,15
-1,16
5344,17
-1,16
-1,15
7412,17
-1,15
-1,15
380,15
-1,15
-1,16
-1,16
7607,15
-1,15
-1,15
-1,15
-1,15
3884,15
-1,15
-1,14
-1,15
-1,14
-1,16
2104,15
-1,14
6825,15
4216,15
4189,14
-1,16
2957,16
1647,16
-1,15
6911,17
1299,17
4513,16
9549,15
-1,16
5563,17
5227,16
-1,15
-1,15
-1,17
-1,16
-1,16
-1,15
-1,16
-1,14
1503,16
-1,16
-1,16
-1,16
-1,14
-1,15
-1,15
8199,15
-1,14
4495,16
-1,15
-1,16
-1,15
233,18
-1,15
-1,15
5645,14
-1,15
-1,16
-1,16
6099,17
-1,15
-1,14
-1,15
-1,15
-1,15
-1,15
-1,15
-1,15
9114,15
8963,15
5904,16
-1,16
5387,15
5496,15
-1,17
-1,15
-1,16
6426,17
-1,14
-1,16
-1,16
1779,14
-1,15
-1,16
-1,14
9946,15
331,17
2685,15
1668,16
-1,16
2491,15
9550,15
-1,15
-1,15
-1,14
6716,18
-1,14
-1,14
7185,15
-1,15
-1,16
4847,16
2390,17
-1,15
1727,16
3540,16
-1,15
8356,17
3147,16
7083,16
1173,16
-1,16
-1,16
9174,16
801,17
9758,17
4036,16
-1,16
-1,16
-1,16
2830,16
2875,16
6960,15
4176,16
-1,15
401,18
3984,16
1960,17
-1,17
6857,16
3051,16
3318,16
-1,15
-1,16
8192,17
-1,17
-1,14
-1,16
9914,15
8434,17
1948,17
-1,16
-1,15
5294,15
5368,16
5416,17
4619,17
-1,15
-1,15
-1,14
9903,18
1832,16
-1,16
886,15
1630,15
5226,14
-1,15
-1,15
4419,15
4272,16
-1,14
234,16
2491,18
-1,16
-1,15
9611,15
1151,16
-1,18
755,15
-1,14
268,15
-1,15
-1,15
-1,17
919,17
7547,16
957,15
5883,15
1542,16
1547,16
1563,16
-1,15
-1,15
6357,15
-1,14
6161,14
7734,19
8133,16
-1,14
9431,16
4789,15
-1,15
-1,17
-1,14
9035,15
-1,15
2225,16
202,15
2326,15
4188,16
3807,15
4829,14
-1,15
1359,15
6028,17
3315,16
1352,17
-1,17
3353,16
-1,15
1198,16
-1,15
787,17
2045,15
-1,15
2497,15
-1,16
4065,17
-1,16
4026,17
8484,16
-1,15
-1,14
-1,15
-1,16
2132,16
-1,15
-1,16
-1,15
-1,15
5321,16
-1,15
7544,16
7410,15
7730,17
-1,15
-1,15
-1,16
489,16
858,14
1744,16
-1,16
9403,17
-1,16
8050,16
-1,16
4249,15
-1,15
9591,16
5578,15
-1,15
-1,15
-1,15
-1,15
-1,17
4792,15
-1,16
-1,15
-1,16
952,17
-1,17
-1,14
4396,15
-1,16
-1,16
-1,15
-1,15
2790,15
-1,14
3642,15
-1,15
-1,15
-1,15
-1,17
3174,16
7159,16
-1,15
-1,15
6947,16
-1,16
-1,15
4785,15
9610,16
4513,16
-1,18
9197,15
5481,16
-1,15
-1,14
2135,17
-1,15
-1,14
-1,15
9143,16
3154,16
-1,15
-1,16
-1,15
-1,15
-1,15
-1,15
-1,15
5221,16
-1,16
7054,16
957,15
425,17
-1,16
3814,16
-1,15
-1,15
2514,17
-1,15
-1,16
8590,15
1022,15
-1,17
-1,15
3740,15
-1,16
6112,15
-1,15
39,17
7844,15
7865,16
9,16
-1,16
-1,15
-1,15
9317,15
3511,16
-1,15
5497,16
2735,17
2913,15
6389,15
-1,16
9059,15
1758,15
9153,15
-1,16
-1,15
-1,16
4218,15
-1,15
-1,15
9319,15
4977,15
-1,15
9802,14
5632,15
6490,17
-1,15
4701,16
-1,16
-1,15
5047,15
5041,15
-1,14
-1,15
-1,15
6561,16
3454,16
7805,15
-1,15
-1,16
682,14
-1,16
-1,14
-1,15
4906,16
6207,15
-1,14
5940,15
8480,16
8099,17
-1,15
-1,16
3840,17
-1,16
3208,16
-1,16
3648,16
575,16
-1,15
432,14
5713,15
-1,14
6047,16
2342,16
-1,15
-1,16
3572,16
-1,16
9266,15
3699,15
7506,15
5154,15
8107,16
-1,17
1628,17
7201,17
7007,15
-1,15
-1,16
-1,16
2371,15
-1,15
-1,15
-1,16
6466,17
5611,15
-1,15
-1,16
716,16
6945,16
-1,14
-1,15
7665,17
4328,15
-1,15
1382,16
7308,15
8378,16
8944,16
-1,15
-1,16
-1,15
-1,15
7478,16
-1,15
-1,15
-1,15
2849,16
-1,15
-1,15
2043,15
-1,15
-1,17
4849,15
1720,16
-1,15
-1,16
8951,17
-1,14
-1,15
-1,15
2142,15
-1,16
4728,15
1036,16
5092,14
5278,18
6188,15
-1,17
-1,15
2654,16
-1,15
1799,15
-1,17
1637,15
-1,14
179,16
3342,15
4580,16
6417,16
4373,19
1560,16
-1,16
-1,15
-1,15
-1,15
-1,15
-1,13
-1,15
-1,15
-1,15
6296,16
-1,16
5996,14
4275,15
3824,16
4023,17
-1,15
-1,16
-1,14
9407,15
3412,16
-1,15
-1,14
6704,17
1989,17
3416,15
-1,16
4589,16
9716,15
-1,15
-1,17
-1,15
1610,16
-1,15
45,18
-1,16
6159,16
-1,14
6491,15
2367,18
6073,16
7986,16
-1,15
6003,16
-1,14
1519,14
-1,15
3540,16
-1,15
-1,15
8103,16
6720,15
-1,15
4344,14
-1,15
-1,14
7212,15
-1,15
7501,15
-1,15
8311,15
-1,14
-1,15
7808,15
-1,14
2277,15
-1,15
-1,15
7377,17
-1,16
-1,15
3351,15
-1,15
-1,17
-1,15
695,18
8890,15
8675,18
-1,15
6920,17
6370,16
5114,15
-1,15
3881,16
7067,15
521,16
4200,15
7967,16
650,16
5006,14
3962,15
2321,15
6085,15
-1,15
-1,15
-1,15
4415,16
-1,16
3844,14
3542,15
-1,15
-1,15
-1,15
8714,15
-1,16
5512,16
-1,17
4618,15
-1,15
-1,16
9699,16
4020,16
4198,15
-1,14
7087,16
2959,16
-1,14
6645,16
-1,15
-1,17
-1,15
-1,15
-1,16
4283,17
5450,15
5752,16
-1,14
5131,15
287,14
4288,16
4523,16
2224,15
-1,15
-1,15
-1,15
6595,16
6418,16
2382,16
-1,15
-1,15
-1,17
3684,16
-1,15
-1,15
8952,16
2958,16
6231,15
4031,16
-1,16
-1,17
-1,15
3785,16
2374,16
-1,15
3639,18
3574,16
5406,16
-1,15
-1,15
1666,16
3266,17
8078,15
5847,14
-1,15
-1,15
-1,16
-1,16
-1,15
1435,16
-1,15
4171,18
3960,15
24,15
8690,16
2736,15
-1,15
3345,16
8257,15
3566,16
-1,15
-1,16
2048,16
-1,16
-1,14
-1,16
4528,15
9533,16
-1,14
-1,14
-1,16
-1,16
7324,15
3140,16
6611,15
4440,15
7234,16
7456,17
9185,16
-1,15
6003,16
1518,16
-1,16
2051,17
2126,15
-1,15
-1,15
3962,15
-1,16
5573,15
-1,14
3560,15
-1,15
-1,15
-1,16
-1,15
-1,16
8530,17
-1,16
-1,15
4716,16
-1,17
-1,15
-1,16
9204,18
-1,14
2077,16
-1,15
-1,16
3648,14
-1,15
-1,16
9285,16
-1,15
9128,18
-1,15
4501,14
8200,16
-1,15
1654,16
7672,16
-1,16
-1,15
7206,16
-1,15
2094,16
-1,15
-1,16
-1,14
2695,16
7294,15
-1,15
-1,15
-1,15
-1,15
2165,15
3991,16
1296,15
8178,15
-1,15
-1,16
-1,17
-1,14
-1,15
4737,15
-1,16
-1,17
685,16
-1,14
-1,15
-1,15
9729,14
-1,14
886,15
9063,16
2622,16
-1,15
-1,15
4,15
1930,15
6050,15
9466,16
-1,15
-1,15
-1,14
6413,16
4344,15
-1,15
-1,15
5699,15
2526,17
8194,19
-1,15
9390,16
-1,14
-1,15
-1,16
-1,15
7356,14
16,17
-1,15
-1,15
3457,16
4951,16
-1,16
866,17
-1,16
-1,17
-1,16
8946,16
4891,16
-1,16
1722,15
592,16
-1,15
-1,15
-1,14
-1,15
-1,15
-1,16
-1,16
8091,15
7355,15
-1,15
5338,16
-1,15
1752,15
-1,16
4479,15
2020,16
3824,15
-1,16
-1,15
-1,15
73,16
-1,15
2363,16
-1,14
-1,15
7385,16
-1,16
924,15
-1,15
-1,15
8329,15
6332,15
-1,14
8291,16
-1,15
5772,15
-1,17
-1,14
9541,15
1491,15
4558,16
-1,16
3974,16
-1,16
9303,15
-1,15
-1,15
9616,16
7809,16
5995,16
-1,15
6677,17
-1,15
3356,16
6774,17
6146,16
6994,15
1399,16
249,15
-1,15
-1,15
9818,16
3817,15
-1,16
-1,15
-1,15
-1,16
2397,15
-1,16
8210,16
8198,16
6162,16
2492,15
4077,15
605,15
-1,15
8527,16
-1,15
-1,15
-1,15
-1,15
5263,15
1670,15
1230,16
-1,15
397,15
7675,15
-1,15
-1,14
4682,16
3340,15
-1,15
-1,15
-1,15
-1,16
4244,15
853,16
3168,14
-1,16
9010,15
-1,15
-1,15
1265,15
-1,16
1392,15
3947,16
2455,16
-1,14
9304,17
3440,15
-1,15
-1,15
-1,15
7405,15
2630,15
1932,15
-1,16
-1,17
8462,15
-1,16
6096,17
1478,14
-1,16
1769,15
-1,14
-1,15
-1,15
-1,14
1204,16
2722,15
7527,15
-1,16
1643,15
-1,15
8513,15
-1,16
-1,14
-1,15
-1,16
-1,16
6939,16
8559,15
296,17
-1,17
-1,15
9977,17
-1,16
4157,16
-1,16
-1,15
-1,15
5279,17
-1,14
1943,15
862,16
6696,14
-1,16
-1,16
-1,16
6774,17
842,17
-1,14
8010,15
3658,16
-1,16
4778,16
-1,16
183,16
2156,15
7518,16
3798,15
9260,17
1435,15
7012,16
-1,15
2981,17
2211,16
6971,15
-1,16
-1,14
913,16
2684,16
-1,15
-1,16
-1,16
-1,15
-1,14
7279,16
1617,16
-1,16
-1,15
-1,15
-1,16
2154,16
-1,17
4831,17
889,15
-1,16
-1,16
-1,14
-1,14
6746,15
-1,18
9013,16
-1,16
-1,15
5423,15
3385,16
3667,15
-1,14
-1,16
6882,15
-1,15
-1,15
6298,15
7648,16
-1,16
-1,15
-1,18
4074,14
9436,16
4833,15
-1,15
1418,16
1903,16
5732,14
-1,14
5521,17
406,16
-1,15
7026,17
-1,16
-1,16
-1,14
6131,15
-1,16
9908,18
-1,15
-1,15
-1,16
-1,15
-1,14
2347,16
9052,17
4533,16
2550,16
-1,15
-1,14
-1,15
8510,16
809,15
2922,14
508,15
8452,18
-1,15
4307,15
-1,15
3632,16
-1,16
1812,15
6421,15
-1,16
9155,16
8408,15
5267,16
1381,16
3995,15
-1,16
8981,17
-1,14
924,15
-1,16
-1,16
-1,16
-1,17
-1,16
82,15
-1,16
7297,15
-1,16
8883,15
-1,15
-1,16
-1,15
5002,15
5950,17
-1,15
8699,16
8685,16
-1,16
7394,15
-1,16
9004,15
-1,15
-1,15
-1,17
-1,15
8945,16
-1,16
-1,16
-1,15
-1,15
5462,16
-1,15
9890,15
4681,16
-1,15
-1,15
2446,15
7761,18
-1,15
-1,15
4409,14
8136,16
-1,16
4947,17
-1,16
-1,15
7122,18
5089,16
1769,16
9381,14
-1,16
9397,17
-1,16
-1,15
-1,14
4044,15
9333,15
9700,16
9061,15
-1,15
977,15
2279,16
-1,19
-1,14
9482,15
-1,15
9273,16
2332,15
6827,16
4297,14
-1,15
7214,16
8807,16
5301,16
-1,14
-1,16
-1,16
-1,15
-1,14
4256,17
5528,16
2006,15
-1,16
7978,16
-1,15
-1,14
-1,14
2011,15
7064,15
-1,15
-1,15
-1,15
1337,16
6841,17
8398,15
6222,15
3197,15
5852,18
-1,15
-1,15
5042,14
-1,15
-1,17
6184,15
-1,16
22,15
-1,16
-1,16
-1,16
-1,17
2057,16
-1,15
-1,15
935,14
-1,15
-1,16
-1,17
-1,16
6110,15
9810,15
8009,16
5774,16
-1,16
-1,16
-1,16
-1,16
6313,15
256,15
-1,15
-1,16
5870,17
4100,15
-1,15
2265,15
-1,17
-1,17
-1,16
-1,14
-1,15
616,16
-1,14
-1,15
3834,18
2754,16
2120,15
-1,16
-1,15
9640,17
-1,16
5898,15
6454,15
5216,16
-1,15
-1,16
-1,15
1398,14
-1,15
385,18
9081,17
7572,18
5910,16
-1,16
3639,17
8441,16
-1,15
2518,14
-1,15
-1,16
-1,16
-1,17
2929,15
-1,15
-1,15
-1,15
-1,15
6873,17
-1,15
-1,14
-1,17
-1,16
3910,17
9995,15
-1,15
933,15
13,14
-1,15
-1,15
888,16
-1,16
-1,17
2246,18
207,16
-1,16
-1,14
1933,15
3600,17
6651,19
-1,14
-1,15
-1,16
-1,14
1544,15
-1,15
-1,16
-1,15
-1,14
-1,14
-1,16
-1,14
-1,15
3315,14
-1,15
4100,16
-1,15
-1,15
6430,17
-1,14
7597,15
7382,17
-1,15
2753,15
6924,16
-1,15
3756,15
-1,15
3591,17
-1,17
5558,16
-1,15
5690,16
-1,15
-1,16
-1,15
6550,14
-1,16
1502,15
957,15
5424,14
-1,16
-1,16
1734,15
-1,15
-1,15
2266,16
2627,16
5976,17
5166,15
3045,15
-1,15
8428,16
-1,16
-1,17
-1,15
6351,15
9388,15
-1,16
-1,16
-1,17
-1,15
5061,18
3535,17
-1,15
-1,15
9794,16
-1,15
5973,16
-1,15
-1,15
-1,16
-1,15
6726,15
-1,16
-1,15
-1,15
194,15
4514,15
7131,17
8034,16
9646,17
675,17
5773,15
-1,14
-1,15
1276,16
5560,16
9298,15
-1,14
-1,15
-1,15
4134,16
4470,17
-1,15
-1,15
8520,15
-1,15
7606,15
-1,16
-1,15
-1,14
-1,16
8814,16
-1,15
2322,17
-1,16
634,15
-1,14
-1,15
8320,17
-1,15
5055,16
-1,15
9635,15
-1,16
904,15
7633,16
2842,15
-1,15
7773,16
-1,16
-1,16
-1,15
-1,16
1408,14
-1,15
2325,17
-1,16
5329,15
4444,17
-1,15
-1,15
-1,16
-1,15
-1,15
978,15
-1,15
4045,17
-1,15
5863,14
9201,16
4683,16
9301,16
-1,15
5205,15
1675,16
9727,16
6457,17
-1,15
482,16
4777,16
-1,16
-1,15
8318,16
8094,16
6559,15
2652,16
8330,15
86,16
-1,16
6449,17
-1,15
-1,16
9832,15
-1,15
3726,15
-1,17
7624,16
2809,15
-1,15
4035,15
-1,15
-1,16
409,17
6518,17
-1,15
-1,16
-1,16
-1,15
-1,16
7172,17
-1,15
4226,17
-1,15
6255,17
7750,17
-1,14
3723,15
-1,15
-1,14
7766,16
2293,17
-1,14
-1,16
2079,19
-1,14
6647,16
-1,16
-1,16
-1,16
-1,15
6292,16
5659,16
7061,17
7913,15
4227,15
-1,15
2509,14
-1,15
2011,17
-1,15
3805,16
-1,14
-1,15
2444,17
2013,15
-1,15
-1,15
2633,15
-1,15
-1,14
-1,15
-1,15
-1,15
-1,16
7663,15
-1,16
3039,16
9718,15
8285,16
8546,15
3177,16
-1,15
-1,15
-1,15
6360,16
5781,15
-1,17
-1,16
-1,16
-1,15
-1,15
-1,15
8269,16
-1,15
4506,16
-1,15
856,16
5931,18
8129,15
9135,15
-1,16
-1,15
286,16
-1,14
9260,14
-1,15
-1,14
-1,15
-1,15
-1,15
434,17
5972,15
9166,15
1368,16
-1,16
-1,17
-1,14
6978,15
-1,15
-1,16
9773,16
-1,14
-1,15
3043,15
7802,16
-1,15
-1,15
1837,16
-1,15
-1,14
629,15
5574,16
-1,16
-1,15
-1,15
8695,17
-1,15
9243,16
2428,15
2624,17
-1,14
-1,15
9241,16
-1,15
1187,15
-1,15
-1,15
3224,16
7123,15
8597,16
1114,15
-1,16
4317,15
4655,17
-1,15
-1,15
6915,16
-1,16
6009,16
3055,16
-1,16
-1,15
-1,16
4118,16
3815,14
-1,15
7659,17
9915,18
1704,16
720,16
-1,16
453,16
-1,16
983,16
-1,15
-1,16
-1,16
-1,15
-1,15
9647,16
-1,14
9209,17
-1,15
1496,15
-1,14
-1,15
2108,14
-1,16
-1,15
-1,15
-1,14
9888,15
1373,15
-1,14
3983,16
960,16
4483,15
8535,15
-1,15
734,16
-1,17
6368,16
9738,16
9620,16
4036,15
-1,16
-1,16
-1,16
1054,15
-1,16
-1,15
4947,16
395,16
44,15
-1,15
2732,16
-1,16
7206,16
-1,15
9099,15
1513,14
-1,16
7452,16
3003,15
-1,15
-1,15
9487,17
8341,16
-1,16
-1,16
4634,15
305,17
911,16
-1,15
2455,17
9659,17
8031,17
-1,16
-1,16
-1,17
1644,17
1754,15
752,16
4345,15
-1,15
776,17
-1,14
528,16
-1,16
9448,15
4607,15
-1,16
-1,15
-1,16
-1,16
-1,16
7921,16
9036,16
-1,15
1497,16
-1,14
610,20
9239,16
1218,15
1472,16
-1,15
7471,17
-1,15
-1,15
594,16
3866,15
-1,16
1910,15
3079,14
9159,16
-1,16
9830,15
3229,16
-1,15
-1,17
-1,14
-1,14
2047,16
-1,16
2168,16
844,15
2191,16
-1,15
-1,16
-1,15
1819,15
-1,16
9608,16
5057,16
9017,16
5025,17
-1,17
-1,16
808,17
7393,16
-1,16
7256,16
6092,16
4263,14
6646,15
7979,16
-1,15
7591,15
3229,14
-1,16
3884,17
-1,15
-1,17
-1,14
-1,15
-1,15
-1,16
-1,14
4809,16
-1,16
8765,15
7890,15
3699,15
-1,15
3576,17
7968,15
-1,17
1936,16
-1,16
-1,17
-1,17
-1,15
-1,18
-1,15
-1,16
3044,14
-1,15
2055,16
6192,17
4460,15
-1,16
-1,15
3826,16
4354,17
-1,14
-1,15
2791,15
-1,16
7410,15
3901,16
7046,16
1218,15
6168,16
-1,15
-1,15
9065,16
-1,14
-1,17
2233,16
-1,14
6378,15
-1,15
-1,15
-1,15
-1,15
1752,15
171,15
-1,15
7857,16
9280,15
-1,16
6048,15
-1,16
-1,16
2879,17
-1,15
-1,15
9089,17
-1,15
-1,16
-1,15
-1,15
8190,15
8012,17
9900,16
-1,17
429,15
9711,16
-1,14
9353,18
3174,15
-1,15
4606,15
-1,15
3245,15
-1,14
6767,15
-1,14
-1,16
-1,15
-1,15
-1,14
5102,16
-1,15
4317,15
6888,17
4458,16
-1,15
-1,14
-1,15
-1,14
1531,16
-1,15
-1,15
3824,16
-1,16
3194,16
2401,17
1527,15
3528,15
823,16
-1,16
361,15
7822,15
96,15
-1,15
-1,15
-1,15
4866,15
-1,15
-1,15
2318,17
3515,15
1878,17
-1,15
-1,15
1133,15
9500,15
4796,15
-1,15
-1,16
649,17
-1,15
-1,15
-1,15
-1,16
5154,16
6392,15
-1,14
-1,16
-1,18
7031,17
-1,15
-1,14
162,16
-1,16
-1,16
-1,15
9211,16
7409,16
-1,15
-1,16
-1,17
-1,15
-1,16
8454,17
-1,16
9168,16
5035,16
4585,14
3124,15
3191,14
-1,14
9407,15
8236,16
-1,14
-1,15
-1,17
2096,15
1324,16
6181,16
7643,16
-1,15
-1,15
-1,16
6332,16
6281,16
-1,15
6308,16
-1,15
4910,15
-1,15
4931,15
-1,15
-1,15
9234,16
-1,15
7029,15
-1,15
4611,16
6911,16
-1,15
2984,15
-1,15
-1,16
-1,16
5860,15
5629,15
1837,15
-1,14
1772,15
-1,18
-1,15
-1,17
-1,17
8782,15
-1,17
5908,15
5824,16
-1,16
5320,15
-1,16
-1,15
-1,15
6717,18
-1,15
-1,15
77,17
-1,17
4695,16
-1,15
3046,16
6808,16
4582,15
-1,16
1787,15
1906,16
8494,17
-1,15
8483,16
-1,14
-1,14
-1,14
-1,16
-1,15
8282,16
-1,17
4740,17
1063,15
6950,15
-1,15
-1,15
-1,14
-1,16
8695,15
6029,16
1279,15
-1,16
9910,18
7461,17
-1,16
7631,15
2802,15
5912,15
9673,16
3216,15
4107,14
852,16
-1,17
-1,16
9346,17
9743,15
-1,15
1129,17
-1,14
-1,16
4430,15
535,17
5524,15
9849,15
-1,15
-1,15
8701,15
-1,15
-1,16
2813,16
3187,16
7521,15
136,14
2,16
7236,15
1971,17
-1,15
9559,15
-1,15
8845,16
1794,16
4195,15
8820,15
3411,16
-1,15
7278,15
5546,16
2622,17
7056,15
-1,16
-1,14
8110,15
-1,15
-1,15
5617,16
6217,17
-1,14
-1,15
-1,15
-1,15
-1,15
5963,16
6512,15
-1,16
9425,16
-1,15
-1,16
8289,16
-1,15
-1,15
528,17
2393,15
-1,17
254,15
-1,16
-1,17
8733,15
8972,17
-1,14
1439,15
5502,14
571,16
8099,15
7432,17
-1,16
3186,15
6476,17
3289,17
1113,15
296,15
6158,15
9799,14
-1,14
-1,15
1238,16
9062,15
2175,15
7581,15
-1,14
4063,16
5041,15
-1,15
6380,17
7318,15
6679,15
7873,15
-1,16
-1,14
-1,15
586,17
-1,16
-1,16
-1,15
2676,15
7248,16
6602,16
-1,15
-1,14
-1,15
-1,16
-1,16
2395,16
-1,15
-1,14
-1,15
1756,15
7226,17
-1,18
9965,15
-1,16
-1,15
-1,16
-1,14
-1,15
5029,15
8874,16
5400,15
-1,16
-1,17
-1,15
4187,16
9775,17
-1,16
8224,15
-1,16
-1,15
-1,17
7029,17
-1,14
-1,16
2766,16
-1,16
6905,15
-1,16
-1,15
-1,16
-1,18
-1,14
-1,16
5713,15
1344,16
9643,16
4828,15
4477,15
4724,15
-1,15
8215,15
1117,16
-1,14
898,15
7872,15
-1,15
6999,15
-1,16
-1,16
-1,15
2503,15
4817,18
-1,15
-1,16
-1,14
-1,14
-1,15
1043,15
-1,16
-1,15
7821,17
-1,16
-1,16
-1,17
7677,16
-1,16
7290,17
2570,16
4557,18
5238,16
3894,18
-1,13
-1,15
9104,16
-1,15
-1,16
-1,17
8851,15
-1,15
-1,14
259,15
4884,15
-1,14
-1,15
6429,17
5366,17
-1,15
8578,16
-1,17
7376,15
-1,15
8516,15
5815,15
-1,15
-1,14
-1,14
2034,15
7441,15
5489,17
-1,17
-1,16
-1,15
-1,15
-1,16
-1,15
332,16
2134,14
-1,15
-1,16
-1,15
-1,17
-1,14
4354,17
2809,17
-1,14
-1,16
-1,16
-1,15
-1,16
6323,16
-1,14
-1,14
-1,16
7903,16
-1,14
5706,17
9404,15
-1,17
-1,17
740,17
4869,14
-1,16
8353,15
2102,16
6736,15
-1,17
8998,16
-1,15
-1,15
-1,15
680,15
9926,16
-1,15
8297,18
2672,15
3371,15
-1,15
-1,15
6259,16
3822,17
9939,15
5055,15
9880,16
5413,15
-1,16
-1,15
7604,16
6863,15
-1,16
-1,14
-1,15
1055,15
-1,14
-1,14
-1,15
-1,16
7001,16
-1,16
6714,16
-1,16
3070,15
7821,15
732,17
2633,15
-1,15
-1,17
5421,15
-1,15
-1,15
4513,18
-1,15
9552,17
-1,16
-1,15
9089,15
3642,15
1337,14
8706,17
-1,14
2462,15
-1,15
2286,18
-1,15
-1,16
-1,18
-1,15
-1,16
2337,16
-1,17
1227,14
8848,16
1186,16
-1,15
-1,16
-1,14
-1,16
-1,16
-1,16
-1,15
3943,15
-1,15
809,16
987,16
6648,15
6365,16
-1,16
-1,15
-1,15
-1,14
2704,18
-1,16
8807,17
1563,15
-1,15
-1,16
5362,16
1983,16
5445,17
-1,18
2419,16
-1,15
9528,17
1915,17
-1,15
-1,15
4799,15
-1,18
9203,16
-1,16
7064,16
-1,16
-1,15
8509,15
-1,15
5841,16
5744,16
488,16
-1,15
9742,15
-1,16
-1,15
-1,17
-1,16
-1,17
-1,16
2823,16
-1,15
-1,15
1821,16
7786,16
-1,15
1507,16
2723,15
4849,16
6314,14
-1,15
8180,17
7232,16
1331,16
-1,16
-1,16
8606,16
3472,16
-1,15
-1,15
-1,15
-1,15
-1,16
759,16
-1,15
3487,17
2370,16
-1,16
9212,15
6264,16
9133,14
8213,15
-1,14
5258,17
3388,16
3510,17
-1,15
-1,16
-1,18
-1,15
-1,17
-1,15
8155,16
-1,16
-1,16
-1,15
9660,17
2016,16
5532,14
-1,15
-1,17
7496,15
6728,18
-1,14
2802,16
-1,17
-1,15
-1,15
5432,16
1833,15
2944,16
4332,15
2945,17
4171,17
-1,16
-1,15
-1,16
6271,16
9720,17
-1,15
-1,15
-1,14
1660,15
-1,16
1931,17
-1,15
-1,15
-1,15
2078,16
8501,15
4246,15
-1,15
5077,16
-1,17
-1,15
4695,15
-1,16
734,16
5871,15
680,17
9021,17
-1,16
-1,16
-1,15
3380,16
-1,14
3704,17
-1,15
519,16
9921,15
-1,15
-1,14
-1,16
8871,16
535,16
3837,17
-1,15
5908,15
-1,15
711,18
-1,15
1775,15
-1,14
7171,15
6238,15
2617,16
3777,16
-1,14
-1,15
-1,14
-1,15
9589,16
1659,16
2394,16
7297,16
-1,15
6346,16
-1,16
-1,14
-1,15
-1,15
-1,15
9879,15
4058,15
8438,15
7172,15
2648,17
6158,16
6867,15
-1,16
-1,15
8347,16
-1,14
8311,16
-1,16
7593,16
6219,14
5982,15
-1,15
-1,15
5385,15
2491,16
-1,17
-1,15
8651,16
5307,16
7153,15
6703,17
-1,15
-1,15
-1,16
-1,16
-1,15
7425,16
6939,15
-1,14
-1,16
4208,17
-1,14
1051,17
6057,14
668,15
-1,14
-1,16
-1,16
6500,17
9794,16
-1,14
9540,15
9467,15
-1,16
764,16
-1,15
5614,15
3861,16
478,16
7349,15
9469,17
-1,15
-1,15
-1,15
-1,15
5631,16
-1,15
9064,16
7481,16
-1,14
5878,16
4587,16
7048,16
-1,14
3618,15
-1,14
-1,15
5144,15
8605,15
-1,15
8836,15
350,16
375,15
9067,15
5921,14
-1,14
-1,15
4073,16
4253,15
8056,17
-1,15
3404,16
-1,15
8501,16
-1,15
5524,13
-1,16
8498,15
-1,15
4651,16
-1,16
-1,15
-1,15
-1,15
1109,16
-1,15
2687,15
-1,16
-1,15
8197,15
-1,15
-1,16
4429,16
-1,15
-1,14
3778,16
-1,14
3568,16
-1,15
6326,17
5365,15
-1,15
8676,16
-1,17
1523,16
-1,15
-1,16
-1,16
998,17
-1,15
-1,15
7682,16
-1,14
5594,17
4263,17
-1,16
-1,17
-1,15
-1,16
-1,14
7833,17
9527,15
-1,15
3691,16
-1,15
6068,15
3255,16
9582,17
-1,16
8997,18
-1,14
5327,16
-1,17
-1,15
-1,15
-1,16
-1,15
-1,14
1046,15
1070,16
3855,17
859,16
-1,15
5670,16
5957,17
2551,14
5836,16
-1,16
6762,17
-1,16
1666,16
-1,15
-1,16
-1,16
-1,14
-1,15
-1,15
-1,16
51,15
-1,16
-1,16
8227,17
-1,15
7382,16
6386,17
6900,16
1647,16
-1,15
4519,16
5814,15
5598,16
-1,15
-1,16
4542,16
9702,16
-1,15
-1,16
7752,15
-1,16
6426,15
6133,16
5233,16
-1,15
-1,15
3803,16
9955,15
9477,16
-1,14
-1,15
-1,16
8135,16
-1,15
7507,15
-1,17
-1,16
3911,17
-1,16
-1,15
1367,18
746,17
-1,17
-1,15
-1,15
1213,16
4786,16
101,16
6932,16
-1,14
-1,17
2594,14
7716,14
-1,15
-1,14
2685,15
-1,15
3876,16
4576,16
8810,16
-1,15
-1,16
-1,15
4087,15
5805,15
7934,15
-1,14
7968,17
-1,15
-1,15
8348,14
1378,15
-1,15
-1,16
5949,14
-1,15
-1,15
9836,16
6166,15
-1,16
-1,15
-1,14
88,16
7214,17
-1,16
1333,14
-1,16
524,15
-1,15
-1,15
8720,16
9987,16
681,16
-1,14
465,16
-1,15
-1,16
-1,15
6700,16
-1,15
9185,16
-1,15
3409,15
-1,16
3451,17
4399,15
-1,15
6364,16
-1,16
-1,15
7787,15
8220,16
1950,15
-1,17
5250,16
4205,17
2204,15
-1,16
9641,15
-1,15
7406,15
-1,15
8075,16
7480,17
3462,14
2367,15
1291,16
-1,16
-1,15
2624,16
5119,15
-1,15
2290,15
-1,15
-1,15
5923,15
-1,16
-1,16
-1,15
1660,15
9075,15
3073,15
1085,16
-1,16
-1,14
-1,16
-1,16
-1,14
1658,15
9275,15
-1,15
-1,16
5465,15
-1,16
-1,16
9521,14
-1,15
-1,15
-1,15
-1,16
-1,15
-1,16
-1,15
-1,14
6377,15
9714,14
9364,16
-1,15
319,15
8314,14
183,15
-1,17
-1,15
5919,19
-1,16
-1,16
8963,15
-1,15
-1,17
-1,15
1258,17
-1,16
-1,15
2101,16
3841,16
8973,15
7596,15
-1,15
-1,15
6961,16
2048,18
-1,16
1867,16
4451,16
-1,15
3066,16
-1,15
-1,15
-1,17
-1,15
-1,15
4197,16
9598,18
-1,15
2482,17
-1,15
-1,15
8252,16
5534,16
6436,16
7887,16
4165,15
-1,15
8214,17
-1,14
5169,17
1910,16
8199,17
-1,16
6992,15
-1,15
7767,17
183,16
3309,15
-1,15
-1,14
-1,15
3187,16
-1,15
-1,14
-1,15
-1,14
-1,15
-1,14
-1,16
3720,14
-1,15
-1,14
5438,15
-1,15
48,14
2715,17
5780,15
-1,15
7462,16
3731,16
-1,15
-1,15
-1,15
-1,15
-1,16
-1,16
-1,15
-1,15
1750,15
4534,15
5524,17
8303,15
3949,15
4757,16
2922,14
1764,16
577,14
2517,18
-1,14
8406,15
6408,15
399,15
-1,16
6233,18
-1,16
-1,15
-1,14
-1,15
-1,15
7586,15
5509,16
5049,16
1370,16
6043,15
9116,15
-1,15
1846,15
4680,17
-1,15
-1,15
-1,15
-1,15
-1,14
-1,15
-1,15
5366,16
9470,16
-1,16
-1,14
-1,15
9040,16
-1,16
-1,15
3228,16
-1,16
3819,15
1710,15
384,16
-1,17
7845,15
5234,15
2294,16
-1,14
3689,15
8540,16
5815,16
-1,16
8192,17
482,16
8478,15
-1,15
-1,16
-1,14
2577,16
-1,15
9437,15
2725,16
4768,15
6019,16
-1,15
1916,15
2596,15
-1,16
9161,15
1551,14
8717,17
6992,17
2739,16
-1,16
-1,15
3059,15
8291,16
3206,14
-1,16
-1,15
-1,14
-1,14
-1,14
-1,15
-1,16
1408,16
-1,15
8224,16
7263,16
-1,15
-1,15
805,16
-1,14
7404,16
-1,16
-1,16
-1,15
4672,16
3294,15
5601,15
5259,15
-1,16
9737,15
5619,15
-1,15
-1,16
5878,16
161,18
3415,15
3265,16
-1,14
9814,15
9331,17
4106,16
7057,15
8150,16
-1,16
5092,15
-1,15
-1,15
-1,15
7793,16
-1,15
8628,15
8392,16
8123,15
7457,16
-1,15
4343,17
-1,15
5027,17
-1,16
-1,15
-1,18
4917,16
-1,15
732,17
-1,14
-1,14
-1,14
6090,15
5638,17
9499,15
-1,16
-1,16
-1,15
3524,15
5243,15
5501,17
2502,16
4455,15
-1,15
7210,15
-1,14
4760,16
-1,15
7298,15
9518,17
-1,16
-1,15
703,15
1821,16
9711,18
7480,15
-1,15
-1,16
-1,14
5068,18
5374,17
-1,14
5698,15
4924,15
-1,16
7508,16
7637,16
-1,15
5618,16
4100,16
-1,15
9720,17
-1,15
-1,15
1066,17
9579,15
-1,15
6297,16
-1,15
-1,15
6190,16
-1,17
-1,15
772,16
-1,16
4128,15
6922,16
1639,17
-1,16
2664,15
104,15
-1,16
2851,17
-1,14
8636,15
219,17
-1,14
5755,16
-1,15
-1,14
6230,15
7712,15
3366,17
961,16
3569,15
-1,16
-1,16
-1,14
8576,19
9752,15
-1,15
-1,16
-1,14
-1,16
-1,15
8818,16
9555,16
-1,15
-1,15
8014,16
-1,16
-1,14
3167,15
9703,15
7334,15
-1,15
8292,17
875,17
-1,15
4826,16
-1,15
5757,16
-1,16
3472,17
-1,14
7744,16
-1,16
1919,16
5592,15
-1,17
-1,15
-1,16
-1,16
7083,18
7211,15
-1,15
-1,14
7558,15
2579,15
7386,15
468,15
-1,16
196,15
7493,16
7764,16
-1,15
6906,16
-1,16
4947,15
6734,15
-1,15
-1,16
-1,16
-1,15
8439,16
4186,17
-1,15
-1,16
537,15
9712,17
-1,15
1341,14
5243,14
-1,15
2912,17
6862,15
3496,16
8715,16
3957,16
-1,16
-1,15
-1,15
2766,15
-1,14
-1,15
-1,14
6641,15
1057,15
9964,16
4519,16
-1,16
3622,15
-1,15
-1,16
-1,16
9742,17
712,15
-1,15
4705,15
-1,16
-1,15
7901,14
-1,16
-1,15
9450,15
-1,14
8750,15
-1,15
7549,15
1283,15
384,15
-1,15
9366,16
-1,15
8422,16
649,16
-1,16
-1,14
8477,16
-1,15
-1,15
-1,15
-1,16
2361,16
-1,15
-1,16
-1,15
-1,16
8331,16
3831,15
1565,18
1314,16
899,16
-1,14
2363,17
517,15
